,GTEX-1A3MX-0826-SM-72D64,GTEX-1A8FM-2126-SM-7PC27,GTEX-1A3MV-0626-SM-731CH
chrX:264801-265400,50,0,206
chrX:326001-326200,0,19,24
chrX:1213601-1216400,0,21,41
chrX:1224925-1225599,27,22,15
chrX:1231002-1234599,32,0,29
chrX:1255401-1256200,19,0,23
chrX:1258602-1259599,65,19,27
chrX:1260001-1260600,3,10,44
chrX:1316437-1316937,60,22,57
chrX:1456802-1457599,17,41,62
chrX:1559402-1562200,0,25,22
chrX:1883601-1884235,122,16,0
chrX:2181802-2183999,74,63,93
chrX:2566401-2566600,656,1043,220
chrX:2572452-2573399,27,148,21
chrX:2577800-2578600,77,26,115
chrX:2592022-2593800,561,460,227
chrX:2604401-2604799,85,88,0
chrX:2658401-2659200,858,392,455
chrX:2659801-2660400,522,187,73
chrX:2662401-2663200,1813,664,743
chrX:2664406-2665754,3522,2650,1864
chrX:2893001-2893200,13,51,79
chrX:2901401-2902600,23,508,63
chrX:3814801-3815222,21,25,65
chrX:9977801-9989599,505,17,0
chrX:12973469-12974181,53,121,85
chrX:13008128-13008434,0,3,49
chrX:13151001-13153200,27,170,68
chrX:13220002-13221799,77,21,0
chrX:13248602-13255400,109,20,0
chrX:13940022-13940404,0,29,4
chrX:13943802-13945400,28,2,5
chrX:13989601-13990000,0,26,12
chrX:15342878-15344000,0,80,5
chrX:15987602-15990800,0,24,26
chrX:16031801-16033800,0,21,26
chrX:16462800-16463201,0,11,12
chrX:17187201-17187800,74,133,50
chrX:17226601-17227400,51,45,0
chrX:17369201-17370200,60,76,14
chrX:17765601-17768000,141,43,23
chrX:17788366-17789400,46,31,0
chrX:17797801-17799000,64,10,23
chrX:18886570-18887031,0,23,15
chrX:20378002-20379199,0,5,25
chrX:21904601-21907999,24,108,0
chrX:21932395-21932963,13,78,12
chrX:21934600-21934801,27,11,0
chrX:22011601-22012400,27,0,48
chrX:23692064-23692426,0,7,24
chrX:23795001-23798600,19,21,0
chrX:23808801-23809000,13,11,12
chrX:24100801-24101200,73,17,0
chrX:24124201-24125599,194,78,0
chrX:24135201-24136200,14,12,0
chrX:24246201-24246698,7,23,13
chrX:30532601-30534200,0,58,13
chrX:30553801-30555999,384,355,50
chrX:30612629-30612975,23,23,30
chrX:38972601-38975800,28,0,47
chrX:39017602-39020800,0,68,99
chrX:40943601-40947999,7,6,0
chrX:41242601-41243200,0,7,12
chrX:41297202-41303599,22,448,94
chrX:41308002-41309799,25,2,23
chrX:41331955-41332244,22,43,0
chrX:41375002-41378400,6,5,5
chrX:43749001-43751200,0,46,126
chrX:44620601-44621438,0,7,8
chrX:47129699-47130032,13,51,14
chrX:47343401-47343600,6,11,0
chrX:47489401-47491400,206,402,95
chrX:47496201-47498889,0,16,26
chrX:47499002-47503600,24,21,75
chrX:47632699-47633041,181,16,274
chrX:47633855-47634586,190,56,371
chrX:47805602-47808399,264,64,560
chrX:48497602-48499199,5,21,0
chrX:48615801-48618600,399,110,275
chrX:48782401-48783600,0,62,55
chrX:48919541-48919921,19,18,42
chrX:48919961-48920656,140,39,158
chrX:49103201-49104000,27,23,154
chrX:49127402-49131799,7,46,0
chrX:50577601-50577800,7,11,50
chrX:50979201-50980000,0,46,19
chrX:53184601-53185201,26,359,41
chrX:53186200-53186401,20,133,7
chrX:53186600-53186801,29,78,14
chrX:53361602-53364200,1691,3370,1211
chrX:53372002-53372329,204,304,290
chrX:53930401-53930826,321,87,99
chrX:53935401-53935600,39,29,30
chrX:54633201-54634400,53,21,0
chrX:56366402-56369400,21,0,64
chrX:56573001-56573400,0,21,7
chrX:56595001-56596200,42,31,151
chrX:56600001-56600600,26,69,70
chrX:57117201-57117801,360,396,143
chrX:57607273-57607645,54,22,39
chrX:57607939-57608332,19,26,23
chrX:57651001-57651999,237,210,73
chrX:57901043-57901305,77,177,48
chrX:57902001-57902200,12,21,39
chrX:57902801-57903000,69,189,39
chrX:57903207-57903597,143,190,66
chrX:57904243-57904728,130,162,60
chrX:64152601-64153599,53,54,21
chrX:64849601-64851999,25,182,78
chrX:65743002-65746799,121,40,1802
chrX:68583601-68584800,0,23,19
chrX:68864601-68869599,53,0,98
chrX:68902601-68903800,27,16,66
chrX:68920201-68921000,45,0,80
chrX:68921401-68922000,26,0,56
chrX:68923001-68923200,0,11,96
chrX:69030601-69033227,93,0,12
chrX:69036601-69037800,68,0,49
chrX:69080601-69084199,0,82,112
chrX:69158401-69159599,29,0,187
chrX:70262801-70263001,0,1,12
chrX:70979320-70979763,22,79,0
chrX:71047601-71049000,57,10,50
chrX:71055559-71055811,540,620,237
chrX:71178601-71179600,1,0,13
chrX:71778251-71778999,217,459,150
chrX:72177001-72177800,1,1,0
chrX:75731961-75732316,1,15,16
chrX:75781401-75782400,26,38,0
chrX:76183401-76184039,242,92,104
chrX:76184801-76185000,104,35,70
chrX:76185201-76185400,111,52,137
chrX:76192401-76192800,131,124,176
chrX:78513601-78518200,82,21,83
chrX:79253001-79255000,0,24,42
chrX:79267002-79272799,0,44,47
chrX:80812146-80812441,23,192,97
chrX:80815801-80816000,0,23,24
chrX:81308001-81309200,0,14,25
chrX:81324201-81324999,0,58,21
chrX:95505601-95506400,27,46,0
chrX:99939401-99940000,21,24,0
chrX:100416402-100419800,0,103,27
chrX:100434401-100436599,0,10,25
chrX:100494201-100495800,0,14,70
chrX:100600601-100600800,13,0,112
chrX:100625401-100626200,0,17,122
chrX:100939201-100939755,31,33,0
chrX:100946401-100947600,36,45,0
chrX:100993802-100996599,114,174,13
chrX:101164801-101165128,0,115,61
chrX:102958001-102958600,39,87,31
chrX:102959001-102960200,361,574,620
chrX:102962201-102962400,92,141,140
chrX:102962601-102963000,360,407,300
chrX:102964001-102964200,240,463,121
chrX:102975401-102979599,52,160,0
chrX:103250601-103251800,0,58,49
chrX:103480801-103481001,29,0,13
chrX:103530801-103531436,64,226,86
chrX:103531601-103531800,13,11,22
chrX:103535401-103537000,99,175,0
chrX:103538639-103538991,0,133,12
chrX:103556890-103557305,41,110,0
chrX:104162801-104163800,19,12,0
chrX:107662201-107663000,8,47,24
chrX:107668801-107670600,0,21,62
chrX:107674577-107675109,0,4,20
chrX:107675848-107676393,38,24,61
chrX:107676773-107677571,0,12,60
chrX:107706401-107707600,12,0,1
chrX:109619202-109622600,90,0,55
chrX:109739816-109740262,0,6,2
chrX:109773429-109776600,28,9,0
chrX:110667402-110668800,49,34,0
chrX:115451801-115452200,0,16,28
chrX:116104401-116106400,791,1018,384
chrX:116727001-116727200,23,41,87
chrX:118693402-118700000,117,110,747
chrX:118704401-118705600,109,0,43
chrX:118705801-118707800,28,0,111
chrX:118724476-118724665,0,20,12
chrX:118802201-118803800,271,24,317
chrX:118804001-118804539,67,0,127
chrX:119457801-119458200,238,235,93
chrX:119745602-119748399,19,4,0
chrX:119769304-119769698,13,38,0
chrX:119773401-119778000,57,14,0
chrX:119879802-119881282,0,20,24
chrX:120418602-120420799,82,0,100
chrX:120517801-120518800,53,22,0
chrX:120578201-120580200,53,24,78
chrX:120734201-120739400,0,23,34
chrX:123802601-123804600,14,6,0
chrX:127695801-127696400,0,34,11
chrX:129597601-129598200,209,93,152
chrX:129599201-129600000,0,1,61
chrX:129717001-129723599,23,80,0
chrX:129797801-129800200,3942,2245,4472
chrX:130111781-130112178,42,29,75
chrX:132146401-132146800,6,0,7
chrX:133298201-133298600,55,39,45
chrX:133419801-133421200,27,0,25
chrX:134524400-134526200,552,842,266
chrX:134527402-134529599,78,43,25
chrX:134860001-134860400,0,101,78
chrX:134860801-134862355,58,201,217
chrX:134932002-134934599,27,11,0
chrX:135008602-135012600,1619,1273,1529
chrX:135019401-135020000,372,687,291
chrX:135023801-135025200,1595,2366,489
chrX:135030201-135030935,83,39,0
chrX:135031201-135031400,42,9,0
chrX:135035001-135035400,448,48,1377
chrX:135036201-135036400,164,77,714
chrX:135041168-135042000,164,65,322
chrX:135392801-135394400,25,0,49
chrX:135406401-135409799,24,10,0
chrX:136258802-136262999,29,319,6
chrX:136584201-136589400,0,23,51
chrX:136823200-136823401,66,41,9
chrX:136825401-136826600,211,106,25
chrX:136828201-136830200,271,207,101
chrX:136835906-136836170,77,10,0
chrX:147894401-147894999,0,22,12
chrX:149472001-149474400,21,0,11
chrX:149551601-149551800,78,104,198
chrX:149552001-149552200,114,34,109
chrX:149555401-149555600,134,188,221
chrX:149572000-149572200,10,10,0
chrX:149927401-149927600,120,151,237
chrX:149928401-149928600,36,45,134
chrX:150236202-150236799,0,2,24
chrX:153511801-153512400,108,22,0
chrX:153626402-153628600,3,3,0
chrX:153988202-153993399,0,23,170
chrX:153994401-153995000,0,13,50
chrX:154000103-154000289,22,0,6
chrX:154336201-154337000,24,86,111
chrX:154382201-154382400,0,17,33
chrX:154382801-154383000,21,15,4
chr13:19785401-19785600,0,1,34
chr13:19790401-19796799,22,29,94
chr13:20349401-20356399,0,42,80
chr13:21295801-21296000,24,30,0
chr13:21355201-21355400,19,25,0
chr13:21668844-21669479,0,23,15
chr13:21901402-21903999,0,43,12
chr13:23722459-23725199,48,12,0
chr13:25236602-25237800,0,53,11
chr13:26410601-26414400,54,23,24
chr13:26422801-26426999,29,64,0
chr13:26515483-26516240,0,142,4
chr13:26518002-26519199,51,217,47
chr13:27042402-27045600,17,0,126
chr13:27052685-27055799,83,23,132
chr13:27451154-27451425,27,13,0
chr13:28296801-28297800,53,16,137
chr13:28500401-28500600,0,10,6
chr13:28501601-28501801,52,5,0
chr13:28572601-28576400,304,179,87
chr13:28578601-28580199,430,17,52
chr13:28651401-28652800,67,23,4
chr13:28734401-28735799,17,27,0
chr13:28740601-28746599,21,0,29
chr13:28754387-28754950,28,34,27
chr13:29654754-29655536,26,164,0
chr13:29676401-29678000,0,12,13
chr13:30141002-30144274,46,54,48
chr13:30172201-30174800,0,91,25
chr13:30186401-30187600,12,21,88
chr13:30191800-30193001,60,152,110
chr13:30311402-30315800,204,462,101
chr13:30331201-30331800,19,22,24
chr13:30333201-30333801,0,3,16
chr13:30408430-30408648,1,1,0
chr13:30447401-30448000,108,246,17
chr13:30453601-30454200,0,169,207
chr13:30776401-30777200,19,0,10
chr13:30778201-30779400,0,43,11
chr13:30783602-30790199,70,50,86
chr13:30816402-30819905,0,48,17
chr13:30831516-30836799,56,24,0
chr13:30870397-30870953,78,0,204
chr13:30876801-30878200,82,0,310
chr13:32790801-32791000,0,34,11
chr13:32791202-32793999,49,191,114
chr13:34019601-34020344,54,0,24
chr13:34264801-34266200,14,23,0
chr13:36413601-36415000,82,81,117
chr13:36420201-36422200,35,18,98
chr13:36837401-36837600,32,15,22
chr13:36838000-36838200,136,14,0
chr13:36839202-36840399,226,231,68
chr13:36840831-36841091,24,31,0
chr13:37106401-37107400,53,35,41
chr13:37108801-37109800,0,6,19
chr13:37175401-37177400,0,12,124
chr13:37225001-37225400,4,0,87
chr13:37225800-37226400,5,0,37
chr13:37621800-37622201,24,23,0
chr13:40069001-40071000,28,18,22
chr13:40670201-40674999,136,402,732
chr13:40706001-40706800,0,3,48
chr13:40714201-40714600,0,46,24
chr13:40786001-40787800,25,38,0
chr13:40928401-40929400,0,35,170
chr13:41085801-41086800,135,140,44
chr13:41266201-41266600,27,53,0
chr13:41472002-41472400,42,0,24
chr13:42752801-42754600,202,112,0
chr13:42755401-42755800,44,28,0
chr13:42818396-42818623,36,0,14
chr13:44292001-44297799,103,0,85
chr13:44306400-44306955,0,42,12
chr13:44719401-44721799,55,10,0
chr13:44726002-44727799,54,0,38
chr13:44746800-44747600,0,12,49
chr13:45295402-45301600,88,18,91
chr13:45318801-45323799,80,129,500
chr13:45931201-45934400,28,19,99
chr13:45936601-45937046,0,22,4
chr13:47250076-47250617,6,33,0
chr13:48050001-48051000,115,45,141
chr13:48109202-48111999,0,34,22
chr13:48141401-48146400,0,22,32
chr13:48214601-48215599,26,0,4
chr13:48278201-48279600,0,17,25
chr13:48291801-48293200,27,157,50
chr13:49299002-49300000,0,19,283
chr13:49635545-49635848,106,61,20
chr13:51301402-51306199,94,0,78
chr13:51314802-51316399,31,0,49
chr13:51330001-51332799,24,0,50
chr13:51892201-51893200,26,0,3
chr13:51905202-51907599,128,98,23
chr13:51911802-51914599,583,85,211
chr13:51920166-51920556,27,0,16
chr13:52343417-52346399,101,145,88
chr13:52347601-52350199,4,0,8
chr13:52352801-52353600,0,21,21
chr13:52355801-52357200,9,23,0
chr13:52371202-52375399,82,25,13
chr13:52452001-52452200,0,29,16
chr13:52480617-52481761,14,0,24
chr13:52853601-52854000,0,7,34
chr13:59341002-59344399,0,5,50
chr13:59356002-59358399,12,0,23
chr13:59458401-59462599,0,70,27
chr13:59632602-59635999,0,10,5
chr13:61182801-61186400,0,21,23
chr13:73018400-73018801,68,231,37
chr13:74035802-74039000,79,92,0
chr13:74072857-74077200,0,46,7
chr13:74086802-74094000,0,21,23
chr13:74095802-74100599,25,21,0
chr13:74112001-74119199,0,21,47
chr13:76851201-76857200,0,91,78
chr13:77459402-77462599,0,9,21
chr13:77890949-77891999,44,38,68
chr13:77892801-77893600,27,23,49
chr13:79593401-79594200,47,18,0
chr13:80166801-80174400,0,57,24
chr13:80202801-80204400,0,41,44
chr13:80234602-80236999,25,40,149
chr13:80246402-80248200,25,0,50
chr13:80275601-80278199,319,320,200
chr13:80329201-80330200,0,22,24
chr13:80385801-80386000,4,21,7
chr13:80441801-80446000,29,25,0
chr13:80571401-80571800,13,209,22
chr13:80696001-80696400,17,0,11
chr13:81058401-81059799,187,1901,57
chr13:90444402-90446399,7,12,26
chr13:93222601-93223800,323,343,1
chr13:94483001-94483400,0,4,7
chr13:94545602-94546999,27,46,0
chr13:94666201-94667800,19,134,0
chr13:95303801-95304000,49,16,0
chr13:95304401-95304799,27,23,90
chr13:96996001-96996600,26,57,32
chr13:97067601-97069200,28,7,26
chr13:97474201-97475200,0,22,62
chr13:97934401-97935399,0,9,13
chr13:102878336-102878981,146,28,0
chr13:102897601-102898399,41,18,34
chr13:106488201-106489200,0,45,13
chr13:106538801-106539400,64,0,34
chr13:106905801-106906999,79,104,25
chr13:106917099-106917795,0,7,17
chr13:106919538-106919803,0,41,9
chr13:109330822-109333200,0,21,74
chr13:109336002-109337599,0,24,49
chr13:109348374-109349999,55,19,101
chr13:109381001-109382600,28,0,13
chr13:109407349-109410000,14,0,21
chr13:109415031-109415363,3,0,2
chr13:109424000-109424401,18233,48865,9292
chr13:109740201-109740400,0,12,12
chr13:109869646-109869911,148,0,97
chr13:109870027-109870333,203,0,407
chr13:110129891-110130122,0,1990,12
chr13:110139841-110140116,110,0,285
chr13:110520403-110521288,33,0,97
chr13:110564602-110565692,81,98,137
chr13:110747801-110748600,34,12,32
chr13:110770601-110772200,0,46,26
chr13:110819201-110820000,0,23,24
chr13:112183002-112184200,27,12,59
chr13:112188201-112189800,259,607,105
chr13:112213202-112214000,68,35,0
chr13:112232401-112232800,29,21,49
chr13:112593201-112593400,0,3,12
chr13:112596001-112596800,0,43,38
chr13:113173201-113175200,442,82,177
chr13:113380200-113381001,0,10,11
chr13:113746011-113746929,0,2,1
chr13:113931001-113931435,166,7,57
chr13:113934602-113937399,174,140,395
chr13:113937602-113939599,605,97,947
chr13:113941621-113942263,47,4,111
chr13:113946801-113948800,2504,524,1270
chr13:114135711-114136001,13,14,32
chr13:114148461-114149015,47,0,62
chr13:114339002-114341399,25,43,23
chr12:690201-691200,10,92,454
chr12:703002-704999,203,158,1758
chr12:712002-714200,0,43,270
chr12:716565-716835,0,21,47
chr12:722202-723000,0,7,127
chr12:723601-731399,1126,1117,4686
chr12:751088-751498,74,26,132
chr12:1939402-1940470,232,417,128
chr12:2944001-2945200,77,299,63
chr12:3049202-3050682,71,0,97
chr12:3055002-3056600,65,29,57
chr12:3061041-3061600,60,46,12
chr12:3065401-3066400,23,0,44
chr12:4483001-4483200,2,0,12
chr12:4483801-4485599,0,21,29
chr12:5050602-5054400,94,0,49
chr12:5276401-5276800,2,1,0
chr12:5407201-5407801,54,11,109
chr12:6134201-6136000,48,43,135
chr12:6149601-6150201,52,218,93
chr12:6171333-6172070,18,0,49
chr12:6182192-6182590,6,22,0
chr12:6249002-6250799,19,0,94
chr12:6271601-6275399,27,5,112
chr12:6292401-6298200,0,35,209
chr12:6345360-6345804,89,0,49
chr12:6345920-6346100,23,0,25
chr12:6414601-6418599,1248,2005,1451
chr12:6476201-6477199,24,22,0
chr12:6734801-6735200,27,56,204
chr12:6735402-6738799,957,797,1076
chr12:7508801-7509000,12,11,0
chr12:7570002-7575400,86,0,195
chr12:8453089-8453568,0,8,24
chr12:8527002-8528199,145,23,448
chr12:8532001-8532400,9,0,87
chr12:8543402-8545400,46,45,95
chr12:8628402-8630800,55,211,126
chr12:9015601-9016400,27,54,91
chr12:9029802-9031999,54,43,57
chr12:9032201-9034000,54,19,62
chr12:9049401-9050400,0,161,26
chr12:9050601-9051800,12,69,68
chr12:9122200-9122401,0,11,12
chr12:9133100-9134366,72,366,164
chr12:9318201-9318400,0,167,21
chr12:9319400-9320600,12,2491,418
chr12:9326802-9328799,49,386,3
chr12:9331113-9331799,0,46,62
chr12:9332601-9335400,54,469,22
chr12:9336001-9336400,27,20,22
chr12:9340348-9346399,0,544,178
chr12:9710402-9712599,39,23,194
chr12:10068022-10068179,84,0,9
chr12:10200201-10201600,0,14,11
chr12:10361797-10361827,0,4,5
chr12:10362806-10363070,0,11,12
chr12:10600801-10601800,768,1502,270
chr12:11592601-11593400,0,40,21
chr12:11594401-11597600,28,204,73
chr12:11598201-11599200,0,39,55
chr12:11617601-11618600,41,22,0
chr12:11646601-11646800,0,23,43
chr12:12270801-12271000,13,14,16
chr12:12272802-12273972,62,17,42
chr12:12703402-12707400,0,67,164
chr12:12844802-12847000,0,23,50
chr12:12868801-12869000,3,0,53
chr12:12872942-12873231,0,21,41
chr12:12874585-12874965,13,4,56
chr12:12876802-12879199,25,10,0
chr12:12918801-12919400,184,64,547
chr12:12920944-12923200,378,199,896
chr12:13221602-13224599,160,155,1747
chr12:14271601-14280799,16,14,0
chr12:14909402-14911400,0,30,6
chr12:15904001-15904400,206,124,149
chr12:16323001-16323600,54,0,36
chr12:16328601-16329601,0,82,87
chr12:16828801-16830200,27,29,0
chr12:19736001-19738000,0,64,22
chr12:19740801-19741400,0,19,24
chr12:19743401-19747200,27,81,0
chr12:19757226-19758467,53,244,0
chr12:24696602-24699399,54,0,22
chr12:25375801-25379200,78,0,22
chr12:26080601-26081799,27,23,74
chr12:26082601-26083000,32,0,4
chr12:26086201-26087600,22,0,64
chr12:26090568-26092199,14,44,0
chr12:26096854-26098024,0,65,49
chr12:26100601-26103000,136,47,23
chr12:26109001-26111600,0,35,72
chr12:26117409-26117554,23,64,5
chr12:26844801-26847000,70,33,0
chr12:26851201-26851600,0,35,19
chr12:26853335-26853729,54,22,25
chr12:26877802-26879799,53,0,13
chr12:26969001-26969400,134,121,19
chr12:27076202-27078051,204,78,215
chr12:27185002-27187799,89,136,123
chr12:27188801-27189200,27,15,12
chr12:27190221-27195600,211,221,79
chr12:27505105-27505999,70,23,0
chr12:29134801-29135000,0,19,26
chr12:29135389-29135651,0,32,18
chr12:29932065-29933000,0,22,24
chr12:31008201-31008801,0,41,5
chr12:31009400-31009601,73,18,0
chr12:31269601-31270200,0,20,43
chr12:31274801-31275600,138,23,98
chr12:32002802-32003999,121,93,49
chr12:32018601-32019000,0,31,12
chr12:32020401-32021800,0,149,91
chr12:32024802-32028800,0,60,98
chr12:32030202-32034799,90,42,22
chr12:32047400-32048400,0,70,29
chr12:32650600-32651800,36,14,130
chr12:39502001-39503401,12,0,25
chr12:41575402-41577999,83,0,98
chr12:41579000-41579600,0,9,20
chr12:42741801-42745599,27,0,24
chr12:45469002-45470800,0,21,23
chr12:45673201-45675399,156,67,43
chr12:45705002-45708200,376,190,0
chr12:45708401-45708800,19,23,37
chr12:45712201-45713999,54,19,23
chr12:46157602-46158400,24,0,38
chr12:46380002-46380600,194,1018,43
chr12:46949801-46950800,26,82,49
chr12:46956001-46957400,0,23,50
chr12:46958401-46958600,7,16,17
chr12:46958802-46960200,9,70,59
chr12:47839401-47839601,17,0,13
chr12:48035001-48035400,2,0,37
chr12:48036402-48038800,72,0,74
chr12:48445402-48449600,269,563,517
chr12:48580201-48582000,9,0,11
chr12:48803201-48804600,137,44,0
chr12:48976286-48976662,0,8,6
chr12:49359601-49359801,4,0,12
chr12:49776154-49778647,0,22,192
chr12:49782801-49786399,211,186,508
chr12:50169802-50171200,27,0,108
chr12:50295401-50298399,155,301,98
chr12:50302800-50305200,0,87,7
chr12:50310001-50310800,27,18,9
chr12:50824602-50825999,32,23,75
chr12:50828201-50829200,148,56,31
chr12:50938401-50938800,104,10,3
chr12:50942401-50943400,49,65,0
chr12:51225001-51226400,122,59,50
chr12:51884711-51885071,152,0,12
chr12:51885964-51886260,79,0,40
chr12:51926116-51926402,130,51,83
chr12:52002001-52003472,160,0,497
chr12:52005765-52006186,91,84,72
chr12:52370202-52373199,26,32,49
chr12:52521493-52521963,0,13,23
chr12:52522361-52523010,16,15,0
chr12:52956016-52957771,62,8,20
chr12:53128601-53130800,31,13,21
chr12:53243602-53244999,27,23,0
chr12:53729601-53730001,4,0,11
chr12:54221402-54223399,85,64,0
chr12:54735801-54737200,0,10,20
chr12:55875001-55876400,27,0,13
chr12:56145801-56148199,149,383,815
chr12:56192887-56193800,0,29,22
chr12:56195402-56200400,89,83,114
chr12:56497801-56499000,27,23,66
chr12:56659052-56659800,3,0,12
chr12:56705202-56711200,10,9,29
chr12:56962202-56962800,54,19,73
chr12:56978202-56978999,27,53,24
chr12:58540392-58541999,25,19,0
chr12:59066001-59068199,0,103,50
chr12:59093902-59094186,20,173,0
chr12:59119601-59119801,0,12,15
chr12:61471801-61472000,224,0,152
chr12:62942001-62943400,27,68,0
chr12:64164001-64164400,27,0,12
chr12:64169602-64173799,52,44,124
chr12:64175276-64176000,128,23,16
chr12:64176802-64179200,25,21,23
chr12:64706002-64707399,27,0,25
chr12:65693801-65697000,108,14,0
chr12:66002801-66004400,1772,833,819
chr12:66057401-66057800,7,0,12
chr12:66258201-66259200,121,0,124
chr12:67353402-67360000,105,30,0
chr12:67419201-67421000,67,10,23
chr12:67425602-67429199,83,158,0
chr12:67429402-67432400,58,82,24
chr12:67432802-67437799,17,45,0
chr12:67676602-67679399,159,89,110
chr12:67680602-67682599,384,353,127
chr12:67685601-67686000,27,10,17
chr12:67694027-67694337,26,42,0
chr12:67704601-67706999,81,117,74
chr12:67883801-67884800,26,36,13
chr12:67890602-67892711,75,44,13
chr12:67919002-67922399,78,31,61
chr12:68997401-69002799,9,0,17
chr12:69290601-69294200,51,71,0
chr12:69403641-69406599,26,22,48
chr12:69417001-69417600,0,85,22
chr12:69464201-69465000,27,0,23
chr12:70360202-70361399,14,0,21
chr12:70363801-70364000,0,11,24
chr12:71731400-71732401,0,21,21
chr12:72672401-72679399,74,0,22
chr12:76002401-76003800,0,23,25
chr12:76310001-76310601,0,16,18
chr12:76313201-76313600,37,86,44
chr12:76340601-76341736,0,34,50
chr12:76632800-76634800,32,88,65
chr12:79514202-79516199,110,0,26
chr12:79521602-79524599,10,0,64
chr12:79554801-79555599,201,65,148
chr12:79565402-79567999,565,114,46
chr12:80083201-80085000,22,68,0
chr12:80776801-80779000,27,0,97
chr12:82146601-82147000,10,23,0
chr12:88381401-88382400,26,292,0
chr12:88383398-88383800,13,16,0
chr12:88388201-88389800,28,41,0
chr12:89346307-89346641,0,56,2
chr12:91098202-91100399,215,167,75
chr12:91370200-91370800,65,0,11
chr12:91977402-91979200,0,21,23
chr12:92242855-92243600,34,0,45
chr12:92502378-92503427,18,46,0
chr12:92597848-92598414,36,19,0
chr12:92600601-92608999,224,25,27
chr12:92968001-92975400,0,67,72
chr12:92977201-92979200,28,128,98
chr12:92995001-92996400,0,23,25
chr12:93292601-93293201,26,19,24
chr12:93297001-93297600,0,28,12
chr12:93521401-93522000,13,0,9
chr12:93536002-93537400,92,46,25
chr12:93587801-93588200,27,0,37
chr12:93594003-93594164,0,8,16
chr12:93612202-93613799,54,68,26
chr12:93615402-93617399,28,18,124
chr12:93619201-93619400,6,8,0
chr12:93623802-93626599,4,4,96
chr12:93637801-93638599,12,12,0
chr12:93656601-93657800,44,0,11
chr12:94010002-94014400,23,40,0
chr12:94030202-94034199,28,18,45
chr12:94046802-94048999,54,73,0
chr12:94073402-94076000,74,23,0
chr12:94099697-94099998,8,0,4
chr12:94534202-94536399,0,16,25
chr12:94544201-94545800,28,0,26
chr12:94551201-94551800,67,64,156
chr12:94552202-94553799,493,211,49
chr12:94557601-94558200,81,52,0
chr12:94566401-94566600,18,0,2
chr12:94703802-94707399,77,43,65
chr12:94731801-94732800,26,0,19
chr12:94776602-94780002,0,20,22
chr12:96175202-96178800,25,54,0
chr12:96272001-96272400,27,80,114
chr12:96274201-96274800,44,64,37
chr12:96275001-96275400,26,24,28
chr12:98552801-98553000,13,16,0
chr12:100146601-100147400,131,106,32
chr12:100151001-100151801,2,23,40
chr12:100154525-100155279,26,33,0
chr12:101853602-101862771,49,41,30
chr12:104108602-104109600,1149,1097,374
chr12:104180802-104183641,0,8,23
chr12:104351401-104352528,54,51,883
chr12:104353180-104359553,227,19,1747
chr12:104361600-104362200,37,51,86
chr12:104376762-104377599,31,0,55
chr12:104381402-104382800,34,119,310
chr12:104407802-104409999,74,3,249
chr12:104411602-104415599,78,48,518
chr12:104420801-104421001,0,3,88
chr12:104426800-104427401,0,21,75
chr12:104768002-104769799,19,90,0
chr12:105462400-105463600,17,0,25
chr12:105477802-105481399,51,71,5
chr12:105507001-105507800,8,23,0
chr12:105575401-105576000,22,57,0
chr12:105658002-105660399,25,62,0
chr12:105670802-105673599,24,0,4
chr12:105764600-105765000,13,0,72
chr12:105769601-105770000,54,23,0
chr12:105818402-105823199,51,0,23
chr12:105982001-105984401,158,21,98
chr12:106193401-106194000,0,15,14
chr12:106221601-106222799,0,7,25
chr12:106226402-106231599,0,47,25
chr12:106989601-106989999,32,0,58
chr12:108608402-108611199,0,8,119
chr12:108644038-108644135,0,9,4
chr12:108760001-108760200,33,0,9
chr12:108772001-108775799,27,0,74
chr12:109273201-109273799,0,17,647
chr12:109539201-109540200,82,28,0
chr12:109541400-109541601,8,44,0
chr12:109541801-109542401,10,69,0
chr12:109544402-109546400,331,164,0
chr12:109777201-109778000,14,21,197
chr12:109836402-109842599,243,311,0
chr12:110277801-110278400,54,46,0
chr12:110279980-110280076,0,14,15
chr12:110370401-110372400,92,73,55
chr12:111924601-111926000,162,185,0
chr12:113792001-113792200,3,0,44
chr12:113795401-113795800,136,71,21
chr12:113808200-113808601,163,138,50
chr12:115012601-115014799,27,20,46
chr12:115313801-115314800,394,396,82
chr12:115322200-115322801,81,129,50
chr12:115335201-115335400,24,14,17
chr12:115708802-115710581,12,24,0
chr12:115952400-115953801,0,23,144
chr12:116330801-116340600,52,14,32
chr12:116400001-116402799,149,29,0
chr12:116537388-116537654,19,15,73
chr12:116542401-116544000,171,0,307
chr12:116544201-116545136,317,58,258
chr12:116545601-116546401,72,31,94
chr12:116592133-116592492,13,10,64
chr12:116655601-116656000,17,11,49
chr12:117032202-117034800,356,1212,115
chr12:117036001-117036400,31,33,0
chr12:118422361-118423208,161,64,208
chr12:120375801-120377800,0,12,22
chr12:120381591-120382999,27,0,9
chr12:120673801-120674800,1,16,0
chr12:120676602-120681400,68,124,23
chr12:121201802-121203599,16,10,23
chr12:121598601-121599400,121,156,0
chr12:121600801-121601600,27,117,0
chr12:121697051-121697600,0,12,25
chr12:122006618-122006917,17,34,49
chr12:122452002-122455188,11,9,0
chr12:122676402-122683999,162,196,74
chr12:122721204-122721342,0,10,12
chr12:122737801-122739400,14,9,0
chr12:122864601-122864800,53,15,88
chr12:122909002-122910999,160,42,36
chr12:123548802-123556199,13,22,0
chr12:124586201-124587200,0,12,24
chr12:124616001-124618599,27,0,51
chr12:124632509-124633076,20,0,21
chr12:124660002-124661799,25,24,180
chr12:124663155-124666007,142,117,323
chr12:124667623-124670199,23,0,93
chr12:124685036-124685175,0,19,12
chr12:124706401-124709200,79,46,124
chr12:124709402-124710599,0,1,37
chr12:124713010-124714056,0,114,17
chr12:124719053-124723399,0,251,49
chr12:124890401-124891400,133,103,36
chr12:124904571-124905113,0,23,24
chr12:124908001-124908400,0,128,36
chr12:124909518-124909895,49,254,152
chr12:124932001-124933600,233,41,47
chr12:124938656-124938789,46,34,10
chr12:124939533-124940121,99,81,85
chr12:124940690-124940909,32,36,17
chr12:127083434-127083569,37,0,9
chr12:128742402-128745799,0,20,22
chr12:128766801-128768000,0,21,25
chr12:128787602-128790799,28,43,42
chr12:128843570-128843862,226,67,227
chr12:128852219-128852573,54,23,149
chr12:131147801-131148400,43,33,20
chr12:131803401-131805000,25,51,49
chr12:131822001-131822400,21,48,5
chr12:132444948-132446365,27,19,0
chr12:132476022-132477210,27,117,158
chr12:132481703-132482224,0,85,35
chr11:269336-269813,167,44,3
chr11:274401-275600,74,47,102
chr11:276601-276800,0,11,85
chr11:316246-316608,433,999,164
chr11:316965-317318,964,917,1258
chr11:531001-531400,27,74,22
chr11:575158-575435,87,156,31
chr11:575455-575561,90,55,47
chr11:629100-629570,237,101,148
chr11:816033-816324,57,18,98
chr11:1039914-1042799,56,74,298
chr11:1056601-1057000,15,31,132
chr11:1060201-1061800,19,0,76
chr11:1264575-1264710,16,0,9
chr11:1271200-1271600,67,46,71
chr11:1322402-1325200,0,21,45
chr11:1502002-1511400,83,114,77
chr11:1512501-1519599,139,270,69
chr11:1519604-1522399,0,46,77
chr11:1522801-1526401,51,115,17
chr11:1527801-1529599,0,19,23
chr11:1534601-1538199,89,54,130
chr11:1941802-1944600,4,0,22
chr11:2004001-2004788,26,0,24
chr11:2014001-2014800,428,69,248
chr11:2120401-2123000,4,0,17
chr11:2285802-2287600,205,139,79
chr11:2289402-2290800,0,51,50
chr11:2325759-2327600,193,210,190
chr11:2880401-2881200,14,15,24
chr11:2930278-2930477,45,11,3
chr11:3169181-3169486,52,28,25
chr11:3582601-3585200,27,63,0
chr11:4672202-4673000,0,108,63
chr11:6384778-6386163,12,56,45
chr11:6427801-6428200,13,0,24
chr11:6443202-6443884,130,154,141
chr11:6669602-6678199,536,1100,734
chr11:6678397-6678710,45,103,36
chr11:6679401-6679600,13,71,36
chr11:6687401-6687999,6,115,25
chr11:6692996-6696999,49,73,72
chr11:6702598-6704400,128,717,177
chr11:6705801-6707000,132,391,39
chr11:6707401-6709600,211,653,72
chr11:7686801-7688401,28,21,26
chr11:8194201-8198600,78,0,21
chr11:8320001-8320600,23,0,37
chr11:8598201-8599000,0,23,24
chr11:8610601-8611200,13,0,12
chr11:9533001-9535814,0,17,18
chr11:9550002-9553025,118,41,44
chr11:9618010-9618275,12,0,20
chr11:9619801-9620000,6,23,1
chr11:9620201-9620400,41,0,10
chr11:9637801-9650200,0,18,20
chr11:10295353-10295592,44,0,177
chr11:10297783-10299000,864,233,769
chr11:10299201-10299600,151,0,93
chr11:10301735-10302070,179,33,130
chr11:10911002-10915200,209,851,544
chr11:10916704-10921200,24,130,51
chr11:11244235-11244384,13,0,9
chr11:12547401-12548600,40,10,137
chr11:12552640-12553400,0,46,144
chr11:12555801-12558199,47,128,133
chr11:13013282-13013480,0,26,4
chr11:14368801-14369999,42,0,188
chr11:14373602-14375600,28,45,170
chr11:14376802-14377799,0,66,127
chr11:14394001-14395000,19,0,4
chr11:14407202-14418399,19,85,220
chr11:14437601-14437800,13,33,45
chr11:14438801-14440000,136,38,37
chr11:14894001-14899800,682,1308,1104
chr11:18229001-18229400,0,67,36
chr11:18368002-18370000,99,67,75
chr11:18527602-18528017,68,53,0
chr11:18657601-18657800,9,25,11
chr11:18671401-18673800,12,10,15
chr11:19349202-19350200,53,57,190
chr11:23205802-23206800,0,22,24
chr11:26991602-26993000,0,64,11
chr11:27293801-27295199,57,121,62
chr11:27328401-27329801,39,29,82
chr11:27894201-27895200,53,22,0
chr11:28529038-28530036,103,204,98
chr11:28627401-28629200,0,38,23
chr11:30341801-30344999,34,63,309
chr11:30363801-30365400,54,121,239
chr11:30365801-30366000,13,29,24
chr11:32108669-32110141,49,20,72
chr11:32468401-32470000,136,138,0
chr11:32511923-32512409,26,42,0
chr11:33226802-33229200,25,10,51
chr11:35047935-35048133,0,18,24
chr11:35051372-35051674,13,23,47
chr11:35056302-35060600,46,308,98
chr11:35061648-35069600,0,472,169
chr11:35421837-35422227,222,52,51
chr11:35425602-35426400,148,15,0
chr11:35427200-35427401,29,1,0
chr11:35553602-35555799,27,23,0
chr11:35608202-35609399,2,43,0
chr11:35872601-35873000,27,23,0
chr11:36247401-36250399,58,22,73
chr11:36251201-36252000,27,12,0
chr11:36252757-36254199,23,21,26
chr11:36256802-36259210,21,66,0
chr11:36466601-36467600,119,57,146
chr11:36467801-36468400,81,13,26
chr11:36469200-36469401,25,47,39
chr11:36469800-36471200,39,57,119
chr11:36478601-36478801,61,14,21
chr11:44625905-44626056,26,11,0
chr11:44631801-44639400,298,208,24
chr11:46597147-46598199,107,109,48
chr11:46600001-46600200,19,33,0
chr11:46600291-46601000,49,49,0
chr11:46601181-46601600,21,101,17
chr11:47186973-47187333,5,23,48
chr11:47454105-47454862,0,19,14
chr11:47599201-47600200,48,22,178
chr11:47606200-47606600,92,0,96
chr11:47606665-47608799,635,74,1027
chr11:47611001-47613000,349,33,249
chr11:47884802-47891800,12,10,0
chr11:57155001-57157799,9,21,0
chr11:57202201-57208199,21,146,0
chr11:57240202-57243599,36,5,0
chr11:57283002-57284800,0,2,144
chr11:57292402-57296638,83,0,855
chr11:57429602-57436799,51,186,248
chr11:57437601-57438599,0,50,37
chr11:57440796-57442600,35,0,23
chr11:57444002-57446600,0,23,98
chr11:57536602-57537799,115,111,25
chr11:57629401-57629600,86,76,374
chr11:58494601-58495000,13,68,0
chr11:58629202-58630238,231,0,100
chr11:58769402-58778200,0,67,72
chr11:59697802-59699399,0,29,49
chr11:60157401-60158000,0,6,24
chr11:60165402-60167800,235,47,169
chr11:60878201-60879400,21,38,31
chr11:61030801-61031000,0,18,42
chr11:61033401-61033800,0,23,24
chr11:61042104-61042635,0,22,12
chr11:61608402-61611599,28,0,15
chr11:61971288-61972279,26,51,0
chr11:61972518-61973043,0,42,25
chr11:61975134-61975528,6,23,0
chr11:61980581-61983800,34,24,0
chr11:61985401-61986480,0,51,24
chr11:61999001-61999600,80,43,0
chr11:62003202-62007400,0,12,27
chr11:62674399-62674733,60,49,25
chr11:63518202-63519199,126,260,173
chr11:63520834-63520936,13,71,0
chr11:63521801-63522200,27,161,63
chr11:63567048-63567643,1164,1573,4947
chr11:63832201-63833200,23,0,24
chr11:63960602-63962999,260,102,181
chr11:64169801-64170000,89,77,12
chr11:64176801-64177000,24,88,12
chr11:64177801-64178800,99,163,49
chr11:65384513-65384674,0,8,49
chr11:65385279-65385395,6,9,0
chr11:65453269-65453530,15,11,370
chr11:65467403-65467701,182,60,44
chr11:65471446-65471639,27,23,52
chr11:65472081-65472399,129,0,32
chr11:65477165-65477832,27,112,46
chr11:65492459-65493380,9,37,92
chr11:65493758-65494156,0,17,3
chr11:65494516-65494858,26,0,57
chr11:65496213-65497133,49,30,0
chr11:65518001-65518800,9,10,0
chr11:65523386-65523621,0,20,52
chr11:65566019-65566345,36,186,12
chr11:65652326-65652873,0,50,145
chr11:65743405-65744903,219,38,46
chr11:65802401-65804000,0,24,2
chr11:65814229-65814497,69,31,0
chr11:65814585-65815041,54,86,0
chr11:65889321-65889791,0,43,30
chr11:65911737-65912176,12,0,47
chr11:65912952-65913329,13,0,14
chr11:65985401-65987400,96,112,75
chr11:65988721-65990400,26,0,30
chr11:66253401-66253601,0,13,23
chr11:66298401-66298600,50,0,85
chr11:66298801-66299799,24,0,195
chr11:66308801-66309999,14,14,653
chr11:66606802-66610999,351,364,565
chr11:66611601-66613600,121,323,210
chr11:66743291-66743727,106,74,92
chr11:66961201-66965799,24,14,37
chr11:66966001-66973400,0,56,24
chr11:67102602-67104400,0,35,8
chr11:67110801-67111801,21,18,44
chr11:67591201-67593999,14,0,64
chr11:68945750-68947200,82,44,233
chr11:68962202-68964200,0,33,49
chr11:68966401-68967000,52,6,0
chr11:68971016-68971223,9,0,19
chr11:69034601-69036400,70,30,8
chr11:69037201-69042399,120,221,128
chr11:69969802-69971199,12,23,0
chr11:69981201-69984000,24,0,22
chr11:70208201-70208600,65,71,94
chr11:70209801-70210862,268,61,156
chr11:70260002-70263199,11,0,26
chr11:70267800-70268200,12,0,52
chr11:71543001-71545200,0,113,50
chr11:71546092-71546444,1,64,50
chr11:72553739-72554200,39,40,487
chr11:72558201-72558400,13,0,105
chr11:72574802-72575200,1628,436,2066
chr11:72575401-72575600,564,67,889
chr11:72680602-72682400,109,0,82
chr11:73244801-73245600,58,0,42
chr11:73398802-73399799,112,22,927
chr11:73633001-73634400,0,2,25
chr11:73866001-73867399,77,46,25
chr11:73868601-73870000,192,36,96
chr11:74671279-74674799,25,21,23
chr11:74682416-74682619,0,2,10
chr11:74979601-74981400,362,21,546
chr11:75020201-75020600,150,143,0
chr11:75029801-75032622,25,21,46
chr11:75035602-75036800,0,23,11
chr11:75432601-75433400,11,0,93
chr11:75433801-75434000,0,11,50
chr11:75574201-75574800,99,85,484
chr11:75575201-75578199,304,0,2703
chr11:75743202-75744426,0,1,50
chr11:76155401-76156000,26,0,50
chr11:76168602-76170600,0,24,26
chr11:76176002-76177000,82,447,205
chr11:76218601-76219200,20,61,50
chr11:76224202-76226000,109,52,23
chr11:76269202-76271599,25,18,23
chr11:76559602-76562199,69,186,140
chr11:76576001-76581000,0,22,24
chr11:76597802-76599800,24,0,26
chr11:76649801-76650400,20,22,69
chr11:76752002-76754199,27,16,25
chr11:76799488-76799602,176,51,417
chr11:76819201-76819400,13,0,81
chr11:76819601-76820999,182,349,516
chr11:78080659-78081282,47,0,49
chr11:79470202-79474799,82,21,0
chr11:82818400-82818800,0,12,78
chr11:85639801-85640400,26,0,20
chr11:85821402-85829199,27,118,25
chr11:85843802-85845600,0,74,11
chr11:85937602-85938800,8,0,214
chr11:85939201-85939400,0,11,15
chr11:85953400-85954400,180,366,4023
chr11:86280001-86280400,69,73,24
chr11:86286802-86288000,729,703,346
chr11:86288602-86290000,72,70,149
chr11:86291601-86292350,92,0,99
chr11:86675802-86679599,47,46,24
chr11:86686802-86689800,107,45,73
chr11:86691802-86697399,109,247,45
chr11:86698401-86700000,105,39,0
chr11:86715601-86715801,19,12,18
chr11:86717602-86722399,239,468,354
chr11:86722486-86722722,37,22,0
chr11:86769201-86769800,0,101,50
chr11:87346274-87346661,26,34,21
chr11:87347801-87348200,113,105,0
chr11:87394601-87395000,10,6,0
chr11:88177802-88180465,0,24,13
chr11:88208602-88209400,24,6,0
chr11:88281401-88282400,0,27,160
chr11:88282601-88284401,128,200,275
chr11:88284600-88285800,109,45,195
chr11:88344001-88346400,124,62,0
chr11:88352002-88358799,24,31,0
chr11:88375201-88376800,0,99,99
chr11:88383402-88385199,0,38,38
chr11:88391801-88393000,49,0,21
chr11:88397602-88399599,0,79,49
chr11:88401402-88406400,80,182,73
chr11:88410011-88411999,42,439,127
chr11:88420055-88420390,0,42,24
chr11:93079601-93083000,0,20,22
chr11:93115202-93118999,0,23,43
chr11:94116600-94116801,8,0,24
chr11:94117601-94118201,114,22,3
chr11:94119201-94119600,14,0,24
chr11:94120002-94121422,187,0,107
chr11:95140201-95140400,10,2,40
chr11:95247402-95250400,90,64,49
chr11:95305401-95309200,0,208,93
chr11:95964401-95964600,12,0,12
chr11:98494801-98496400,28,24,10
chr11:101440802-101447399,117,80,238
chr11:102341201-102342367,14,17,49
chr11:102345783-102346248,46,11,15
chr11:102382002-102387000,205,243,254
chr11:102390202-102391400,0,54,49
chr11:102392201-102392800,0,17,24
chr11:103527602-103533799,55,18,0
chr11:103585802-103590199,78,20,57
chr11:103591201-103592400,104,0,124
chr11:103608402-103610799,17,65,11
chr11:103622401-103628999,117,80,151
chr11:103673401-103674800,272,407,799
chr11:103896601-103899799,22,0,26
chr11:104879601-104881200,19,12,0
chr11:106049801-106050000,19,0,9
chr11:107302000-107302400,54,21,0
chr11:107318395-107318698,104,192,152
chr11:107967201-107968000,319,675,245
chr11:108153889-108154285,147,105,84
chr11:108501200-108501400,0,11,29
chr11:108501601-108501800,14,13,0
chr11:110471001-110475000,57,54,164
chr11:110476002-110482000,107,118,315
chr11:110485202-110487399,23,0,25
chr11:110488202-110495399,25,21,0
chr11:111565001-111565201,108,9,0
chr11:112364201-112365800,947,807,170
chr11:113401600-113402400,0,21,75
chr11:113647001-113648600,171,75,15
chr11:113667979-113668921,0,57,24
chr11:113673002-113676399,90,36,0
chr11:113685402-113686599,44,0,25
chr11:113721677-113722600,102,0,21
chr11:113725402-113732200,24,82,89
chr11:114052201-114052800,26,0,24
chr11:114565801-114567200,107,44,22
chr11:116207201-116208999,25,0,23
chr11:117977435-117977649,35,6,22
chr11:117979664-117980377,0,63,57
chr11:118274002-118278599,0,21,98
chr11:118796201-118797400,2,40,0
chr11:118842601-118842800,0,1,1
chr11:118851968-118852800,0,22,6
chr11:118860001-118860600,2,5,0
chr11:118992401-118992800,109,137,163
chr11:119062602-119064599,146,216,108
chr11:119578401-119581400,26,128,0
chr11:120233801-120234000,27,34,111
chr11:120494601-120496600,0,39,26
chr11:120500002-120502399,0,3,43
chr11:120503202-120506557,0,25,27
chr11:122628759-122629800,18,9,0
chr11:124518801-124519599,0,8,38
chr11:124605001-124606600,19,46,0
chr11:124902001-124902400,79,69,25
chr11:124937340-124939999,23,24,0
chr11:124942401-124944400,231,201,49
chr11:124946401-124947600,27,23,39
chr11:126104517-126104934,0,15,29
chr11:126106752-126106908,14,5,38
chr11:126110283-126110572,34,18,0
chr11:126115187-126115347,13,0,4
chr11:126116056-126116273,39,0,8
chr11:126131601-126141999,389,221,187
chr11:126185201-126185400,13,15,7
chr11:126186001-126187201,85,69,0
chr11:126187801-126188000,18,0,18
chr11:126188157-126189985,0,22,11
chr11:128302425-128303098,0,57,154
chr11:128304817-128305386,0,28,48
chr11:128315402-128320600,0,15,25
chr11:128453447-128453800,0,19,125
chr11:128591802-128594599,24,68,41
chr11:128610988-128611377,33,54,0
chr11:129280027-129280669,145,0,25
chr11:129861750-129862238,570,283,234
chr11:130035601-130036000,0,35,17
chr11:130477595-130477810,23,18,93
chr11:130486602-130489200,176,47,571
chr11:130521201-130524400,108,24,1129
chr11:130527001-130529599,92,87,1015
chr11:130531601-130531800,27,0,176
chr11:130532001-130532400,0,23,336
chr11:130532801-130534200,52,17,1135
chr11:130536201-130536600,27,0,50
chr11:130549329-130552600,204,134,2745
chr11:130552801-130553401,163,77,662
chr11:130554001-130556000,249,259,2610
chr11:130606034-130618000,149,218,216
chr11:130718602-130722199,51,60,47
chr11:130725402-130727599,227,204,83
chr11:130727801-130728799,41,22,24
chr11:130765402-130766999,8,24,0
chr11:130825001-130828599,12,21,0
chr11:130872001-130874740,3020,2000,3364
chr11:134780601-134781400,25,23,0
chr10:130801-131200,14,33,0
chr10:690576-690736,0,47,21
chr10:968401-968600,13,4,0
chr10:3407201-3407400,16,10,22
chr10:3414401-3415200,48,0,52
chr10:3525402-3530799,28,41,0
chr10:3566601-3572000,28,24,0
chr10:3859401-3863799,39,20,252
chr10:3900402-3904799,0,6,36
chr10:3905202-3907923,82,0,26
chr10:3942674-3943371,1,45,0
chr10:3948967-3949202,17,18,0
chr10:3959402-3961999,27,0,17
chr10:3962985-3963768,33,117,0
chr10:3963801-3964000,54,0,10
chr10:3968801-3974000,0,23,25
chr10:4637401-4638599,12,23,0
chr10:4642401-4645400,0,18,19
chr10:4722000-4722401,27,3,0
chr10:4849675-4849981,41,20,22
chr10:4851801-4852800,197,233,174
chr10:4853512-4853546,11,12,0
chr10:4939002-4949000,445,594,722
chr10:4949324-4949719,17,35,24
chr10:4951201-4951400,36,0,25
chr10:4952201-4952600,0,91,5
chr10:4956401-4958199,195,293,327
chr10:5032802-5034000,19,45,37
chr10:5146924-5149000,0,41,13
chr10:5149201-5149400,16,0,9
chr10:5272476-5272588,0,3,1
chr10:5475002-5481799,36,82,44
chr10:5485001-5485400,1162,258,1277
chr10:5486809-5487357,185,0,5
chr10:5530401-5540399,71,152,49
chr10:5996401-5997200,59,31,396
chr10:6001401-6002000,0,81,344
chr10:6005201-6005400,26,37,194
chr10:6005601-6006000,52,51,705
chr10:6119201-6119801,19,19,24
chr10:6120001-6120401,16,9,37
chr10:6120601-6121599,21,24,109
chr10:6123619-6123782,13,7,11
chr10:6133201-6133400,0,11,27
chr10:6133601-6133800,0,13,16
chr10:6137801-6138200,0,11,34
chr10:6141274-6141559,123,80,124
chr10:6141590-6141822,1,28,0
chr10:6256600-6256723,100,60,59
chr10:6260401-6260600,38,36,93
chr10:6265601-6266200,186,72,310
chr10:6267244-6267653,14,0,37
chr10:6363001-6364400,19,0,25
chr10:6365001-6366999,78,39,42
chr10:6381001-6387599,258,261,216
chr10:6387801-6388200,54,45,24
chr10:6396654-6397047,163,88,113
chr10:6398489-6398690,15,90,30
chr10:6400087-6400115,21,14,20
chr10:6401446-6401750,241,36,176
chr10:6406201-6406600,581,440,147
chr10:6407801-6408076,0,11,5
chr10:6418001-6418600,77,0,12
chr10:7547240-7548400,0,21,9
chr10:7551402-7552999,0,21,49
chr10:8084677-8085800,0,23,36
chr10:8136202-8138999,0,127,101
chr10:8369401-8370599,40,107,0
chr10:10745601-10746000,3,50,0
chr10:11339916-11342799,72,17,0
chr10:11667201-11670199,74,54,24
chr10:11695401-11700600,0,87,25
chr10:11707401-11714399,0,74,22
chr10:11796991-11800194,0,43,15
chr10:11810002-11811200,53,23,0
chr10:11897452-11899799,12,17,0
chr10:12123800-12124400,87,238,207
chr10:12317801-12319800,14,24,0
chr10:12321550-12323799,0,6,14
chr10:12342001-12344200,19,20,21
chr10:12839402-12840999,0,12,5
chr10:12843801-12844000,35,11,24
chr10:13146400-13147400,308,219,267
chr10:13276801-13277000,0,20,25
chr10:14501801-14503000,81,0,33
chr10:14505602-14509400,101,0,199
chr10:14778401-14780199,44,21,0
chr10:14872602-14873999,137,97,0
chr10:15184802-15190400,29,76,257
chr10:15775600-15776000,48,46,21
chr10:17132201-17133000,115,95,95
chr10:17134402-17135199,118,82,0
chr10:17212797-17213339,54,41,191
chr10:17734802-17735999,0,5,43
chr10:17802401-17803800,67,46,75
chr10:17918400-17918800,102,64,82
chr10:20332201-20333000,0,12,24
chr10:20334402-20335200,27,1,0
chr10:20595401-20599200,54,0,49
chr10:20629801-20632115,28,42,0
chr10:21488401-21489600,53,111,0
chr10:21746001-21747200,27,153,21
chr10:21749002-21752999,128,103,111
chr10:21753601-21753800,5,30,0
chr10:21754000-21754801,4,0,35
chr10:22245402-22248599,393,677,325
chr10:22249201-22250000,141,142,88
chr10:22251263-22251414,8,33,57
chr10:23362001-23364999,0,22,14
chr10:23430801-23434800,14,103,26
chr10:24551201-24553400,0,46,3
chr10:24569800-24570800,0,22,124
chr10:24811601-24812600,41,144,19
chr10:26571801-26572000,65,39,0
chr10:26573001-26575999,90,283,364
chr10:26951001-26951400,0,69,25
chr10:26951801-26952599,72,157,23
chr10:27547601-27547800,42,17,18
chr10:27614602-27615600,113,106,52
chr10:27620401-27622000,108,0,26
chr10:27624802-27627199,12,21,0
chr10:28398401-28406000,0,11,24
chr10:28504002-28507599,77,109,147
chr10:28518401-28518600,27,66,17
chr10:28520800-28521800,1296,1372,1122
chr10:28655249-28655701,26,22,0
chr10:29770802-29773799,53,0,49
chr10:29782002-29786199,89,83,241
chr10:29826202-29829600,84,20,22
chr10:29946201-29952399,132,207,854
chr10:29993001-29993600,220,121,382
chr10:29997602-29998800,44,45,37
chr10:29999002-30003000,164,42,131
chr10:30124001-30125400,54,59,0
chr10:30182694-30183136,0,7,12
chr10:30394802-30400199,67,0,53
chr10:30411201-30425000,24,42,45
chr10:30431474-30431713,67,85,12
chr10:30743401-30745001,0,2,18
chr10:30790802-30792999,0,23,25
chr10:30803080-30805999,0,271,100
chr10:30806202-30807599,64,123,25
chr10:30810602-30814999,78,281,122
chr10:31157002-31159000,28,24,26
chr10:31599001-31601800,24,64,50
chr10:31728001-31728600,16,20,24
chr10:31758975-31759446,86,172,268
chr10:31759498-31759849,49,64,42
chr10:31759944-31760497,3,74,80
chr10:31929401-31929617,1,17,11
chr10:31999002-32005542,186,179,397
chr10:32886001-32886200,0,19,20
chr10:32891601-32892401,308,173,512
chr10:32893201-32894000,221,321,513
chr10:33085802-33089199,0,88,44
chr10:33134061-33134848,26,78,23
chr10:33339601-33339800,13,11,7
chr10:33346802-33348200,27,23,0
chr10:33376202-33378800,0,23,25
chr10:33381002-33384199,0,48,63
chr10:33857802-33863799,53,694,0
chr10:33876001-33878000,28,137,0
chr10:34078202-34081000,24,46,0
chr10:34991740-34992723,54,22,0
chr10:34993802-34998999,83,63,51
chr10:35004512-35007999,0,69,22
chr10:35663801-35665400,0,114,34
chr10:37860401-37861399,65,118,54
chr10:37865601-37866800,0,45,49
chr10:42757201-42757600,27,57,88
chr10:42758401-42758800,0,18,13
chr10:42779001-42779999,0,115,124
chr10:42781900-42782256,0,85,70
chr10:43550910-43550968,10,5,0
chr10:43690125-43690494,6,75,1
chr10:43697601-43700799,0,2554,31
chr10:43702801-43703400,0,891,20
chr10:43707202-43709199,24,2499,0
chr10:44311092-44311326,25,21,0
chr10:44316001-44317400,27,23,0
chr10:44324601-44326999,0,117,74
chr10:44343001-44343200,51,114,6
chr10:44343801-44344400,27,56,24
chr10:44351802-44353199,27,669,36
chr10:44402401-44403209,27,62,0
chr10:44463402-44465999,27,47,0
chr10:45702401-45705399,219,557,379
chr10:46051602-46056999,0,24,8
chr10:46156402-46158400,0,70,19
chr10:46185801-46186200,27,8,21
chr10:46209402-46210800,0,6,25
chr10:46218801-46219800,0,16,78
chr10:46333001-46334400,1031,1263,503
chr10:46335401-46335800,159,198,57
chr10:46844601-46846400,0,21,73
chr10:47204602-47209399,119,29,354
chr10:47226001-47227000,356,394,568
chr10:47230201-47232000,0,46,23
chr10:47233001-47233400,0,23,24
chr10:47360001-47362401,4,21,23
chr10:47556801-47561000,29,83,89
chr10:47993202-47994799,8,2,91
chr10:48034401-48035799,703,607,438
chr10:48036401-48037600,1014,908,740
chr10:48041593-48042199,253,291,225
chr10:48044801-48045200,49,96,68
chr10:48047201-48047800,131,200,204
chr10:50650401-50651000,26,0,24
chr10:50669402-50673399,21,109,26
chr10:50989000-50989201,31,101,48
chr10:57101601-57103800,70,3,61
chr10:57847413-57847484,6,0,2
chr10:57920401-57921487,50,0,12
chr10:57992400-57993401,3,0,11
chr10:58833601-58834617,0,23,11
chr10:61779402-61780885,0,38,46
chr10:62105001-62111800,60,0,22
chr10:62129801-62132800,0,18,78
chr10:62156201-62160000,230,0,149
chr10:62165801-62168000,0,23,46
chr10:63629275-63629879,11,4,74
chr10:67839802-67840800,94,32,0
chr10:68270801-68272000,81,58,55
chr10:69062330-69062684,0,11,9
chr10:69065629-69066373,0,18,18
chr10:69070838-69071007,24,73,18
chr10:69636402-69637600,27,10,0
chr10:69644417-69648199,296,184,18
chr10:69991601-69991800,24,0,2
chr10:69992129-69992476,80,249,49
chr10:70188001-70195800,389,35,2343
chr10:70196001-70196600,72,0,369
chr10:70197002-70198199,27,23,418
chr10:70569001-70569800,14,0,26
chr10:70573601-70574000,0,7,87
chr10:70578499-70578732,19,12,16
chr10:70582602-70586799,82,0,27
chr10:70587802-70591799,57,85,223
chr10:70623201-70623601,27,24,6
chr10:70655601-70657999,25,43,0
chr10:71889629-71889657,0,9,4
chr10:71889968-71890509,27,23,49
chr10:72025201-72025600,45,14,24
chr10:72025802-72028921,294,90,71
chr10:72029402-72031799,25,21,59
chr10:72055001-72055400,0,11,9
chr10:72092401-72093400,1066,993,538
chr10:72238001-72240200,102,181,404
chr10:72266801-72269999,11,4,0
chr10:72272540-72273186,58,27,75
chr10:72279401-72287799,14,64,68
chr10:72295928-72296315,80,0,12
chr10:72297075-72298441,109,87,47
chr10:72319623-72321399,0,43,49
chr10:72327238-72327557,13,17,35
chr10:73362601-73363200,248,191,377
chr10:73418602-73420017,729,1167,190
chr10:73628401-73628600,60,11,17
chr10:73907940-73908244,0,9,24
chr10:74799002-74801000,0,12,9
chr10:75186002-75188999,53,68,44
chr10:75194401-75196400,0,45,26
chr10:75201601-75205399,352,110,174
chr10:75206001-75206200,0,12,14
chr10:75424401-75425000,26,58,0
chr10:77935401-77936400,0,10,24
chr10:78061401-78064200,74,21,0
chr10:78081201-78081800,24,25,11
chr10:78923402-78928300,96,22,0
chr10:79330547-79334799,0,45,27
chr10:79335002-79337399,12,36,0
chr10:79343264-79343533,95,1,42
chr10:79344863-79345163,54,13,12
chr10:79345436-79345576,14,0,6
chr10:79358201-79358400,4,0,10
chr10:79358601-79360599,171,45,98
chr10:79361801-79362000,40,14,0
chr10:79367600-79367801,20,0,14
chr10:79374138-79376259,26,22,198
chr10:79448545-79450313,31,89,11
chr10:79451402-79452999,54,0,26
chr10:79453602-79455200,114,90,36
chr10:79833001-79834200,395,438,433
chr10:79835402-79836200,89,107,94
chr10:79838401-79838600,49,27,24
chr10:80148001-80148200,348,390,661
chr10:80224801-80227134,24,0,34
chr10:83522500-83523800,0,45,14
chr10:84155002-84159999,8,0,205
chr10:84162602-84165599,0,22,44
chr10:86644002-86645199,0,144,137
chr10:86737801-86738200,81,97,227
chr10:86742401-86743200,79,34,15
chr10:86743601-86745000,0,19,75
chr10:86747316-86748894,47,89,72
chr10:86934401-86934999,18,90,214
chr10:87044037-87044402,76,73,71
chr10:87044801-87045200,97,65,139
chr10:87470001-87470400,10,0,48
chr10:87487001-87487800,37,40,151
chr10:87488601-87489400,48,63,38
chr10:87973401-87976999,25,137,389
chr10:87978601-87979800,27,0,171
chr10:88057601-88073000,247,962,1415
chr10:88075602-88077399,0,63,23
chr10:88079402-88084600,111,150,221
chr10:88086201-88096199,89,228,197
chr10:88096402-88099800,84,25,94
chr10:88131202-88132399,0,45,35
chr10:88149802-88151199,0,83,20
chr10:88170001-88171800,51,13,0
chr10:88174791-88175149,4,29,43
chr10:88187201-88188400,0,23,25
chr10:88190801-88191000,0,22,12
chr10:88192602-88196638,0,49,53
chr10:88227002-88228999,28,176,36
chr10:88235801-88237000,0,58,25
chr10:88238201-88239599,27,66,25
chr10:88260201-88260400,0,5,4
chr10:88266002-88268400,107,128,51
chr10:88271164-88271605,0,30,18
chr10:89029001-89038600,3321,2121,504
chr10:89047373-89048000,68,11,49
chr10:89051401-89052800,27,70,22
chr10:89055201-89055600,13,0,12
chr10:89073601-89074600,21,41,0
chr10:89078609-89081000,42,80,0
chr10:89113402-89118799,86,90,0
chr10:89209401-89209600,24,0,12
chr10:90226401-90228400,0,12,6
chr10:90723002-90726199,114,121,63
chr10:90959601-90961999,0,208,23
chr10:91612402-91614999,0,11,25
chr10:91900602-91903800,91,0,26
chr10:92032402-92033999,145,109,548
chr10:92406401-92409000,0,7,8
chr10:92429402-92433199,54,0,24
chr10:92678001-92678800,45,145,31
chr10:92679401-92679600,0,23,12
chr10:92680401-92682000,39,85,63
chr10:93189945-93191999,0,43,23
chr10:93299402-93300799,107,2,0
chr10:94380802-94385200,0,40,14
chr10:95121801-95122600,0,36,68
chr10:95295017-95295612,0,23,24
chr10:95660315-95661400,46,97,85
chr10:96590401-96590600,0,18,1
chr10:96591601-96592599,30,179,24
chr10:96830733-96831080,54,32,187
chr10:97325801-97326200,60,0,101
chr10:97349801-97350200,11,0,24
chr10:97701001-97702199,21,38,0
chr10:97720201-97720400,0,11,12
chr10:97723002-97725400,650,449,551
chr10:97762402-97763999,2,0,34
chr10:97764202-97765666,26,0,50
chr10:98276401-98276600,11,42,45
chr10:98380401-98381201,31,134,32
chr10:99853401-99854200,0,115,21
chr10:99872401-99873001,0,21,19
chr10:100485298-100485928,204,270,197
chr10:100624801-100626599,3,19,0
chr10:101140001-101140799,21,23,13
chr10:101142001-101143799,0,8,23
chr10:101161401-101162800,54,98,0
chr10:102102401-102102800,17,11,121
chr10:102444201-102445600,287,38,112
chr10:102664401-102664600,87,43,24
chr10:102665801-102666800,53,22,64
chr10:103858401-103860799,47,0,23
chr10:103870002-103872999,416,283,438
chr10:103875001-103875200,37,84,20
chr10:103958000-103958400,15,20,0
chr10:103965885-103966084,27,77,4
chr10:104109402-104110999,0,2,5
chr10:104127001-104127801,81,57,86
chr10:104128201-104128400,22,17,0
chr10:104349632-104350087,52,24,0
chr10:109282201-109282400,13,0,15
chr10:109929550-109931800,80,243,0
chr10:110147402-110154400,0,85,22
chr10:110289743-110290133,82,57,16
chr10:110323002-110328041,0,7,24
chr10:110356601-110356926,0,7,12
chr10:110375601-110378000,25,0,19
chr10:110387401-110402999,27,0,153
chr10:110512834-110513172,13,0,270
chr10:110514201-110514500,44,0,363
chr10:110522201-110523000,405,76,2448
chr10:110539002-110540399,159,0,268
chr10:110543201-110547600,541,435,1632
chr10:111014201-111018000,1402,2194,1023
chr10:111506002-111508399,0,21,23
chr10:111998602-112000399,12,120,0
chr10:112132352-112132732,67,377,0
chr10:112140026-112142000,24,42,6
chr10:112217601-112218400,161,63,619
chr10:112227600-112227801,16,0,27
chr10:112841639-112842000,27,27,0
chr10:112842202-112845400,131,448,183
chr10:112850201-112855600,443,1036,789
chr10:112857202-112859600,162,109,212
chr10:112907922-112909200,27,0,63
chr10:112915201-112916600,27,21,25
chr10:112918602-112920399,25,43,50
chr10:112948098-112948159,3,12,0
chr10:112949259-112949646,48,147,143
chr10:113473602-113476999,0,98,61
chr10:114041401-114041800,27,79,0
chr10:114042501-114042652,23,0,10
chr10:114057001-114062600,0,42,266
chr10:114063002-114065600,0,114,418
chr10:114412202-114413999,0,21,47
chr10:114812401-114812800,0,21,19
chr10:114815401-114818599,194,87,26
chr10:114819401-114819558,58,17,12
chr10:117990001-117990200,51,3,0
chr10:118002579-118003600,0,57,67
chr10:119460801-119462599,73,0,150
chr10:119482802-119484200,24,66,25
chr10:119569201-119569629,27,9,0
chr10:119599401-119599800,264,138,171
chr10:120917802-120918400,0,1,1
chr10:121680802-121683000,0,26,25
chr10:122263802-122265200,27,176,75
chr10:122373718-122373881,5,11,0
chr10:123240801-123243199,81,69,43
chr10:123300984-123302799,0,22,23
chr10:123639002-123640999,53,18,0
chr10:123965048-123965335,40,33,21
chr10:123966801-123968119,178,64,0
chr10:123995400-123996166,72,39,110
chr10:123997417-123998219,370,337,481
chr10:124094482-124094691,0,23,12
chr10:124097601-124099000,27,91,121
chr10:124138179-124139164,26,0,24
chr10:124259201-124259600,47,238,0
chr10:124265601-124268399,54,46,0
chr10:124295002-124297400,12,21,0
chr10:124301668-124302200,54,51,0
chr10:124304401-124309000,73,238,22
chr10:124902602-124905000,55,146,0
chr10:124906402-124914000,67,23,0
chr10:126902200-126903400,370,453,114
chr10:126904429-126904823,95,78,72
chr10:129020601-129020800,0,23,12
chr10:129035424-129035669,0,7,7
chr10:129834001-129834200,15,117,0
chr10:130135199-130135330,36,3,12
chr10:130185201-130185600,42,14,24
chr10:131962660-131962798,166,49,77
chr10:132004998-132005400,54,33,25
chr10:132006801-132007800,0,245,162
chr10:132008802-132012200,248,481,128
chr10:132429001-132430999,28,0,137
chr10:132458002-132460799,69,0,151
chr10:132527202-132528827,55,47,0
chr10:133004601-133005800,0,85,49
chr10:133258489-133258614,0,24,4
chr10:133259231-133259624,13,0,71
chr10:133437657-133439144,0,22,24
chr10:133441401-133443399,28,76,164
chr17:796601-797600,369,146,375
chr17:1239001-1240815,25,11,0
chr17:1304829-1305581,53,57,40
chr17:1306457-1307053,0,88,91
chr17:1313544-1313945,49,15,102
chr17:1315601-1316468,54,0,25
chr17:1318001-1319200,8,0,25
chr17:1331401-1333000,19,29,73
chr17:1412582-1414600,10,70,86
chr17:1493450-1493784,22,22,33
chr17:1629774-1630521,84,178,74
chr17:1693801-1694600,136,54,61
chr17:1697801-1698400,37,22,60
chr17:2523401-2523600,12,0,6
chr17:2562401-2565600,11,9,0
chr17:2716401-2718000,108,107,0
chr17:3269601-3272000,81,21,126
chr17:3709602-3713599,28,0,52
chr17:4422601-4431399,15,0,14
chr17:4494401-4494600,47,32,61
chr17:4623214-4626800,51,32,347
chr17:4706177-4706799,32,22,0
chr17:4759001-4761199,15,0,25
chr17:4827201-4827601,32,23,24
chr17:5096918-5097237,21,46,25
chr17:5259783-5261048,90,0,10
chr17:5272201-5272800,0,45,37
chr17:6138202-6140199,28,24,0
chr17:6569201-6570600,0,46,39
chr17:7046744-7047128,40,46,8
chr17:7063002-7065000,0,173,22
chr17:7088001-7089029,23,0,11
chr17:7144202-7147400,34,63,10
chr17:7183686-7185000,347,228,99
chr17:7834929-7835418,0,97,223
chr17:7835467-7837296,101,117,889
chr17:7919801-7920800,0,7,49
chr17:8091601-8091800,2,3,0
chr17:8093201-8093600,22,2,0
chr17:8125755-8126176,108,32,0
chr17:8192156-8192682,16,20,5
chr17:8273763-8274600,502,365,105
chr17:8275346-8276223,217,305,165
chr17:8280801-8281600,21,14,15
chr17:8283802-8286800,219,210,177
chr17:8353601-8355200,0,34,194
chr17:8388401-8389800,19,23,25
chr17:8697254-8697651,21,0,2
chr17:8768601-8769200,24,22,0
chr17:8872001-8876199,29,268,758
chr17:8876984-8877381,0,10,79
chr17:8878201-8878400,0,41,44
chr17:9907726-9909199,26,22,0
chr17:13490602-13492799,27,23,0
chr17:15154401-15157800,0,20,22
chr17:15179202-15180799,0,46,49
chr17:15204601-15205400,27,0,36
chr17:15423001-15423200,53,13,0
chr17:15433125-15433483,0,69,46
chr17:16363601-16365200,0,178,136
chr17:16371602-16375000,0,41,16
chr17:16395833-16399999,81,76,0
chr17:16535331-16536080,13,45,49
chr17:16593780-16594065,12,10,0
chr17:17354602-17356999,0,10,157
chr17:17408001-17410799,74,460,59
chr17:17431801-17436599,368,329,31
chr17:17445273-17445578,32,21,19
chr17:17613402-17614399,26,7,24
chr17:17619201-17619400,27,5,0
chr17:18402402-18403800,0,21,25
chr17:18739800-18740400,9,1,0
chr17:19101001-19101201,48,154,21
chr17:19635201-19635400,26,62,0
chr17:19641802-19644199,21,47,0
chr17:19644401-19644600,20,8,0
chr17:19647040-19647390,4,0,20
chr17:21194201-21195599,127,53,73
chr17:27319201-27325799,235,150,205
chr17:27353606-27354071,0,11,4
chr17:28033002-28035199,0,10,21
chr17:28225401-28225600,2,0,10
chr17:28877401-28878201,9,13,11
chr17:29057801-29063399,49,59,202
chr17:29237001-29242600,59,17,193
chr17:30348401-30356400,0,36,52
chr17:30545001-30545600,26,0,24
chr17:30960500-30960664,0,100,27
chr17:31561530-31562328,82,63,251
chr17:31564837-31565295,0,23,45
chr17:31568581-31568991,0,11,82
chr17:31580463-31580983,66,0,194
chr17:31582192-31582623,89,56,100
chr17:32388801-32389000,102,75,66
chr17:32397655-32398088,318,95,261
chr17:32399803-32400183,173,62,118
chr17:32917201-32918800,28,24,0
chr17:32960402-32962799,94,164,82
chr17:34251998-34252408,27,0,12
chr17:34651602-34653199,25,0,21
chr17:34653601-34653999,0,11,15
chr17:34761201-34762000,17,46,0
chr17:35338201-35339000,39,40,24
chr17:35389401-35391600,54,117,25
chr17:35971002-35974800,81,237,24
chr17:36091932-36092586,148,165,151
chr17:36098001-36100800,79,0,22
chr17:36198944-36199432,27,32,0
chr17:36204801-36207800,0,109,49
chr17:36611601-36615399,20,23,0
chr17:36625002-36626399,22,0,6
chr17:36672802-36674400,0,107,49
chr17:36674601-36676799,0,117,32
chr17:36742001-36743199,57,71,1
chr17:36770601-36771000,25,21,0
chr17:36771202-36775400,104,332,48
chr17:37079401-37084000,32,112,0
chr17:37482402-37484200,77,0,150
chr17:37815401-37817400,14,24,0
chr17:38263601-38264600,0,10,31
chr17:38680601-38681200,26,21,0
chr17:38684602-38688799,561,454,172
chr17:39568601-39569800,263,109,226
chr17:39894201-39896400,0,23,25
chr17:40010201-40010798,40,22,24
chr17:40509801-40513399,0,5,135
chr17:40533373-40533744,37,0,23
chr17:40541676-40541813,10,46,0
chr17:40549021-40549906,20,2,49
chr17:40551243-40551593,19,0,23
chr17:40551950-40552964,734,207,333
chr17:40572601-40573200,0,10,289
chr17:40575601-40578599,74,123,147
chr17:42282201-42284199,0,91,68
chr17:42432600-42433201,13,54,0
chr17:42435402-42437400,92,112,147
chr17:42446601-42447800,128,23,155
chr17:42448401-42448800,135,129,142
chr17:42919601-42921999,55,10,0
chr17:42937001-42938097,1,3,27
chr17:43033202-43037399,0,44,13
chr17:43039802-43043399,0,21,23
chr17:43326802-43328999,27,110,25
chr17:43330801-43331600,119,104,38
chr17:43332001-43332600,0,62,19
chr17:43403401-43404001,300,58,90
chr17:43465201-43470999,0,8,9
chr17:44168002-44169199,106,27,100
chr17:44234602-44236600,3,0,3
chr17:44326633-44326924,0,33,25
chr17:44392801-44393801,14,0,24
chr17:44995001-44995600,54,9,0
chr17:44996602-44998799,66,0,50
chr17:45003001-45004799,125,41,141
chr17:45006201-45006400,13,12,0
chr17:45006802-45007637,26,22,0
chr17:45008001-45008600,39,53,12
chr17:45172296-45172986,9,2,32
chr17:45182601-45183200,26,0,12
chr17:45183800-45184600,27,0,1
chr17:45352401-45353800,0,10,25
chr17:45594001-45595200,0,332,25
chr17:47191645-47193400,9,16,75
chr17:48062201-48062400,97,12,53
chr17:48067802-48069019,230,148,154
chr17:48126202-48128199,53,103,623
chr17:48131012-48132000,0,31,45
chr17:48869001-48869200,280,77,140
chr17:49482201-49488000,0,26,9
chr17:49588600-49589400,0,12,14
chr17:49854001-49855000,26,68,159
chr17:49857402-49863400,267,265,600
chr17:49868801-49869400,26,0,12
chr17:49870401-49873799,24,15,122
chr17:49875202-49876400,8,0,11
chr17:50028182-50028466,1,6,0
chr17:50257202-50260800,44,0,23
chr17:50301001-50303000,0,42,45
chr17:50487800-50488600,54,122,110
chr17:50497800-50498201,44,20,0
chr17:50949928-50950121,0,6,12
chr17:55175602-55178399,124,294,55
chr17:55198746-55199767,123,98,46
chr17:55201002-55202199,68,0,21
chr17:55225565-55225796,34,8,0
chr17:55567001-55568799,0,27,50
chr17:55639001-55643200,0,12,48
chr17:55648001-55648400,0,113,44
chr17:55689201-55695413,22,18,0
chr17:57050001-57050899,19,46,56
chr17:58022575-58023600,54,23,42
chr17:58032402-58033799,27,80,0
chr17:59216401-59217200,14,10,0
chr17:59300201-59301400,25,7,0
chr17:59405802-59407800,0,12,22
chr17:59412001-59416800,0,21,23
chr17:59851643-59851904,27,0,12
chr17:59855089-59855437,13,0,2
chr17:59855621-59855984,5,2,0
chr17:60105602-60108692,22,197,0
chr17:60145201-60148599,0,10,22
chr17:62421138-62422200,89,48,29
chr17:62616802-62620000,0,68,68
chr17:62622001-62622400,40,0,17
chr17:62993602-62997400,27,115,193
chr17:63457001-63457200,20,67,0
chr17:63459801-63463200,12,1088,55
chr17:63464201-63465600,0,213,11
chr17:63596401-63599200,44,12,22
chr17:63934801-63935400,0,11,289
chr17:63936601-63937000,107,65,1665
chr17:64416201-64416600,20,11,5
chr17:64417601-64419400,54,74,0
chr17:64419957-64421000,154,0,65
chr17:64470601-64471400,590,2234,128
chr17:64471601-64471800,114,641,12
chr17:64723202-64728599,144,65,97
chr17:64739001-64743399,23,20,0
chr17:64959400-64960400,0,80,141
chr17:64984985-64985323,40,9,0
chr17:64986397-64986724,16,0,15
chr17:64988533-64988871,24,0,23
chr17:64995488-64995879,22,0,40
chr17:64995956-64996124,18,0,38
chr17:65076801-65077000,24,0,24
chr17:65078201-65080000,54,35,0
chr17:65087601-65088599,53,22,24
chr17:65345001-65345200,0,4,11
chr17:65438660-65439439,76,21,0
chr17:65497801-65498000,48,2,0
chr17:65498601-65499200,97,32,0
chr17:67372800-67373401,2,11,100
chr17:67754602-67756265,35,12,49
chr17:68049801-68051200,0,29,25
chr17:68124601-68125201,376,136,297
chr17:68161918-68162800,281,222,162
chr17:68165001-68165600,68,166,204
chr17:68172334-68173000,27,0,42
chr17:68176602-68177200,116,84,71
chr17:68829001-68835800,0,362,44
chr17:69070401-69071800,4427,5171,4045
chr17:69560801-69561801,0,19,9
chr17:69573402-69576200,0,42,73
chr17:70157001-70158200,68,157,122
chr17:70158209-70161400,0,296,356
chr17:70164601-70165000,82,18,44
chr17:70181401-70182400,87,118,0
chr17:70183801-70184400,81,146,24
chr17:70184714-70186199,108,113,24
chr17:70191001-70192000,114,121,19
chr17:73102802-73106200,0,5,11
chr17:73267600-73268001,36,0,271
chr17:73271001-73271600,13,11,309
chr17:73277802-73280400,4236,899,12344
chr17:74373402-74375199,80,430,159
chr17:74490601-74498199,0,11,149
chr17:74501601-74505200,51,10,0
chr17:74520090-74520505,80,60,0
chr17:74534589-74534917,193,68,97
chr17:74536622-74536996,114,34,90
chr17:74554601-74556200,39,0,131
chr17:74557401-74559800,0,32,118
chr17:74982022-74982570,2,159,0
chr17:75201625-75202400,6,23,0
chr17:75297489-75297859,3,40,18
chr17:75578001-75579600,14,7,2
chr17:75772665-75773527,0,11,25
chr17:76604202-76606000,6,16,0
chr17:76606202-76607000,112,98,30
chr17:76607201-76607400,47,19,13
chr17:76667802-76668999,27,10,25
chr17:76784601-76785400,105,93,111
chr17:76789237-76789665,166,306,195
chr17:76797200-76798000,0,29,24
chr17:76844001-76845399,27,46,0
chr17:77220201-77222400,54,0,72
chr17:77223401-77224600,27,71,25
chr17:77227665-77229199,54,0,75
chr17:77242201-77243000,0,23,34
chr17:78257850-78258108,16,35,177
chr17:78258607-78258911,67,39,67
chr17:78352696-78353290,7,0,44
chr17:78638001-78641000,80,0,49
chr17:78645875-78646208,13,0,12
chr17:78650001-78655200,111,95,384
chr17:78661002-78662199,98,21,0
chr17:78672401-78673410,275,16,104
chr17:78931401-78931800,41,17,22
chr17:78951597-78954599,10,22,0
chr17:78956602-78957799,53,0,1
chr17:79053001-79053801,375,97,1546
chr17:79892259-79893799,32,14,12
chr17:80446402-80448799,34,43,114
chr17:81011001-81011366,67,163,132
chr17:81012201-81012400,0,51,98
chr17:81012801-81013000,75,30,56
chr17:81299345-81300257,37,18,11
chr17:81332601-81332800,0,23,12
chr17:81391260-81393656,4582,2801,2699
chr17:81467402-81470399,42,443,24
chr17:81494000-81494200,2,6,0
chr17:81675770-81676428,273,277,156
chr17:81676798-81676972,48,76,1
chr17:81721602-81724800,171,350,320
chr17:82076601-82077661,49,45,24
chr17:82222866-82223117,60,0,19
chr17:82297423-82297879,0,5,30
chr17:82308601-82309400,0,46,475
chr17:82334866-82335331,83,4,68
chr17:82338955-82339442,77,20,60
chr17:82351002-82353399,17,10,70
chr17:82355601-82357862,12,0,25
chr17:82380201-82380400,0,7,53
chr17:82384718-82384866,93,14,62
chr17:83109823-83110236,36,0,101
chr17:83110402-83110561,31,23,42
chr16:41801-42256,39,22,0
chr16:42401-42800,12,0,12
chr16:395201-395400,48,32,23
chr16:759497-759847,13,0,67
chr16:1150291-1150681,13,0,22
chr16:1922880-1924799,3,2,3
chr16:2652201-2655599,491,782,864
chr16:3009804-3010456,81,45,12
chr16:3163001-3164200,40,89,5
chr16:3348470-3349669,12,0,74
chr16:3578961-3579266,0,4,13
chr16:4142001-4143399,89,10,0
chr16:4159001-4161599,55,31,25
chr16:4299199-4299351,14,0,9
chr16:4303801-4304799,26,41,111
chr16:4307392-4308109,42,80,0
chr16:4458201-4460400,447,298,187
chr16:4548401-4549399,16,21,0
chr16:4603401-4604600,121,64,63
chr16:4605001-4605200,28,1,0
chr16:4773601-4775800,27,23,0
chr16:8178801-8179800,0,44,24
chr16:8651801-8652001,0,67,3
chr16:8655001-8655800,84,48,72
chr16:8661200-8661400,41,31,20
chr16:8665201-8666000,306,592,128
chr16:9134602-9136799,78,73,198
chr16:9143201-9143400,26,0,86
chr16:9145002-9146799,89,16,62
chr16:9148295-9149200,21,0,47
chr16:9151001-9152200,0,10,55
chr16:9311001-9311857,0,20,25
chr16:10295602-10301199,9,8,0
chr16:10485401-10486200,12,79,49
chr16:10490001-10490200,0,2,12
chr16:10504252-10505400,82,0,33
chr16:10509515-10510006,97,50,7
chr16:10511800-10512201,13,17,104
chr16:10584601-10585600,67,16,0
chr16:11183195-11183500,26,21,36
chr16:11189001-11189400,141,153,164
chr16:11189801-11193999,0,38,96
chr16:11239602-11241599,28,0,75
chr16:11246200-11246400,21,0,38
chr16:11527802-11534999,154,98,1039
chr16:11539201-11543199,156,365,3374
chr16:11543602-11544800,121,56,576
chr16:12652001-12652401,55,59,75
chr16:14040802-14044200,97,0,111
chr16:14419801-14421199,27,23,39
chr16:14954801-14955000,13,29,0
chr16:14955601-14955800,39,59,0
chr16:14956802-14960399,134,32,0
chr16:14970615-14971044,542,143,32
chr16:15382002-15383999,53,70,98
chr16:16147800-16148000,0,3,24
chr16:18766601-18766800,18,10,0
chr16:18767402-18768600,77,43,0
chr16:18772201-18773200,24,45,16
chr16:18773601-18776831,576,260,169
chr16:18778601-18779799,53,23,0
chr16:20303687-20304007,26,0,17
chr16:21389602-21390799,149,204,161
chr16:21395201-21395800,27,96,41
chr16:22922215-22922454,53,15,30
chr16:23578002-23579199,53,67,121
chr16:23598602-23600800,0,10,18
chr16:27295401-27298199,0,21,22
chr16:27298402-27306600,116,24,26
chr16:28090802-28092199,0,14,25
chr16:28329802-28331356,66,97,58
chr16:29374401-29375000,80,65,24
chr16:29640055-29657199,61,52,28
chr16:29849401-29849799,27,0,3
chr16:29852002-29853399,32,23,0
chr16:30145801-30155199,16,14,15
chr16:30163201-30168999,82,35,9
chr16:30568283-30568522,0,19,14
chr16:30634229-30634767,196,193,185
chr16:30796801-30797400,0,41,24
chr16:30814216-30814691,27,79,0
chr16:30829015-30830438,474,614,233
chr16:30916500-30916524,4,5,0
chr16:31333401-31334600,109,45,171
chr16:31334801-31335600,0,46,161
chr16:31351878-31353321,0,21,49
chr16:31390401-31391800,22,0,199
chr16:31516401-31517400,48,45,0
chr16:34998860-34999785,54,19,0
chr16:46638801-46640000,0,45,25
chr16:46949000-46949800,12,8,24
chr16:46980801-46981600,0,23,26
chr16:50043601-50044000,0,34,58
chr16:52754602-52758800,0,44,48
chr16:55366801-55368999,19,0,25
chr16:56607142-56607794,81,11,186
chr16:56689001-56690000,49,0,622
chr16:56691402-56692799,67,0,633
chr16:56948802-56953400,8,0,22
chr16:57424402-57425399,39,13,68
chr16:57594601-57595000,0,18,87
chr16:57667199-57667720,0,46,228
chr16:64882200-64882400,14,8,0
chr16:66240202-66241465,6,225,0
chr16:66353125-66356000,25,21,0
chr16:66364417-66364981,66,347,43
chr16:66406922-66407184,0,34,304
chr16:66592001-66593599,2,0,47
chr16:66594201-66595800,59,21,0
chr16:66596201-66598600,12,21,0
chr16:66705602-66707799,3,0,25
chr16:66716977-66718237,4,0,87
chr16:66926506-66926890,91,40,22
chr16:66927000-66927403,114,46,45
chr16:66928310-66928546,0,14,35
chr16:66930001-66931000,53,22,0
chr16:67386601-67388399,0,2,47
chr16:68486601-68488199,54,0,15
chr16:68604801-68606001,72,18,25
chr16:68724601-68726400,25,0,23
chr16:68730001-68730400,13,11,0
chr16:69086801-69087800,67,132,52
chr16:69094001-69095000,26,0,49
chr16:69099802-69103399,89,0,94
chr16:69469001-69471600,0,15,25
chr16:69534602-69538194,0,16,23
chr16:69553401-69553800,18,11,0
chr16:69554401-69556200,118,252,0
chr16:69561001-69561200,0,24,20
chr16:69946201-69946800,0,64,60
chr16:70196002-70199599,51,43,0
chr16:70213201-70215000,112,131,212
chr16:70217200-70217600,2,75,313
chr16:71842401-71842600,36,24,29
chr16:71842801-71844400,0,175,49
chr16:72001601-72002800,81,49,84
chr16:72030001-72030400,24,0,3
chr16:72032001-72033000,82,68,24
chr16:72035601-72035800,23,44,38
chr16:72041801-72043000,229,85,78
chr16:72207401-72208200,0,12,49
chr16:74396002-74399399,54,51,0
chr16:74403401-74405399,431,523,160
chr16:74442802-74443800,69,1,59
chr16:75271002-75273999,53,77,24
chr16:75468001-75469400,27,23,25
chr16:77767001-77768400,42,17,43
chr16:79305801-79312799,24,0,22
chr16:79579201-79581840,56,0,99
chr16:79582801-79583400,0,41,44
chr16:79601537-79601969,193,182,361
chr16:79602140-79602433,132,112,265
chr16:79628002-79629399,27,42,0
chr16:79652402-79654399,89,158,0
chr16:80590601-80592399,0,46,50
chr16:82182202-82185800,32,0,59
chr16:82199601-82200200,6,0,12
chr16:84277201-84277696,53,0,12
chr16:84278601-84280000,84,0,50
chr16:84333201-84333601,28,0,18
chr16:84471427-84471804,20,96,8
chr16:84643202-84643615,48,49,153
chr16:84785402-84788199,24,0,50
chr16:84946601-84950399,0,57,106
chr16:84970377-84973600,0,24,26
chr16:85015834-85016068,11,23,0
chr16:85765002-85766799,57,137,200
chr16:85767001-85768999,103,91,475
chr16:86059401-86063600,0,57,131
chr16:86065601-86067000,0,119,255
chr16:86067401-86068000,13,0,24
chr16:86303683-86304113,0,19,22
chr16:86586215-86586629,0,34,25
chr16:86608108-86611929,20,64,68
chr16:86631202-86632494,80,65,0
chr16:86675601-86677200,28,12,78
chr16:86692801-86693800,82,135,42
chr16:87075402-87077799,34,18,23
chr16:87574802-87576799,106,79,0
chr16:88224001-88225000,17,16,19
chr16:88314602-88318199,0,16,23
chr16:88442029-88443799,12,80,0
chr16:88553801-88554200,0,128,12
chr16:88554401-88555216,53,29,25
chr16:88558602-88559999,27,25,25
chr16:88565801-88566800,26,161,91
chr16:88793718-88793872,0,23,1
chr16:89256710-89257171,25,18,22
chr15:21280001-21281000,26,0,32
chr15:22640601-22641000,0,72,21
chr15:22724000-22724400,7,37,0
chr15:23069401-23069600,12,0,7
chr15:23307455-23308000,0,11,54
chr15:25641002-25644799,54,185,43
chr15:25673001-25674000,137,10,75
chr15:28775401-28779200,555,220,255
chr15:29693400-29693600,15,0,16
chr15:30186916-30187400,13,0,1
chr15:30423601-30424000,389,346,82
chr15:30446201-30446400,0,18,6
chr15:30447001-30448200,47,142,0
chr15:31315801-31321199,105,263,35
chr15:31324992-31325318,118,78,85
chr15:31451201-31452600,0,23,50
chr15:31456602-31460200,0,60,218
chr15:31465274-31466142,3,7,25
chr15:32459001-32459200,70,34,42
chr15:32504201-32508000,20,0,56
chr15:32748200-32748401,47,150,0
chr15:34129569-34129849,0,27,12
chr15:35036401-35037000,54,0,20
chr15:35042002-35044999,21,45,78
chr15:35053601-35055000,0,23,18
chr15:35088801-35089000,56,16,1
chr15:37106785-37107621,164,167,27
chr15:39460602-39464000,0,46,11
chr15:39465201-39470400,46,23,102
chr15:40403601-40404025,27,16,0
chr15:40438352-40438704,8,11,0
chr15:40875763-40877000,211,139,65
chr15:40877523-40879600,322,56,129
chr15:40879800-40880000,66,21,0
chr15:40884401-40885400,78,0,49
chr15:40913602-40920199,70,120,21
chr15:40922401-40923599,47,10,49
chr15:40927697-40928042,38,28,42
chr15:40928357-40928714,46,95,18
chr15:40944801-40945600,48,92,0
chr15:40965602-40967399,128,0,307
chr15:40968400-40969000,42,0,172
chr15:40972000-40973000,26,10,410
chr15:42102202-42112999,19,16,0
chr15:43722000-43722601,11,34,12
chr15:45424401-45426800,34,32,74
chr15:45429401-45429600,4,0,12
chr15:46297001-46299000,14,45,49
chr15:48392001-48396799,0,43,15
chr15:48684201-48684797,13,20,0
chr15:48693201-48697001,27,330,212
chr15:48703202-48703980,54,46,0
chr15:48710802-48711516,16,81,75
chr15:49096201-49096600,27,27,99
chr15:49104001-49104800,88,54,48
chr15:49830201-49830801,26,50,0
chr15:49831292-49833014,79,23,25
chr15:49846802-49849224,25,166,47
chr15:49855001-49857600,129,174,0
chr15:50389802-50392600,24,34,0
chr15:50404801-50407400,0,83,12
chr15:52113601-52114001,42,0,1
chr15:52727202-52734800,94,0,24
chr15:52752601-52753800,19,10,0
chr15:55178801-55180000,0,18,29
chr15:55513801-55514201,0,24,12
chr15:55997001-55997200,0,11,14
chr15:55998201-56000488,0,10,7
chr15:56003601-56004199,101,820,290
chr15:56004400-56004601,28,9,9
chr15:57560602-57564200,25,0,47
chr15:57565001-57566200,27,0,49
chr15:57566602-57567999,114,0,45
chr15:57571000-57571800,77,0,80
chr15:57577202-57579799,18,0,25
chr15:57920402-57924999,24,21,0
chr15:59692601-59693200,6,13,0
chr15:59694601-59695400,128,242,89
chr15:62063402-62065199,25,21,0
chr15:62175001-62176000,404,726,408
chr15:62302201-62302600,0,10,22
chr15:63072601-63079199,141,0,119
chr15:63079402-63081199,22,0,26
chr15:63311801-63313200,149,46,112
chr15:63490277-63490566,14,57,16
chr15:63491099-63491446,0,62,20
chr15:63604402-63607199,69,46,119
chr15:64455973-64456227,4,0,7
chr15:64730602-64732188,149,268,26
chr15:64801401-64803400,17,24,0
chr15:64835729-64836009,67,11,20
chr15:65085371-65085737,54,24,2
chr15:65217801-65218800,26,41,24
chr15:66691402-66695399,0,164,19
chr15:66817801-66822599,25,0,15
chr15:66846601-66847400,54,45,31
chr15:66877402-66879000,28,148,13
chr15:66883307-66883681,117,67,118
chr15:66886601-66888800,0,33,25
chr15:66893602-66895800,70,93,119
chr15:66897002-66897800,17,94,69
chr15:66900801-66902200,24,136,0
chr15:67812001-67813000,48,0,13
chr15:67813201-67813600,19,0,12
chr15:68030801-68039600,15,26,0
chr15:68566201-68567600,32,23,0
chr15:68570002-68573200,51,92,0
chr15:68573401-68573600,0,22,13
chr15:69064401-69064600,0,23,12
chr15:69066401-69066600,11,0,21
chr15:69996402-69998399,17,45,22
chr15:70029401-70029800,36,11,42
chr15:70031601-70034400,159,0,280
chr15:70035001-70037599,129,91,482
chr15:70099059-70099896,26,8,24
chr15:70568990-70570399,0,49,69
chr15:70588802-70589999,40,62,74
chr15:70596201-70597799,39,21,0
chr15:70618201-70618400,0,40,14
chr15:70627602-70634400,12,269,11
chr15:70650201-70652600,25,113,98
chr15:71790109-71790419,12,0,18
chr15:72739201-72741399,239,93,205
chr15:72748459-72748858,47,34,5
chr15:72800001-72801600,14,21,0
chr15:73719402-73720199,11,46,24
chr15:73899001-73899200,16,22,0
chr15:73899402-73900571,27,69,0
chr15:74053985-74054280,230,518,224
chr15:74059001-74059800,51,23,130
chr15:74521402-74522400,0,19,24
chr15:74529401-74532599,51,39,26
chr15:74534601-74537200,27,71,8
chr15:74949979-74951199,52,22,30
chr15:74951801-74952800,51,16,72
chr15:75129940-75130367,41,0,63
chr15:75135601-75140999,577,814,638
chr15:75167601-75169200,45,46,0
chr15:75214801-75216999,35,97,303
chr15:75218802-75220399,85,236,296
chr15:75343801-75344400,13,69,34
chr15:75666720-75667100,137,94,83
chr15:77093401-77094000,13,10,0
chr15:77094601-77095000,10,0,22
chr15:77514601-77516000,19,23,25
chr15:77882402-77883999,28,2,0
chr15:77930202-77931599,127,23,149
chr15:77938801-77940200,94,113,202
chr15:78908602-78918999,834,554,1519
chr15:79811202-79813599,77,40,0
chr15:80017807-80017996,4,0,16
chr15:80149401-80150200,68,0,5
chr15:80151096-80151250,7,0,11
chr15:80188200-80188800,0,34,8
chr15:80191601-80192000,0,60,55
chr15:80598602-80600200,19,0,73
chr15:80607402-80610599,57,24,36
chr15:81156401-81156600,13,0,13
chr15:81157200-81158001,14,0,59
chr15:82105394-82106220,26,0,16
chr15:82742001-82742799,108,382,119
chr15:82743404-82743457,8,0,8
chr15:84147201-84147685,35,0,11
chr15:84369401-84369800,27,46,0
chr15:84431201-84432010,137,243,93
chr15:84477001-84478100,49,0,25
chr15:84486802-84488599,0,104,62
chr15:84489001-84490800,38,21,29
chr15:84581601-84582902,0,160,72
chr15:84809720-84812600,0,57,108
chr15:84878241-84879013,53,0,49
chr15:85336802-85338399,0,46,94
chr15:85339601-85340800,10,0,3
chr15:88606543-88606926,13,17,41
chr15:88612818-88613656,326,171,3796
chr15:88695401-88695800,0,20,36
chr15:89747001-89747400,18,18,12
chr15:90141002-90145999,8,7,0
chr15:90381402-90383000,82,2,26
chr15:90822201-90825200,10,0,24
chr15:93028613-93029196,0,17,19
chr15:95625001-95627599,41,198,0
chr15:96352498-96352641,16,22,48
chr15:96699002-96704799,0,8,38
chr15:98321401-98321600,19,71,30
chr15:98321801-98322320,88,143,66
chr15:98322401-98322800,94,74,34
chr15:98548581-98548949,0,11,21
chr15:99393252-99393627,27,0,16
chr15:99403468-99404033,0,2,11
chr15:99455010-99455481,24,34,0
chr15:99780601-99781600,26,22,22
chr15:99954002-99956799,0,51,18
chr15:100685901-100689799,55,29,51
chr15:100693402-100695400,0,24,45
chr15:101091594-101091977,12,76,20
chr15:101104402-101107399,69,22,24
chr15:101109802-101110200,12,23,0
chr15:101127085-101127328,0,5,13
chr15:101133401-101134400,49,0,29
chr15:101147214-101151999,162,102,102
chr15:101158402-101161245,0,43,23
chr15:101162002-101163799,25,0,41
chr15:101254202-101256999,0,21,73
chr14:20682445-20682962,9,0,6
chr14:20711402-20712200,0,34,53
chr14:20725601-20728399,24,42,0
chr14:20878401-20883600,9,23,25
chr14:20942601-20950800,219,74,0
chr14:21195601-21195800,69,65,357
chr14:21864201-21865000,31,46,24
chr14:22107400-22107601,0,3,18
chr14:22171201-22173200,0,15,26
chr14:22545867-22545985,0,27,1
chr14:22546380-22546700,71,21,20
chr14:22622002-22624199,172,117,173
chr14:22626201-22627400,107,23,37
chr14:22627601-22628800,53,42,0
chr14:22688402-22692399,78,60,19
chr14:22850998-22851826,29,22,24
chr14:22858201-22859399,40,34,0
chr14:22865401-22865906,13,10,3
chr14:24243338-24243692,6,0,158
chr14:24246401-24247800,117,74,193
chr14:24342001-24342600,0,9,30
chr14:24380201-24382200,82,21,124
chr14:24425308-24425510,200,90,19
chr14:31953601-31957400,0,23,24
chr14:33914202-33918800,41,0,45
chr14:33921601-33923000,67,36,25
chr14:34698602-34702399,33,0,24
chr14:34707801-34708000,18,31,26
chr14:34877300-34877547,0,59,20
chr14:34912002-34913400,281,23,50
chr14:35319802-35321400,54,31,68
chr14:35336477-35337232,0,6,54
chr14:35412602-35420799,102,199,175
chr14:39140200-39140401,53,40,44
chr14:39145201-39146200,83,172,100
chr14:39187002-39188799,25,0,100
chr14:39194869-39195210,15,0,28
chr14:39216960-39219799,0,30,46
chr14:41605578-41606793,84,105,41
chr14:45400801-45401600,0,21,63
chr14:46548601-46548800,29,7,0
chr14:47715210-47715577,0,25,12
chr14:47743601-47745000,0,21,25
chr14:48531219-48531604,40,11,0
chr14:49218801-49219200,94,53,0
chr14:49624259-49624315,15,26,33
chr14:49639202-49643000,1477,1725,411
chr14:49856801-49858800,21,24,75
chr14:49868127-49868617,6,12,0
chr14:49885401-49885600,11,0,21
chr14:50838802-50839430,933,407,140
chr14:50846202-50847039,13,11,0
chr14:50946201-50948600,119,314,165
chr14:50949201-50949400,1,8,0
chr14:51276601-51277000,27,18,0
chr14:51277601-51278400,54,52,63
chr14:51283248-51284599,55,0,24
chr14:51291802-51294400,37,114,0
chr14:51429202-51432999,33,69,0
chr14:51439201-51444799,49,51,73
chr14:52072002-52074016,64,218,115
chr14:52259402-52259999,0,9,73
chr14:52262965-52263352,0,19,24
chr14:52279001-52281370,25,213,23
chr14:52299601-52301800,164,298,111
chr14:52303001-52305400,222,771,185
chr14:52307908-52308359,4,28,0
chr14:52311578-52312020,146,664,203
chr14:52312787-52313185,172,263,73
chr14:53005201-53005400,18,0,3
chr14:53009801-53010000,13,0,4
chr14:53013801-53014600,166,286,231
chr14:53017001-53017200,0,48,40
chr14:53019601-53021200,74,9,189
chr14:53025401-53025600,5,0,33
chr14:53031602-53033399,22,10,38
chr14:54562400-54562801,281,220,209
chr14:54814200-54815600,94,0,25
chr14:54904801-54905400,60,0,12
chr14:55084001-55086000,28,51,49
chr14:55469801-55470800,53,22,0
chr14:55707347-55707800,8,0,111
chr14:56105401-56106600,53,0,19
chr14:57349002-57349999,26,22,0
chr14:58559961-58561000,51,0,63
chr14:59376801-59378600,54,21,0
chr14:59380001-59381200,160,201,39
chr14:59405802-59408599,19,85,0
chr14:59417803-59418069,8,11,0
chr14:59422002-59422955,54,71,0
chr14:60174802-60176198,27,0,50
chr14:60300601-60300800,29,0,19
chr14:60301601-60302200,0,11,29
chr14:60325601-60326200,0,22,12
chr14:61089201-61089800,22,0,33
chr14:61098692-61099704,186,61,69
chr14:61103547-61104241,47,19,0
chr14:61104354-61104685,31,17,16
chr14:61109802-61112199,17,0,11
chr14:61124601-61129799,204,0,17
chr14:61182201-61185400,28,0,15
chr14:61798201-61799000,0,19,24
chr14:63677581-63678994,27,23,0
chr14:65346402-65348599,15,0,7
chr14:65745401-65746600,19,67,25
chr14:65789240-65790881,26,22,21
chr14:65860201-65868400,14,0,13
chr14:66010201-66012000,25,0,23
chr14:67186002-67188799,24,46,0
chr14:68748402-68750399,28,45,0
chr14:68799801-68801599,80,21,224
chr14:68803001-68803400,54,2,0
chr14:68814606-68815068,75,0,49
chr14:68821141-68821269,0,7,8
chr14:68840602-68842799,7,13,165
chr14:68857801-68858000,6,0,59
chr14:69042778-69042996,13,0,12
chr14:69045903-69046234,4,0,27
chr14:69049766-69049954,17,74,27
chr14:69361000-69361200,4,81,0
chr14:69370201-69370400,26,9,0
chr14:69375601-69378800,57,87,47
chr14:69468201-69469800,0,12,60
chr14:69532335-69533426,0,10,50
chr14:69716120-69716343,2,13,54
chr14:69716460-69716914,26,22,38
chr14:69719376-69720211,25,22,96
chr14:69772801-69773400,26,0,82
chr14:69815401-69816200,48,46,13
chr14:70569201-70569400,12,38,74
chr14:70681601-70682000,25,19,0
chr14:70826867-70827243,26,3,14
chr14:70827600-70828000,55,59,30
chr14:70832201-70833400,25,0,25
chr14:71116001-71120000,71,0,669
chr14:71175201-71176001,0,60,24
chr14:72599201-72601399,105,43,162
chr14:72606602-72609599,10,182,19
chr14:73124802-73126399,82,0,388
chr14:73127201-73128000,54,0,126
chr14:73225001-73225800,0,23,346
chr14:73228528-73228744,13,23,0
chr14:73232305-73232647,13,0,43
chr14:73810001-73811600,65,68,0
chr14:73815401-73816800,62,46,0
chr14:74274802-74276377,0,21,12
chr14:74428401-74430399,299,45,68
chr14:74431001-74433000,39,45,9
chr14:74434201-74434600,16,0,15
chr14:74459202-74460599,199,38,25
chr14:74461201-74462000,89,86,0
chr14:74634202-74639400,27,0,8
chr14:74972402-74990600,259,83,29
chr14:75203601-75207400,0,5,31
chr14:75298997-75299261,43,52,38
chr14:75307002-75308999,0,9,22
chr14:75327402-75330000,13,11,0
chr14:75476401-75477400,53,4,193
chr14:75479402-75480600,19,0,295
chr14:75547801-75550000,0,23,50
chr14:75554201-75555599,27,0,25
chr14:75559401-75561600,27,43,0
chr14:75570001-75572809,24,47,18
chr14:76088201-76090599,586,530,389
chr14:76090631-76091524,41,42,82
chr14:76091601-76091800,13,19,24
chr14:76100002-76102399,12,0,27
chr14:76930086-76930303,57,0,15
chr14:76935201-76936000,27,0,47
chr14:76936201-76943200,187,0,195
chr14:77010802-77015799,0,7,32
chr14:77032545-77034568,884,484,996
chr14:77663352-77663607,1,0,12
chr14:77666402-77669400,315,13,113
chr14:77785601-77787000,54,102,0
chr14:81256202-81257200,0,59,22
chr14:82748001-82748200,0,21,10
chr14:89041430-89041640,0,3,9
chr14:91228529-91228714,9,1,1
chr14:91229779-91230068,49,24,3
chr14:91231511-91231742,51,0,42
chr14:91257489-91257665,0,23,12
chr14:91516201-91517399,4,58,47
chr14:91520402-91522199,314,616,56
chr14:92507387-92507665,34,52,28
chr14:92692001-92695199,912,784,1139
chr14:92698401-92698600,63,132,105
chr14:92699001-92699200,158,64,19
chr14:92842802-92851200,29,25,124
chr14:93877601-93880800,11,0,26
chr14:94402602-94406400,27,0,24
chr14:95388601-95390600,107,134,170
chr14:95395001-95395800,151,182,0
chr14:95398647-95398914,51,0,57
chr14:95478002-95491600,169,82,357
chr14:95501110-95501341,0,11,25
chr14:95503460-95503639,1,0,25
chr14:95518474-95518828,64,516,164
chr14:95550200-95550601,35,23,15
chr14:96125002-96128399,0,113,22
chr14:96134802-96136881,0,22,20
chr14:96166002-96168199,11,0,25
chr14:96180801-96182800,28,18,16
chr14:96202401-96202600,0,11,12
chr14:97701602-97713708,21,0,19
chr14:97721601-97722000,0,21,24
chr14:99394402-99395399,26,39,16
chr14:99396001-99396401,36,20,102
chr14:99627802-99629409,25,269,121
chr14:100166825-100167318,0,9,25
chr14:100176801-100177000,3,9,6
chr14:100203602-100205399,60,95,85
chr14:101358202-101362199,85,822,59
chr14:101363802-101366200,0,54,94
chr14:101469601-101470600,495,327,24
chr14:101495601-101498400,14,21,0
chr14:101627007-101627350,22,0,19
chr14:101932602-101935200,55,55,324
chr14:102078549-102078934,376,96,0
chr14:102749201-102750599,72,0,133
chr14:102754401-102754600,38,0,41
chr14:102755201-102755400,18,11,52
chr14:102756601-102757200,7,24,16
chr14:102759002-102762200,91,53,372
chr14:103058182-103058550,60,151,53
chr14:103154602-103156599,3,0,19
chr14:103197801-103199800,0,45,6
chr14:103205972-103206260,248,756,33
chr14:103234402-103236392,53,24,0
chr14:103267201-103267600,138,39,0
chr14:103267801-103268200,97,115,0
chr14:103313001-103319800,24,10,11
chr14:103346802-103347799,0,1,75
chr14:103354152-103359199,98,7,182
chr14:103512401-103514399,0,155,26
chr14:103538317-103538487,14,12,33
chr14:103540683-103540786,50,25,89
chr14:103542760-103542992,22,10,274
chr14:103552106-103552720,52,19,266
chr14:104135252-104135381,1,35,0
chr14:104289397-104292800,24,145,0
chr14:104826093-104826864,27,17,25
chr14:105024896-105025175,26,20,73
chr14:105027042-105027419,40,0,26
chr14:105037201-105039223,100,0,119
chr14:105039401-105039800,2,0,24
chr14:105044876-105045009,50,0,12
chr14:105067346-105067575,25,76,55
chr14:105069720-105070321,92,158,3
chr14:105070322-105070756,105,47,2
chr14:105070799-105071212,58,0,8
chr14:105072331-105072823,165,362,135
chr14:105080106-105080499,240,571,0
chr14:105085986-105086241,47,10,0
chr14:105088235-105088586,28,13,24
chr19:403206-403800,21,0,25
chr19:411601-413000,49,168,498
chr19:461817-462164,0,7,2
chr19:478201-479800,0,70,76
chr19:484602-486600,53,118,72
chr19:488227-488667,10,37,0
chr19:525401-526799,54,70,59
chr19:552602-553999,0,23,50
chr19:675340-675838,40,241,126
chr19:865401-865600,153,473,797
chr19:1503444-1503825,17,0,3
chr19:1871001-1871759,0,10,32
chr19:1931602-1934599,138,32,123
chr19:1935001-1936800,70,21,23
chr19:2067601-2067800,13,0,21
chr19:3210313-3211437,0,12,25
chr19:3470802-3472599,12,2,44
chr19:3974894-3975400,0,23,44
chr19:4068275-4068677,27,124,24
chr19:4071401-4071600,20,0,10
chr19:4089076-4089292,80,152,37
chr19:4242002-4243047,117,23,68
chr19:4567136-4567353,0,17,12
chr19:4568913-4569288,12,0,25
chr19:4578801-4579800,73,22,57
chr19:4588801-4589000,6,32,0
chr19:4609001-4613200,7,64,68
chr19:4624602-4625354,0,23,17
chr19:4673801-4674000,0,1,3
chr19:4742048-4746199,14,25,0
chr19:4880201-4881400,40,38,49
chr19:4889400-4889801,31,91,0
chr19:5156000-5156801,25,80,50
chr19:5424614-5424965,30,0,12
chr19:5466202-5468000,93,0,76
chr19:5489601-5490000,9,0,34
chr19:5580001-5580800,95,12,177
chr19:5583801-5584000,23,0,8
chr19:5585966-5586121,10,10,12
chr19:6521201-6523399,23,23,0
chr19:6610401-6612599,0,3,50
chr19:6656401-6656600,133,339,1753
chr19:6660377-6660659,13,0,434
chr19:6674740-6675139,4416,1868,1528
chr19:7103802-7106600,54,0,32
chr19:7301002-7302200,121,38,37
chr19:7303001-7303200,1,0,2
chr19:7345618-7345914,13,17,0
chr19:7568201-7569000,54,23,0
chr19:7579201-7579600,25,0,20
chr19:7584401-7586400,82,24,26
chr19:7705722-7706005,22,38,0
chr19:7707041-7707394,27,0,2
chr19:7777981-7780254,0,45,26
chr19:7792001-7793000,69,0,88
chr19:7806848-7808800,10,8,0
chr19:7951001-7954799,54,0,106
chr19:8350201-8350400,16,14,0
chr19:8361966-8362330,11,56,0
chr19:8410602-8412199,0,48,26
chr19:8680201-8682800,0,83,25
chr19:9166201-9167799,22,19,0
chr19:9596800-9598200,27,46,71
chr19:9708602-9709999,0,57,130
chr19:9745321-9745598,0,46,12
chr19:9803601-9804000,27,12,0
chr19:10104721-10105047,0,8,12
chr19:10124602-10128599,242,73,255
chr19:10474801-10475709,11,20,161
chr19:10482801-10484000,0,20,23
chr19:10541201-10542599,2,23,0
chr19:10714201-10714400,26,20,36
chr19:10946802-10948800,14,24,49
chr19:10952401-10954999,0,7,136
chr19:11080601-11082600,53,91,49
chr19:11284602-11289400,59,29,23
chr19:12760403-12761035,69,48,58
chr19:13167568-13168177,27,23,24
chr19:14014401-14016060,8,5,0
chr19:14021401-14027400,10,45,29
chr19:14420802-14426599,51,8,0
chr19:14506096-14506431,0,1,41
chr19:15149401-15151077,0,10,85
chr19:15207401-15214600,0,153,94
chr19:15223288-15223785,6,36,6
chr19:15337001-15337401,52,1,151
chr19:15337601-15337800,26,17,12
chr19:15841801-15846400,8,7,7
chr19:16193601-16194000,53,0,34
chr19:17399400-17400200,54,123,0
chr19:17737402-17740600,136,9,194
chr19:18287992-18288167,0,30,7
chr19:18290199-18290705,1,55,89
chr19:18291538-18292754,54,109,169
chr19:18294516-18295042,17,20,0
chr19:18304221-18305306,40,81,171
chr19:18416692-18417229,225,46,46
chr19:18629002-18630400,24,55,2
chr19:18674401-18675199,18,0,18
chr19:18681202-18681800,26,0,34
chr19:18682868-18683104,13,0,11
chr19:18951202-18953460,173,110,51
chr19:19510400-19511001,106,0,5
chr19:21286725-21286807,90,138,56
chr19:21595996-21596365,13,11,0
chr19:21599601-21601400,0,21,32
chr19:29203601-29204600,46,108,73
chr19:29685001-29686800,25,0,147
chr19:29687001-29689799,319,145,193
chr19:29690601-29691409,40,57,0
chr19:29693202-29695700,17,68,86
chr19:30023201-30024400,14,40,0
chr19:30036001-30036401,165,155,12
chr19:30046402-30047800,0,21,50
chr19:33267135-33267232,13,20,0
chr19:33268543-33268812,70,11,0
chr19:33273981-33274307,84,99,0
chr19:33278638-33279036,134,111,0
chr19:33298982-33299379,0,24,60
chr19:33310002-33311600,19,158,0
chr19:34231001-34234600,25,5,23
chr19:34241363-34241960,26,0,23
chr19:34472001-34472600,40,75,451
chr19:34580326-34580476,13,17,0
chr19:34920001-34920985,14,147,24
chr19:34987602-34993000,105,0,26
chr19:35028401-35028600,26,32,18
chr19:35389238-35390009,26,35,12
chr19:35393201-35393800,0,18,37
chr19:35420002-35421799,64,112,91
chr19:35427001-35427687,204,242,187
chr19:35427801-35428000,11,73,19
chr19:35430970-35431510,72,115,86
chr19:35883601-35885000,32,0,381
chr19:35885201-35885400,43,24,206
chr19:35909230-35909740,0,11,7
chr19:35922401-35924400,0,21,9
chr19:35998994-36000199,410,156,223
chr19:36155401-36156800,142,166,131
chr19:36157487-36157669,0,11,53
chr19:36492201-36493000,8,37,81
chr19:38400801-38401201,30,0,12
chr19:38639601-38641200,145,487,110
chr19:38641401-38642660,24,28,10
chr19:38644201-38645399,34,10,0
chr19:38799002-38800219,80,20,145
chr19:38856202-38860600,23,140,21
chr19:39072402-39075199,9,21,0
chr19:39193601-39194400,2,12,0
chr19:39324801-39325400,26,22,40
chr19:39401262-39402205,259,57,277
chr19:39816201-39816800,4,118,0
chr19:39818401-39818600,0,15,5
chr19:39818801-39819000,45,13,37
chr19:40189981-40190252,37,89,63
chr19:40228001-40228600,55,75,171
chr19:40304200-40304801,103,58,41
chr19:40307601-40308800,27,138,0
chr19:40314001-40315600,208,356,231
chr19:40630601-40630800,107,123,25
chr19:40631201-40631600,306,381,198
chr19:41537602-41538599,65,45,0
chr19:41610601-41613599,0,41,73
chr19:41615201-41617999,654,290,3005
chr19:41814201-41816000,25,68,44
chr19:41940125-41940560,38,5,6
chr19:41940575-41940951,26,55,16
chr19:41942202-41947799,279,153,523
chr19:42711413-42712045,54,23,24
chr19:42897402-42900799,24,108,100
chr19:43352125-43352525,27,30,0
chr19:43782839-43783147,0,34,11
chr19:44316968-44317298,29,125,0
chr19:44320484-44320874,78,10,24
chr19:44321393-44321795,13,52,0
chr19:44323769-44323888,19,17,0
chr19:44745242-44746208,874,1634,353
chr19:45706001-45706801,19,0,86
chr19:46395001-46396199,0,23,25
chr19:46404071-46404392,13,105,28
chr19:46408109-46408448,27,89,12
chr19:46614349-46614399,110,21,0
chr19:46717694-46717848,0,5,22
chr19:46718240-46718560,28,28,47
chr19:47056601-47057000,154,7,9
chr19:47057202-47059376,213,0,32
chr19:47252802-47254399,5,43,123
chr19:47277202-47278710,231,85,173
chr19:47279352-47280644,89,131,246
chr19:47284001-47284800,39,0,124
chr19:47323591-47323898,32,176,15
chr19:47324466-47324854,12,0,12
chr19:47383285-47383718,80,29,258
chr19:47389218-47389718,54,75,30
chr19:47397601-47399799,23,0,108
chr19:47773602-47774599,41,45,22
chr19:48377401-48379662,137,117,252
chr19:48393125-48393776,166,107,121
chr19:48684201-48684800,26,42,0
chr19:48685201-48686001,67,23,49
chr19:48694464-48695000,53,45,0
chr19:48708401-48708800,0,14,253
chr19:48927044-48927659,79,180,40
chr19:48962298-48963010,0,19,47
chr19:49109802-49111399,0,24,26
chr19:49217201-49218000,0,46,23
chr19:49225857-49226600,23,33,0
chr19:49329602-49330400,705,366,329
chr19:49629601-49630000,54,13,37
chr19:49630601-49632599,121,45,167
chr19:49633241-49633800,6,67,0
chr19:49724400-49724800,123,74,6
chr19:49727001-49728805,605,979,103
chr19:49738202-49739200,130,27,0
chr19:51086401-51086800,30,106,48
chr19:51090601-51090800,33,53,34
chr19:51093741-51095400,62,65,128
chr19:51123597-51123956,143,11,11
chr19:51124049-51124095,11,7,0
chr19:51219001-51220000,137,144,249
chr19:51514625-51516200,28,21,0
chr19:51607001-51608419,53,127,0
chr19:51724502-51725057,14,16,55
chr19:51726062-51726563,12,0,36
chr19:51736049-51736497,109,0,158
chr19:51742852-51743189,238,70,470
chr19:52233001-52233800,27,58,51
chr19:52421002-52421600,380,479,158
chr19:52698000-52698401,0,73,22
chr19:53497317-53498399,19,52,42
chr19:54196001-54198200,0,40,21
chr19:54342401-54349600,179,32,153
chr19:54373568-54374541,0,194,28
chr19:54918801-54919200,10,7,12
chr19:54919435-54920110,3,26,0
chr19:55374172-55374675,3,0,48
chr19:55519801-55520607,82,304,124
chr19:55524601-55525000,0,1,62
chr19:56085001-56085200,0,11,126
chr19:56085400-56085601,33,2,290
chr19:56085800-56086200,85,0,389
chr19:56161802-56163600,41,8,23
chr19:57301202-57303400,12789,10271,11390
chr19:57338195-57339264,141,60,105
chr19:57764801-57765800,37,13,39
chr19:58383801-58384000,0,33,2
chr19:58427550-58427666,0,46,19
chr18:303402-305600,27,93,50
chr18:306601-307200,13,22,74
chr18:312801-313000,57,101,50
chr18:313801-314600,85,215,55
chr18:715001-716001,12,45,21
chr18:814740-815072,0,16,12
chr18:2514202-2518200,156,182,170
chr18:2518401-2518800,27,0,42
chr18:2535601-2536000,67,34,0
chr18:2845346-2845546,0,16,7
chr18:3462002-3464199,27,0,126
chr18:3486601-3486999,13,6,0
chr18:5334601-5335399,14,46,36
chr18:6938001-6938600,26,0,12
chr18:7323000-7326400,12,20,0
chr18:7366542-7372600,0,18,69
chr18:7514002-7517399,78,129,0
chr18:9101795-9102112,10,11,0
chr18:9874201-9875400,12,0,11
chr18:9898001-9901799,27,23,24
chr18:9965602-9966800,25,23,0
chr18:10234002-10235799,0,21,11
chr18:10244402-10251400,0,10,22
chr18:10283001-10292800,34,0,32
chr18:12041201-12042400,44,40,63
chr18:12236855-12237800,26,0,82
chr18:13137961-13138445,144,34,71
chr18:13653800-13654800,0,59,24
chr18:13658001-13659800,25,10,23
chr18:13660202-13662399,54,46,25
chr18:13808202-13812199,78,18,0
chr18:22079401-22080400,41,68,0
chr18:22082201-22082600,27,33,1
chr18:22161602-22163199,51,70,44
chr18:22267611-22268167,26,0,19
chr18:22344976-22345360,65,72,0
chr18:22346530-22346660,41,98,20
chr18:22385023-22387199,85,33,0
chr18:22465601-22473200,149,69,199
chr18:22542201-22544799,41,55,0
chr18:22547001-22548600,28,41,36
chr18:22608698-22610399,3,111,0
chr18:22694988-22695424,8,33,0
chr18:23036800-23039200,0,3,15
chr18:23113602-23116999,12,10,0
chr18:23125601-23127600,0,24,9
chr18:23128801-23132399,0,10,35
chr18:23590743-23597600,24,73,44
chr18:24491801-24492886,50,13,0
chr18:25040401-25041000,47,42,0
chr18:26414002-26416799,24,12,0
chr18:31171001-31171400,13,0,56
chr18:31261602-31262200,26,0,24
chr18:31701001-31703999,256,617,24
chr18:31736601-31737200,11,11,0
chr18:31825600-31827117,167,50,154
chr18:31827201-31827400,52,48,2
chr18:34488001-34490200,247,0,50
chr18:34490401-34491200,186,0,61
chr18:34491801-34492000,38,10,3
chr18:35430002-35433009,102,481,103
chr18:35435601-35437399,202,1776,304
chr18:35438202-35439260,73,325,12
chr18:35713001-35714600,291,780,606
chr18:36075001-36076800,25,8,50
chr18:37238601-37239000,32,78,59
chr18:37241801-37242200,0,227,95
chr18:43845602-43848599,0,22,4
chr18:43892601-43894200,68,0,15
chr18:43933201-43933600,37,17,18
chr18:44672800-44673400,52,34,0
chr18:45759402-45762000,78,23,0
chr18:45802865-45803004,25,29,17
chr18:45818401-45822199,54,162,49
chr18:46277802-46279599,25,0,147
chr18:46283001-46284600,54,19,189
chr18:46290801-46291800,119,12,54
chr18:46320401-46320600,0,11,10
chr18:46465802-46467199,77,23,98
chr18:46467401-46470400,133,288,118
chr18:47788201-47791200,0,22,49
chr18:47936001-47938599,83,63,12
chr18:47999002-48001600,134,47,25
chr18:48002402-48005093,211,28,0
chr18:48017201-48024599,52,67,24
chr18:48462601-48462800,9,0,5
chr18:48877402-48879799,0,47,3
chr18:48956445-48956653,27,0,37
chr18:49779001-49779600,26,0,55
chr18:51106693-51108399,15,23,25
chr18:51164201-51165800,28,0,26
chr18:51166802-51170098,29,25,0
chr18:54247055-54247397,23,23,0
chr18:57590868-57591226,48,58,148
chr18:57594001-57595600,114,51,81
chr18:57597401-57598200,89,28,35
chr18:57599800-57600029,54,57,71
chr18:57815602-57817000,52,46,0
chr18:57818602-57821999,54,222,22
chr18:57845202-57847199,3,24,0
chr18:57915202-57917200,0,67,88
chr18:59395002-59396200,38,0,31
chr18:59402247-59403086,47,0,12
chr18:62484802-62487199,55,21,0
chr18:62509601-62511599,28,118,26
chr18:62518601-62518800,0,6,12
chr18:63054601-63054800,26,48,0
chr18:63062201-63063746,74,58,0
chr18:63088001-63088800,27,48,0
chr18:63105402-63108200,24,17,22
chr18:63118201-63118800,81,0,35
chr18:63119155-63120069,86,185,55
chr18:66674001-66675200,27,0,49
chr18:67385400-67386800,54,78,0
chr18:67489801-67490200,24,37,12
chr18:67494001-67495400,82,115,75
chr18:67500601-67500800,45,72,37
chr18:67504201-67505600,129,260,73
chr18:69123201-69123999,0,24,2
chr18:69204601-69206400,160,329,73
chr18:69209001-69209200,13,170,7
chr18:70996200-70998400,7,46,18
chr18:70999001-70999600,0,62,27
chr18:71035001-71038600,44,71,0
chr18:71209201-71211000,57,35,8
chr18:73283800-73284001,64,39,122
chr18:73286601-73286800,85,73,98
chr18:73300001-73300600,194,106,103
chr18:73305601-73306200,142,34,176
chr18:73322801-73323200,54,28,72
chr18:73406602-73409199,291,217,238
chr18:73461201-73462401,104,82,72
chr18:73534201-73534400,0,7,12
chr18:73563317-73564714,82,29,41
chr18:73583201-73583600,0,27,24
chr18:73613736-73615999,96,148,133
chr18:73636001-73636800,27,1,70
chr18:73638601-73638801,25,0,5
chr18:73645002-73647780,579,889,616
chr18:73669249-73671137,326,213,62
chr18:73680000-73680800,917,522,441
chr18:73683601-73684400,820,466,790
chr18:73685000-73685400,40,67,125
chr18:73688402-73692000,192,120,260
chr18:74162401-74164200,0,2,47
chr18:75067057-75067237,41,43,0
chr18:75068732-75069419,58,755,614
chr18:75170401-75171400,26,181,29
chr18:75192601-75193000,27,32,0
chr18:76274401-76274600,12,0,15
chr18:76313801-76315000,0,23,106
chr18:76352050-76352296,62,23,0
chr18:76697341-76697749,26,19,0
chr18:77136801-77137000,0,8,12
chr18:77137601-77138600,44,12,49
chr18:79385800-79386600,49,23,0
chr18:79388002-79388999,24,0,70
chr18:79826114-79826172,0,6,19
chr18:79955299-79955635,91,28,2
chr22:17062602-17065200,347,320,76
chr22:17074601-17078400,169,225,62
chr22:17731601-17732200,1031,521,573
chr22:17732401-17732600,484,308,394
chr22:17781669-17782081,26,0,12
chr22:18767001-18772199,27,55,42
chr22:19570802-19572599,73,43,0
chr22:19576002-19581399,77,98,26
chr22:19604402-19611599,77,43,0
chr22:21531201-21535599,7,13,0
chr22:21645972-21647296,18,0,23
chr22:21752939-21757956,501,481,296
chr22:21875002-21878000,26,45,0
chr22:21916402-21918227,280,345,99
chr22:23166600-23167601,75,22,0
chr22:23168401-23168801,114,33,106
chr22:23171890-23172206,38,17,12
chr22:23173783-23175288,88,45,14
chr22:23324001-23324400,27,23,0
chr22:23333801-23334000,18,62,27
chr22:23596001-23597000,19,202,18
chr22:23726601-23728600,0,21,13
chr22:23755401-23757600,0,127,14
chr22:23910600-23910801,61,56,65
chr22:23913783-23914224,108,86,24
chr22:23919571-23920600,187,47,69
chr22:23921465-23922024,0,30,74
chr22:24213601-24214000,38,75,22
chr22:24214601-24214800,54,6,109
chr22:24529801-24530200,0,11,24
chr22:24665601-24666000,4,149,0
chr22:25245001-25245800,0,98,23
chr22:25347001-25349000,531,274,922
chr22:25525601-25526000,12,11,0
chr22:25526201-25527999,0,74,23
chr22:25536600-25537200,0,42,14
chr22:26518201-26518400,19,11,48
chr22:26632242-26633999,28,77,25
chr22:26783601-26786304,43,156,106
chr22:26796200-26796400,4,62,44
chr22:26798601-26798800,34,90,30
chr22:26799001-26799200,57,49,63
chr22:26800401-26801400,49,59,3
chr22:26805001-26805600,26,0,24
chr22:26808601-26808800,0,11,21
chr22:26810402-26811599,47,0,92
chr22:26830602-26831400,15,0,38
chr22:26836200-26837000,45,195,49
chr22:26838001-26839200,14,126,0
chr22:26844802-26846000,27,93,86
chr22:26852002-26852600,207,395,187
chr22:26974801-26975200,39,0,24
chr22:26981401-26981600,0,10,4
chr22:26985201-26987600,132,80,66
chr22:27063001-27066399,18,0,5
chr22:27127401-27136399,112,0,29
chr22:27173802-27176800,10,22,0
chr22:27183399-27183952,4,19,0
chr22:27193933-27194513,52,7,0
chr22:27210201-27210800,20,43,58
chr22:27211401-27215200,33,0,187
chr22:27217940-27219399,78,35,50
chr22:27500602-27502000,7,29,13
chr22:27502342-27502800,0,25,24
chr22:27673602-27674599,26,0,9
chr22:27802857-27803249,0,74,27
chr22:27808602-27811599,240,219,49
chr22:27831401-27833000,28,0,102
chr22:27835002-27836663,47,0,180
chr22:27842201-27843999,67,41,76
chr22:27844202-27846199,82,0,26
chr22:28790202-28793507,100,25,141
chr22:28855600-28856200,54,60,0
chr22:28864401-28865800,27,0,25
chr22:28868001-28868880,0,28,21
chr22:28873401-28873600,27,19,0
chr22:28878001-28878400,24,0,1
chr22:29184401-29185200,98,258,49
chr22:29503602-29504800,421,188,110
chr22:29778002-29783000,561,342,82
chr22:29784201-29785400,143,40,29
chr22:29786201-29786400,74,147,48
chr22:29787123-29788054,113,157,90
chr22:30212550-30213117,60,11,0
chr22:30238014-30238351,66,0,122
chr22:30247709-30248524,512,28,471
chr22:30270809-30271336,0,11,18
chr22:30273020-30273768,77,43,528
chr22:30273817-30274034,9,41,134
chr22:30279507-30279807,16,19,115
chr22:30634412-30634749,3,17,84
chr22:30678202-30679999,54,65,62
chr22:30995001-30998000,26,41,0
chr22:31350401-31351000,334,458,559
chr22:32280201-32282000,0,123,50
chr22:32311791-32312024,80,54,0
chr22:32319801-32320799,82,27,0
chr22:33066601-33067200,46,203,9
chr22:33093201-33094400,81,80,0
chr22:35445802-35449000,74,68,52
chr22:35451001-35451200,13,32,21
chr22:35451600-35452401,72,29,84
chr22:35454001-35454200,13,48,31
chr22:35454401-35454600,11,57,87
chr22:35457801-35459600,25,0,20
chr22:35467001-35469200,168,137,10
chr22:35469601-35469800,0,49,33
chr22:35475001-35475600,0,10,41
chr22:35505202-35507138,20,23,0
chr22:35679401-35679800,0,1,12
chr22:36110002-36110999,0,22,32
chr22:36121001-36121600,374,1690,386
chr22:36127069-36127437,77,51,44
chr22:36129601-36130200,154,294,141
chr22:36133401-36135200,105,208,150
chr22:36184001-36184801,24,119,0
chr22:36218401-36219400,201,10,0
chr22:36276401-36280200,359,167,1235
chr22:36462141-36462393,40,53,0
chr22:36484221-36484962,47,66,0
chr22:36742801-36743400,0,11,24
chr22:37464001-37465200,532,1197,273
chr22:37467201-37467400,72,96,38
chr22:37467600-37467801,102,82,0
chr22:37779201-37779400,60,21,49
chr22:37779601-37779800,36,107,44
chr22:37781402-37785800,1984,1709,2311
chr22:37791202-37792809,20,12,81
chr22:38286801-38287600,47,108,70
chr22:38405602-38409000,54,51,0
chr22:38510001-38511200,36,23,0
chr22:38704912-38705182,78,40,0
chr22:39110202-39111799,91,24,49
chr22:39184063-39184313,49,0,11
chr22:39202802-39203599,308,397,298
chr22:39204402-39208634,1509,1045,1139
chr22:39212822-39213198,50,78,12
chr22:39214249-39214840,118,203,86
chr22:39214956-39215147,37,27,28
chr22:39219201-39220400,147,135,25
chr22:39220601-39221601,82,12,37
chr22:39308702-39309209,8,22,81
chr22:39327801-39330000,11,3,0
chr22:39980001-39982400,25,29,74
chr22:40668002-40670200,27,20,0
chr22:40735601-40736000,27,23,0
chr22:40759401-40760800,0,10,25
chr22:40950251-40950540,40,13,12
chr22:40982601-40983599,1,0,24
chr22:40997601-40998000,0,1,12
chr22:41001311-41003727,0,51,23
chr22:41078401-41080000,8,34,0
chr22:41242401-41243000,24,21,112
chr22:41288309-41288538,13,20,16
chr22:41295602-41297199,25,29,0
chr22:41364401-41365600,0,29,25
chr22:41413484-41414893,125,68,32
chr22:41420401-41423000,255,134,277
chr22:41425602-41426400,260,68,141
chr22:41448331-41448949,27,71,49
chr22:41591801-41592000,26,20,91
chr22:41666735-41666949,280,209,129
chr22:41667535-41667778,56,112,94
chr22:41919894-41920124,13,0,9
chr22:41931984-41933199,23,20,25
chr22:42375112-42375239,29,16,127
chr22:42376090-42376259,71,0,118
chr22:42459002-42460799,0,2,11
chr22:42536202-42540200,14,6,0
chr22:42655698-42659400,46,0,48
chr22:42665001-42665400,61,34,0
chr22:42666001-42667399,67,0,20
chr22:42679480-42679670,46,2,41
chr22:42680671-42681076,54,64,196
chr22:42688461-42688745,155,16,324
chr22:42751201-42756600,0,24,44
chr22:43027401-43028999,19,34,0
chr22:43035002-43036999,7,21,0
chr22:43103202-43105000,25,0,23
chr22:44435181-44435486,63,7,12
chr22:44454002-44456999,0,22,24
chr22:44479566-44480000,27,45,0
chr22:44638001-44641199,17,0,21
chr22:44653601-44654600,0,57,24
chr22:44869002-44870799,25,8,23
chr22:45498002-45500999,53,420,19
chr22:45602815-45602995,150,76,67
chr22:45608954-45609151,262,143,104
chr22:45612408-45612798,59,10,19
chr22:45618602-45619200,160,458,27
chr22:45626001-45626949,27,0,15
chr22:45630602-45633800,28,39,126
chr22:45639139-45639449,11,0,24
chr22:45640531-45640658,36,1,9
chr22:45642201-45642600,153,123,57
chr22:45643201-45643600,47,112,0
chr22:45645611-45646080,155,145,67
chr22:45652800-45653001,13,20,0
chr22:45859201-45859400,14,0,6
chr22:45859593-45860196,0,21,12
chr22:45863601-45865600,17,24,0
chr22:45892601-45893399,0,83,95
chr22:46048270-46048709,13,32,25
chr22:46118402-46120799,0,21,23
chr22:46136401-46136600,0,69,42
chr22:46136801-46137200,92,57,64
chr22:46137401-46137600,64,61,23
chr22:46139001-46140800,25,304,50
chr22:46141401-46141865,0,143,23
chr22:46253401-46254999,17,21,0
chr22:46264601-46265000,53,40,17
chr22:46538880-46539130,0,18,12
chr22:46548886-46548989,7,2,0
chr22:47196601-47196800,48,0,24
chr22:49124601-49125200,4,22,0
chr22:49764601-49764800,40,0,37
chr22:49928201-49928600,18,20,0
chr22:49930962-49931284,37,23,0
chr22:49937077-49937456,54,11,0
chr22:49937883-49938328,21,25,0
chr22:49940801-49941154,13,35,23
chr22:50533152-50533522,172,63,219
chr22:50537968-50538111,53,16,11
chr22:50538163-50538577,51,84,51
chr22:50539526-50540000,76,94,56
chr22:50614601-50614800,5,2,0
chr22:50655001-50659400,94,73,101
chr22:50670612-50670879,21,1,23
chr22:50671289-50671959,87,34,99
chr20:310347-310804,19,25,0
chr20:567602-569301,0,12,36
chr20:753602-754600,73,32,0
chr20:755801-756200,0,37,76
chr20:1211802-1213600,77,205,118
chr20:1415020-1419399,70,53,208
chr20:1423402-1424799,139,17,25
chr20:1426202-1428399,23,16,0
chr20:1429458-1430799,69,73,218
chr20:1434953-1435337,24,0,95
chr20:1820060-1820250,16,23,0
chr20:1823062-1823287,6,36,12
chr20:1838201-1855199,303,233,223
chr20:1855402-1862600,359,153,614
chr20:1863401-1864400,76,0,73
chr20:1866801-1877368,1470,918,919
chr20:1885401-1885600,38,39,24
chr20:1885801-1886200,139,25,126
chr20:2180801-2182000,0,12,11
chr20:2452000-2452201,0,16,47
chr20:2646801-2647213,0,22,30
chr20:2668195-2668390,0,3,4
chr20:2684801-2686200,19,341,211
chr20:2690764-2691044,58,30,49
chr20:2691317-2691380,0,52,7
chr20:2762201-2763400,27,0,37
chr20:2821406-2821773,703,954,885
chr20:2825801-2827000,3875,5356,2673
chr20:2832210-2832264,64,5,66
chr20:3066202-3068599,89,65,0
chr20:3090201-3091000,0,6,49
chr20:3101001-3104431,24,162,90
chr20:3175717-3175908,16,0,2
chr20:3177601-3178400,316,345,89
chr20:3207993-3208193,7,0,28
chr20:3709946-3710331,15,153,240
chr20:3711008-3711117,0,45,44
chr20:3711436-3711797,14,264,186
chr20:3807461-3807805,78,51,117
chr20:3831201-3831400,8,14,3
chr20:3831601-3832200,0,66,24
chr20:3878001-3879599,305,348,296
chr20:3880001-3880200,24,5,0
chr20:3880801-3881800,55,82,39
chr20:4089806-4090023,22,0,22
chr20:4215617-4218999,66,92,722
chr20:4778401-4778800,69,0,476
chr20:5029801-5032400,13,43,0
chr20:5033415-5034199,23,21,0
chr20:5056774-5057287,13,73,25
chr20:5062802-5063800,217,228,9
chr20:5202220-5203000,94,49,37
chr20:5203201-5203400,0,3,19
chr20:5205309-5206199,127,96,62
chr20:5211001-5211400,37,23,19
chr20:5219601-5221400,96,76,76
chr20:5222801-5223412,76,0,66
chr20:5531798-5532006,8,0,3
chr20:5538601-5541600,48,0,172
chr20:6575601-6577399,73,16,0
chr20:6582465-6583999,205,46,25
chr20:6590202-6592799,78,0,17
chr20:6662401-6664600,27,70,0
chr20:6783401-6785000,134,14,759
chr20:6785201-6785400,22,9,94
chr20:6818001-6819000,32,0,82
chr20:6820401-6820600,99,0,144
chr20:7967294-7967849,0,18,50
chr20:9490001-9492566,27,39,37
chr20:9493001-9493400,0,31,23
chr20:9495851-9502000,318,187,191
chr20:9502401-9504600,561,455,653
chr20:11158002-11160599,51,23,38
chr20:13199402-13201400,74,24,0
chr20:13322202-13323399,27,62,47
chr20:13324201-13324400,27,10,36
chr20:13331401-13332400,117,129,70
chr20:16271001-16271200,18,0,18
chr20:16574880-16575311,32,11,0
chr20:17610660-17610838,21,0,88
chr20:17612461-17612861,29,0,52
chr20:17853401-17854800,0,46,11
chr20:18775201-18775400,3,0,12
chr20:19725401-19727999,204,23,328
chr20:19732201-19733400,0,7,49
chr20:19734401-19738600,29,0,137
chr20:19742602-19744200,22,12,36
chr20:19749402-19752000,27,47,0
chr20:20012601-20013000,72,26,162
chr20:22999201-23000401,47,0,147
chr20:23041401-23044399,149,13,743
chr20:23050207-23050378,0,5,58
chr20:23050710-23051546,40,0,153
chr20:23061773-23062011,23,0,23
chr20:23065001-23066200,560,471,500
chr20:23086989-23087532,8,23,39
chr20:23090201-23099000,47,26,0
chr20:23116279-23117078,27,0,24
chr20:23152357-23152740,45,30,0
chr20:23159420-23159789,13,0,21
chr20:23223801-23232311,30,0,27
chr20:23251001-23252600,28,0,5
chr20:23253602-23259799,0,66,20
chr20:23326201-23327200,41,0,24
chr20:23331401-23332600,68,31,0
chr20:23334001-23334800,27,20,10
chr20:24815402-24818000,27,47,0
chr20:24960736-24961340,237,37,571
chr20:25005114-25005659,69,11,0
chr20:25237835-25238142,20,0,44
chr20:25246590-25246818,27,42,23
chr20:25247270-25247452,3,0,12
chr20:25592202-25593000,14,42,22
chr20:31602940-31603191,0,1,12
chr20:31604047-31604543,28,0,24
chr20:31615402-31618799,24,20,5
chr20:31652401-31653800,54,168,121
chr20:31661444-31662061,18,1,54
chr20:31662258-31662347,13,0,43
chr20:32035513-32035816,9,0,49
chr20:32036907-32037026,3,18,55
chr20:32040288-32040883,13,0,12
chr20:32104801-32105400,13,0,21
chr20:32168202-32169000,162,116,30
chr20:32247564-32250399,15,4,51
chr20:32336601-32342000,260,65,26
chr20:32342202-32344000,64,0,73
chr20:32349001-32350400,24,70,50
chr20:32352002-32353000,112,51,37
chr20:32855600-32855800,204,460,220
chr20:33650802-33651999,111,140,76
chr20:33652201-33652400,4,16,16
chr20:33652601-33652800,0,17,92
chr20:33696422-33697600,42,46,0
chr20:34155601-34158000,12,131,43
chr20:34831202-34832799,14,12,0
chr20:35148170-35148422,2,45,12
chr20:35151729-35152600,0,92,10
chr20:35165002-35168199,34,307,47
chr20:35609216-35609429,348,94,83
chr20:35611001-35611601,649,94,58
chr20:36983601-36984200,7,22,0
chr20:37244802-37246599,25,0,94
chr20:37247801-37250000,0,10,25
chr20:37319209-37319494,20,0,99
chr20:37323601-37324800,23,0,33
chr20:37417018-37423400,79,116,62
chr20:37473801-37476600,0,21,101
chr20:37968601-37971200,55,0,42
chr20:37971601-37973796,82,0,10
chr20:38190802-38193800,0,22,24
chr20:38194601-38206200,82,318,19
chr20:40461801-40472200,0,47,51
chr20:40489800-40490600,0,10,13
chr20:40570002-40574400,23,20,21
chr20:40581401-40584999,0,16,100
chr20:40673002-40673999,80,0,27
chr20:40675402-40678600,28,73,36
chr20:40683134-40683768,0,23,23
chr20:40693202-40693600,27,141,49
chr20:40706970-40707799,0,16,13
chr20:40710601-40711400,34,17,13
chr20:40880001-40884799,25,21,23
chr20:40986601-40987799,27,0,19
chr20:40991459-40991784,13,0,21
chr20:40996801-40997401,22,34,32
chr20:41391399-41396800,28,0,26
chr20:44079401-44081799,47,21,0
chr20:44097401-44099000,174,24,509
chr20:44104939-44105999,115,0,54
chr20:44187907-44188299,431,0,118
chr20:44231201-44232400,19,34,49
chr20:44296028-44296348,0,24,12
chr20:44495334-44495558,17,82,176
chr20:45086202-45089399,165,555,556
chr20:45090001-45090601,42,186,46
chr20:45244801-45247200,3826,29,784
chr20:45290356-45291600,13,11,0
chr20:45458402-45459999,93,350,49
chr20:45465401-45466600,17,23,0
chr20:45917202-45923199,171,91,9
chr20:46107002-46113799,0,72,22
chr20:46132201-46133399,147,45,151
chr20:46135001-46136799,25,32,0
chr20:46138602-46140799,101,46,50
chr20:46329402-46334999,29,0,73
chr20:47200002-47201837,26,0,11
chr20:47202438-47206599,0,25,47
chr20:47360139-47360539,22,12,0
chr20:47360603-47361091,26,18,0
chr20:47376984-47381399,47,114,21
chr20:47791980-47792337,5,2,0
chr20:47798211-47799800,1505,685,148
chr20:48064601-48067189,203,43,17
chr20:48072214-48072387,25,56,0
chr20:48896801-48902600,0,8,28
chr20:49098401-49099400,55,0,55
chr20:49099802-49101800,131,64,26
chr20:49595812-49596520,26,131,0
chr20:49622602-49628199,39,42,36
chr20:49738602-49741800,57,24,73
chr20:49900201-49900400,27,0,49
chr20:49964801-49967399,125,154,149
chr20:49968201-49970799,157,297,162
chr20:49976501-49977799,48,0,25
chr20:49993001-49994799,12,16,0
chr20:50011801-50021800,17,15,16
chr20:50204201-50206800,27,0,1003
chr20:50208201-50209199,57,22,513
chr20:50234201-50239800,0,17,101
chr20:50240002-50241200,12,0,96
chr20:50284816-50284987,42,7,268
chr20:50285889-50286262,134,189,267
chr20:50286569-50287074,70,40,24
chr20:50323602-50324999,79,70,185
chr20:50415638-50415960,23,23,0
chr20:50417601-50417800,11,0,20
chr20:50430691-50431167,13,0,3
chr20:50450850-50451316,27,22,0
chr20:50451332-50451662,32,3,0
chr20:50455951-50456068,8,11,0
chr20:50467816-50468999,0,21,11
chr20:50473047-50473321,10,0,12
chr20:50721650-50723237,2,19,0
chr20:51379488-51380999,0,23,109
chr20:51938206-51939615,27,10,50
chr20:51966400-51967000,0,42,12
chr20:52748278-52749361,27,23,0
chr20:52958962-52959691,45,224,0
chr20:53530802-53533600,0,21,50
chr20:53695789-53702399,11,10,0
chr20:53859001-53861000,0,45,36
chr20:53863751-53864786,0,23,25
chr20:53865163-53865562,14,1,0
chr20:53865997-53866745,0,22,2
chr20:53889802-53895890,21,0,30
chr20:57570201-57571200,137,62,221
chr20:57573001-57574599,114,12,0
chr20:57581752-57582021,44,4,0
chr20:57582475-57582637,4,0,2
chr20:57716274-57716545,8,0,35
chr20:57986503-57987282,37,83,33
chr20:58452402-58453599,0,10,23
chr20:58622552-58630999,120,51,97
chr20:58636402-58637599,0,20,74
chr20:58645200-58646399,0,18,25
chr20:59861460-59861788,14,0,12
chr20:59954602-59955666,26,0,12
chr20:60037001-60038999,174,167,410
chr20:60046168-60046491,0,11,34
chr20:62207401-62207600,0,23,52
chr20:62297201-62298000,38,76,120
chr20:62299601-62300184,14,88,24
chr20:62380002-62383223,103,117,100
chr20:62529201-62538199,32,0,59
chr20:62595398-62595852,82,0,24
chr20:62617868-62618350,0,120,140
chr20:62623267-62623692,13,0,171
chr20:62628121-62628575,0,22,17
chr20:62639001-62639400,123,0,161
chr20:62689601-62689800,47,6,562
chr20:62782153-62783999,13,45,24
chr20:62874236-62874528,1,14,0
chr20:63163602-63164599,0,18,60
chr20:63186448-63187199,26,0,2
chr20:63519432-63519747,73,77,1
chr20:63525601-63526800,188,440,451
chr20:64044598-64044959,12,0,80
chr21:14776001-14776400,27,0,12
chr21:17501600-17502000,0,13,9
chr21:22421629-22421806,13,21,0
chr21:26795050-26796799,24,0,25
chr21:26798944-26802399,67,0,22
chr21:26849201-26853199,78,24,52
chr21:26970836-26971169,44,108,49
chr21:27024202-27026999,54,174,0
chr21:27111001-27112600,39,24,0
chr21:27206001-27207001,0,83,110
chr21:27220401-27222000,54,43,0
chr21:27240601-27241200,55,88,0
chr21:27275002-27276400,4,19,0
chr21:27345801-27347000,0,23,49
chr21:27694570-27695101,47,23,47
chr21:27795401-27796600,49,0,25
chr21:27860595-27861200,0,5,37
chr21:27928001-27929599,25,0,23
chr21:28233802-28237200,24,0,22
chr21:28252801-28254201,27,0,20
chr21:28256201-28257799,28,0,26
chr21:28280001-28281200,25,0,27
chr21:28282602-28284599,21,0,49
chr21:28293801-28294800,21,0,24
chr21:28325001-28325400,0,19,97
chr21:28325602-28326799,53,0,41
chr21:28752601-28757999,9,24,106
chr21:28770201-28772472,8,10,67
chr21:28794201-28794999,14,0,24
chr21:28805001-28807000,0,21,13
chr21:28821201-28824199,5,45,9
chr21:28830601-28838199,108,254,0
chr21:28922350-28923999,185,389,262
chr21:29002369-29002944,96,113,112
chr21:31106402-31110000,0,21,47
chr21:31581601-31583200,0,12,13
chr21:31629402-31630602,0,23,80
chr21:31732620-31733008,29,39,81
chr21:31733250-31733568,23,0,40
chr21:33311001-33318799,55,0,64
chr21:33364427-33364542,94,9,19
chr21:33374370-33374779,15,0,24
chr21:33984201-33986800,4,0,25
chr21:36128201-36128600,40,84,50
chr21:36421801-36424400,27,0,25
chr21:37039001-37039800,15,23,24
chr21:37530402-37532000,51,0,49
chr21:38341611-38341992,2,1,0
chr21:38343202-38344599,27,23,50
chr21:38350701-38351019,13,10,0
chr21:38355401-38358000,92,19,38
chr21:38363001-38368000,26,106,114
chr21:38772402-38774999,4,23,0
chr21:39103602-39108000,70,0,72
chr21:39167608-39167965,64,37,36
chr21:40959601-40960000,748,1603,0
chr21:41149601-41150200,130,303,26
chr21:41151601-41153800,180,375,25
chr21:41164866-41165062,44,24,41
chr21:41460402-41461800,39,49,245
chr21:41462801-41463000,0,1,6
chr21:41639602-41644200,0,84,151
chr21:41663202-41667800,16,0,67
chr21:41701402-41703200,12,0,20
chr21:41768627-41769081,26,0,24
chr21:41973350-41975200,0,70,24
chr21:41985401-41985600,27,0,26
chr21:42306401-42307599,53,0,25
chr21:42448801-42451400,459,0,290
chr21:42452402-42457399,338,0,114
chr21:42776601-42776800,23,33,0
chr21:42799002-42801199,23,6,25
chr21:42811801-42812983,139,405,108
chr21:42818161-42818677,66,115,100
chr21:42839601-42839800,79,36,8
chr21:42915201-42915800,23,33,7
chr21:42927105-42928206,173,31,50
chr21:42928401-42928800,46,39,0
chr21:42929828-42930624,82,26,24
chr21:42935875-42936218,24,92,20
chr21:42941601-42942399,27,0,24
chr21:43036201-43040000,74,23,299
chr21:43191001-43191400,8,0,24
chr21:43192802-43197999,46,47,153
chr21:43333412-43333726,0,23,20
chr21:43333783-43334062,0,11,2
chr21:43349063-43349506,69,23,0
chr21:43352401-43356799,494,93,570
chr21:43429801-43431599,54,38,200
chr21:43497002-43499599,0,23,46
chr21:43509802-43523599,24,21,22
chr21:43697863-43699200,271,46,111
chr21:43764001-43765599,0,29,183
chr21:43823801-43825800,46,33,361
chr21:43829401-43830200,5,0,130
chr21:43830402-43832000,37,0,57
chr21:43842001-43843999,24,0,29
chr21:43850601-43851400,8,0,24
chr21:43858202-43862599,47,93,151
chr21:44005202-44007999,54,0,119
chr21:44009401-44009600,0,19,9
chr21:44482001-44482400,13,23,0
chr21:44830801-44833400,74,245,25
chr21:44834401-44834600,0,23,7
chr21:44835202-44837599,81,131,51
chr21:44846455-44846650,33,0,12
chr21:44875155-44875949,1035,621,2731
chr21:44980202-44981400,79,45,27
chr21:45017960-45018167,13,22,0
chr21:45029201-45035400,176,141,40
chr21:45049492-45052425,0,44,14
chr21:45058001-45058200,6,6,3
chr21:45060200-45061400,0,69,7
chr21:45069022-45069323,6,3,0
chr21:45317544-45317785,21,24,92
chr21:45318917-45319096,63,9,24
chr21:45320796-45321064,34,0,25
chr21:45321440-45321872,6,22,24
chr21:45322781-45323239,0,11,26
chr21:45330026-45330356,9,120,24
chr21:45349864-45350252,0,11,19
chr21:45366938-45367351,205,58,117
chr21:45372601-45375399,19,0,45
chr21:46018601-46019000,0,18,24
chr21:46025002-46025999,0,3,14
chr21:46027801-46029600,25,87,0
chr21:46083002-46084399,2,0,2
chr21:46092333-46092756,40,446,0
chr21:46572601-46573000,69,94,24
chr21:46575201-46575600,0,9,24
chr21:46583713-46584096,0,132,143
chr7:348002-349616,0,17,60
chr7:450601-453399,24,0,13
chr7:460002-466399,0,48,42
chr7:793202-794599,22,0,11
chr7:797002-798400,77,61,140
chr7:995382-995573,87,5,56
chr7:1520001-1521999,0,149,26
chr7:1591201-1593600,21,76,0
chr7:2450001-2450800,141,148,223
chr7:2457801-2458400,0,26,70
chr7:2459400-2460000,38,116,112
chr7:2465602-2466400,58,21,57
chr7:2479801-2480000,1,0,12
chr7:2487002-2490800,142,57,24
chr7:2492802-2500999,321,237,148
chr7:2503002-2504799,25,0,94
chr7:2529804-2530165,0,147,30
chr7:2530220-2530611,22,203,85
chr7:2530703-2530861,0,11,35
chr7:2535385-2535827,12,26,61
chr7:2667801-2668601,32,0,398
chr7:2669601-2669800,33,0,54
chr7:2670601-2671800,23,45,823
chr7:2672001-2672200,5,0,126
chr7:2672401-2674199,89,10,472
chr7:3192402-3196000,231,493,47
chr7:3204001-3204200,4,6,7
chr7:3243139-3245399,12,92,25
chr7:4469801-4470200,27,23,0
chr7:4606802-4607999,0,69,25
chr7:4619001-4621799,49,179,22
chr7:4624594-4626713,26,180,0
chr7:4650201-4652399,133,23,25
chr7:4655400-4656400,21,147,92
chr7:4659570-4659870,23,0,16
chr7:4661801-4662300,66,22,0
chr7:4667402-4670000,0,31,25
chr7:5856362-5857400,0,118,73
chr7:5857602-5859399,0,46,8
chr7:6306002-6308799,24,12,13
chr7:6315713-6316600,30,35,0
chr7:6316801-6317000,0,3,5
chr7:6366802-6369000,23,10,0
chr7:6566202-6569999,0,11,12
chr7:6571202-6573000,0,10,14
chr7:6630459-6630704,15,34,0
chr7:7304801-7305400,9,21,0
chr7:8111001-8112400,24,17,9
chr7:11170295-11172146,16,90,76
chr7:15129402-15132799,0,62,66
chr7:15158201-15159400,121,0,3
chr7:15195601-15195800,0,45,14
chr7:15198117-15199400,27,0,48
chr7:15707401-15711000,57,312,94
chr7:15720202-15721999,224,257,56
chr7:15724401-15725800,239,817,151
chr7:15845600-15846600,0,16,37
chr7:15852602-15856599,0,36,26
chr7:16598001-16598800,54,17,21
chr7:16734201-16734600,26,0,10
chr7:16736801-16738200,0,70,34
chr7:16750401-16750800,0,31,12
chr7:16785802-16786200,7,79,75
chr7:17651202-17652999,0,21,23
chr7:19118417-19118674,176,72,0
chr7:20416801-20418200,0,183,80
chr7:20423401-20424399,0,15,21
chr7:20448202-20451600,0,67,72
chr7:20464402-20472399,28,646,39
chr7:20481802-20485400,44,16,0
chr7:20506201-20509000,24,64,0
chr7:20541601-20543200,0,24,21
chr7:20577401-20578399,0,13,19
chr7:22108401-22108600,87,0,237
chr7:22109653-22111399,613,111,2280
chr7:22113201-22113400,64,0,154
chr7:22114401-22116200,404,0,821
chr7:22359343-22359598,15,11,0
chr7:22401402-22403400,53,91,19
chr7:22884402-22886600,435,80,173
chr7:23276002-23277852,145,236,39
chr7:23498401-23500800,94,47,200
chr7:26084201-26085000,0,3,1
chr7:26117001-26117601,21,65,97
chr7:26143354-26145200,92,0,115
chr7:26148671-26149600,54,0,18
chr7:26500601-26500800,22,44,0
chr7:26508601-26509399,27,23,0
chr7:26567201-26567800,0,46,7
chr7:26587202-26588199,144,322,19
chr7:26618600-26619000,35,39,17
chr7:26628001-26628400,0,4,56
chr7:26648202-26649170,81,29,0
chr7:26658204-26658445,0,11,15
chr7:27442201-27442999,0,14,24
chr7:27515802-27516999,49,156,0
chr7:28937402-28941199,54,0,24
chr7:30163431-30163802,27,11,0
chr7:30164404-30164690,3,0,97
chr7:30166360-30166764,27,87,110
chr7:30169220-30169645,94,18,181
chr7:30170789-30171126,64,5,57
chr7:30171825-30172059,13,31,70
chr7:30180816-30181032,34,37,0
chr7:30181401-30181800,25,65,49
chr7:30182849-30183251,55,79,39
chr7:30184899-30185462,430,344,127
chr7:30188356-30188698,26,16,0
chr7:30188801-30189000,32,23,16
chr7:30200601-30202199,747,792,312
chr7:30212001-30213600,108,70,220
chr7:30224604-30225043,271,154,29
chr7:30225881-30226376,326,321,160
chr7:30232313-30232756,34,102,20
chr7:30236802-30241999,111,103,34
chr7:30246802-30255866,598,1008,803
chr7:30269201-30270000,0,19,13
chr7:30270601-30271800,27,78,173
chr7:30278001-30280599,125,118,354
chr7:30281002-30282199,322,304,182
chr7:30479458-30479847,0,23,46
chr7:30493401-30493600,61,15,0
chr7:30929801-30930199,51,0,24
chr7:30930237-30930443,13,0,12
chr7:30930535-30934599,217,0,513
chr7:30934801-30935800,14,0,88
chr7:31000001-31000800,0,19,6
chr7:31006601-31007400,0,23,13
chr7:31016801-31021399,0,56,22
chr7:31025602-31028399,39,213,13
chr7:31029401-31030200,27,23,0
chr7:31711001-31711200,0,38,14
chr7:32474801-32475400,53,15,0
chr7:32779601-32780600,26,0,1
chr7:32843601-32844000,155,268,218
chr7:32863401-32864200,295,52,311
chr7:32865601-32866000,185,120,111
chr7:32910202-32910800,26,34,24
chr7:33897401-33898400,26,21,0
chr7:33900002-33900599,23,0,24
chr7:35198202-35199266,55,21,24
chr7:35199802-35200799,0,45,24
chr7:35624202-35625057,41,113,75
chr7:35627601-35628600,17,89,18
chr7:35630600-35631200,107,66,128
chr7:35738601-35739200,17,10,24
chr7:35749600-35751200,0,229,26
chr7:35915001-35916200,34,58,11
chr7:36309401-36310200,27,34,84
chr7:36310401-36310800,43,0,24
chr7:36315202-36316199,0,12,13
chr7:36317601-36319201,77,24,42
chr7:36507601-36508000,0,28,9
chr7:36510401-36510600,38,110,111
chr7:36736504-36737216,101,41,24
chr7:36796402-36798400,0,24,26
chr7:36809201-36809803,0,44,49
chr7:36820493-36821400,21,11,25
chr7:36851402-36853399,0,216,301
chr7:38129601-38130000,5,18,0
chr7:38160001-38160400,0,20,24
chr7:38232859-38233386,21,62,17
chr7:38336740-38336784,16,0,37
chr7:38671402-38675200,54,23,74
chr7:39611201-39611426,74,127,7
chr7:39799001-39799800,0,20,47
chr7:40116719-40117954,17,7,24
chr7:40921402-40923199,25,21,0
chr7:41051402-41052800,17,0,11
chr7:41063001-41063600,26,45,0
chr7:41930202-41930999,24,38,61
chr7:42879801-42882000,39,23,21
chr7:42888183-42888820,133,165,33
chr7:42893201-42894000,54,10,49
chr7:43809001-43809800,151,115,61
chr7:43810201-43810401,4,49,0
chr7:44093801-44098599,51,21,0
chr7:44102320-44102608,25,1,0
chr7:44547766-44548199,100,11,46
chr7:44561802-44563599,246,57,277
chr7:44576529-44576891,514,573,458
chr7:44710001-44710400,23,0,48
chr7:44711601-44712600,23,35,49
chr7:44713201-44714400,23,23,17
chr7:44733001-44737200,52,44,0
chr7:44772201-44772400,0,11,44
chr7:44890801-44892999,39,23,0
chr7:44893401-44895649,0,44,25
chr7:44897001-44898399,67,57,25
chr7:44911802-44913599,54,0,50
chr7:44913802-44916000,0,23,50
chr7:44921489-44922600,21,18,0
chr7:44979625-44979986,0,27,24
chr7:44989601-44992199,162,554,226
chr7:45188710-45188830,26,36,48
chr7:45189201-45189600,228,250,200
chr7:45192830-45193110,0,30,173
chr7:45202601-45203000,123,217,946
chr7:45203202-45205599,628,920,3783
chr7:45237695-45242000,23,91,360
chr7:45257401-45257600,13,0,20
chr7:46003825-46005399,28,24,0
chr7:46178401-46179401,21,45,19
chr7:46191001-46193200,39,23,0
chr7:47153001-47154999,0,85,49
chr7:47198001-47198600,0,39,18
chr7:47217201-47219601,81,0,23
chr7:47239001-47239799,0,13,38
chr7:47240002-47240800,0,12,149
chr7:47266001-47268200,54,46,86
chr7:47270201-47270800,36,0,23
chr7:47590802-47593107,24,77,124
chr7:48066001-48067200,0,32,49
chr7:48073201-48075199,0,24,22
chr7:48082513-48082562,10,0,13
chr7:48109401-48110955,27,0,125
chr7:50422201-50422600,24,43,0
chr7:54993000-54993600,9,45,0
chr7:54994402-54996737,95,135,130
chr7:54996801-54997000,24,0,11
chr7:55016801-55017000,13,7,23
chr7:56097602-56098599,206,79,217
chr7:64839936-64840331,145,475,12
chr7:64936201-64937000,54,24,59
chr7:64959400-64959601,0,53,25
chr7:65020955-65021600,5,15,0
chr7:65030601-65031400,0,46,21
chr7:65243201-65244199,0,44,49
chr7:65837202-65838031,74,130,0
chr7:65984000-65985000,67,22,22
chr7:66000602-66001999,47,46,45
chr7:66170002-66171303,20,17,64
chr7:66608202-66609800,0,117,167
chr7:66611801-66612400,20,0,57
chr7:66618402-66620199,134,93,47
chr7:66877201-66878600,52,83,151
chr7:66889401-66890400,217,292,417
chr7:66899801-66900600,5,69,35
chr7:67249201-67249600,40,0,12
chr7:67257001-67258600,54,192,215
chr7:67259201-67259600,13,28,31
chr7:67267601-67268200,40,77,19
chr7:67274001-67274400,162,174,118
chr7:67276801-67277001,38,11,0
chr7:72527601-72529400,25,60,50
chr7:72556401-72558000,0,48,23
chr7:72873602-72875799,160,103,176
chr7:73379201-73386000,24,0,11
chr7:73410001-73411399,27,0,36
chr7:73419801-73420599,0,32,11
chr7:73674837-73675205,26,23,0
chr7:73679970-73680196,105,46,97
chr7:73725522-73726205,0,10,24
chr7:73742734-73743408,0,11,25
chr7:73773002-73775599,9,31,12
chr7:74128601-74129999,72,21,66
chr7:74132201-74132800,2,12,0
chr7:74133089-74135400,0,95,75
chr7:74141202-74142821,34,51,21
chr7:74153800-74154001,55,11,0
chr7:74165200-74165400,21,0,7
chr7:74279692-74279953,30,18,16
chr7:74929401-74930200,61,28,0
chr7:74931483-74933599,203,167,24
chr7:74933801-74934000,27,16,36
chr7:74951001-74953600,55,91,0
chr7:75077402-75078800,192,172,75
chr7:75082201-75083400,47,45,82
chr7:75083801-75084200,33,23,0
chr7:75490201-75491599,803,978,999
chr7:75530802-75532199,119,78,289
chr7:75791002-75792400,39,10,0
chr7:76162202-76165399,79,0,15
chr7:76294511-76294943,0,20,12
chr7:76309801-76311799,0,6,26
chr7:76321601-76324400,79,17,193
chr7:76452401-76454200,22,57,174
chr7:76543200-76543400,17,75,0
chr7:76543602-76545999,94,215,881
chr7:76637000-76637600,87,74,81
chr7:76639602-76643999,517,455,433
chr7:76644802-76646400,305,229,170
chr7:76672002-76674399,81,146,74
chr7:76676601-76678200,165,21,73
chr7:76681001-76684000,80,324,182
chr7:76804602-76806399,54,0,50
chr7:76950401-76952000,102,97,123
chr7:77789202-77793000,54,17,18
chr7:78014401-78014600,0,18,14
chr7:80232845-80233800,27,0,139
chr7:87501201-87501400,99,56,0
chr7:88309405-88324400,0,22,24
chr7:90242845-90243124,678,233,232
chr7:90243401-90243600,1,13,0
chr7:90326801-90327000,51,0,67
chr7:91227802-91229599,0,21,23
chr7:91233400-91233800,0,20,82
chr7:91285202-91288674,49,47,22
chr7:91307801-91309599,25,0,23
chr7:91565256-91567999,44,20,0
chr7:91632201-91633400,8,23,49
chr7:91892202-91893799,28,68,0
chr7:92402401-92404799,81,0,141
chr7:93957602-93958999,231,125,16
chr7:93959401-93959800,35,0,24
chr7:94129002-94130399,0,29,4
chr7:94264718-94267096,110,90,0
chr7:94276001-94276600,90,74,0
chr7:94277000-94277201,78,120,0
chr7:95334202-95335999,16,43,73
chr7:95398201-95398600,97,29,0
chr7:95619601-95620800,0,133,17
chr7:96324337-96324639,0,46,20
chr7:98641401-98642599,27,0,25
chr7:99641601-99642399,68,12,24
chr7:99737401-99738400,272,348,174
chr7:99739601-99742000,42,230,63
chr7:99750202-99753199,80,118,0
chr7:99949801-99950400,0,42,24
chr7:100046580-100046942,98,99,116
chr7:100287201-100287800,33,69,0
chr7:100294602-100296600,28,213,55
chr7:100442802-100447200,0,20,260
chr7:100521601-100523599,28,79,0
chr7:101064324-101064723,0,8,1
chr7:102357600-102357800,124,27,155
chr7:102358402-102360999,217,205,418
chr7:103171201-103172000,0,37,10
chr7:104929805-104934800,44,0,65
chr7:104939002-104940200,0,65,25
chr7:106084401-106087200,49,115,321
chr7:106089201-106089400,16,11,25
chr7:106089801-106090000,0,12,26
chr7:106176202-106180799,24,0,22
chr7:106216401-106216896,0,28,11
chr7:106217045-106217325,0,2,1
chr7:106289402-106292399,16,0,39
chr7:106951801-106953687,26,11,12
chr7:106977371-106980590,0,44,21
chr7:106998801-106999600,0,21,24
chr7:107041001-107042000,0,22,49
chr7:107631801-107632800,14,105,131
chr7:107633401-107633600,0,19,20
chr7:107633801-107634000,13,0,45
chr7:107636202-107640000,81,57,87
chr7:108004382-108004579,0,24,29
chr7:108007401-108007600,5,11,0
chr7:108010202-108011800,25,99,0
chr7:108019601-108021400,9,8,0
chr7:108132401-108133599,2,10,23
chr7:108468202-108469199,117,0,54
chr7:110650001-110650600,26,45,67
chr7:114084597-114084886,0,9,32
chr7:116562120-116562507,0,2,41
chr7:117273601-117273800,0,10,12
chr7:117982001-117982401,43,0,37
chr7:118151402-118153399,28,0,42
chr7:120267601-120267800,4,11,0
chr7:121298001-121299600,116,316,128
chr7:123675801-123676200,29,0,24
chr7:123679801-123680200,40,15,38
chr7:123780201-123782799,0,47,25
chr7:127579001-127579600,0,41,19
chr7:128094401-128094600,31,20,31
chr7:128096401-128096800,73,26,24
chr7:128098976-128099798,1,23,37
chr7:128258201-128258400,11,0,40
chr7:128421801-128424200,55,29,0
chr7:128434401-128441000,58,100,21
chr7:128453912-128454067,14,103,0
chr7:128511801-128513000,4,20,11
chr7:128664801-128665000,72,82,168
chr7:129524001-129525600,14,14,0
chr7:129591202-129593799,27,411,21
chr7:129594601-129595800,0,142,25
chr7:131580601-131582800,0,16,43
chr7:134083401-134086400,53,45,49
chr7:134113601-134114000,198,181,40
chr7:134114201-134114400,29,113,20
chr7:134121001-134122399,0,91,50
chr7:134617202-134621000,47,23,24
chr7:134722401-134725059,23,24,0
chr7:135174440-135174834,294,258,228
chr7:135176601-135179000,3064,2684,2261
chr7:135181586-135181856,899,1138,396
chr7:135334801-135336400,17,24,0
chr7:135652801-135654200,0,57,36
chr7:137224801-137225000,42,74,35
chr7:137225201-137226400,40,195,72
chr7:137850800-137852600,1150,584,3707
chr7:137859870-137859992,0,16,56
chr7:137870981-137872000,27,66,77
chr7:139329801-139330200,27,99,24
chr7:139429601-139430200,0,14,17
chr7:139433801-139435064,0,46,24
chr7:140247571-140256799,0,98,45
chr7:140444202-140452017,13,0,102
chr7:140483202-140486400,51,14,0
chr7:141792364-141792615,615,498,97
chr7:142431601-142432400,75,0,23
chr7:142717578-142718347,0,65,53
chr7:142798470-142799809,241,1392,578
chr7:143214801-143218200,24,20,0
chr7:143616869-143617789,593,533,364
chr7:143734601-143735600,151,124,0
chr7:143736972-143737828,24,0,25
chr7:144019001-144020599,0,19,49
chr7:144388601-144389400,27,0,23
chr7:149187201-149189600,535,907,484
chr7:149227002-149229000,28,0,26
chr7:149232602-149234599,17,12,45
chr7:149257001-149257800,27,0,28
chr7:149735992-149736599,108,105,110
chr7:149736801-149737000,49,51,64
chr7:149774422-149774620,216,108,168
chr7:149978800-149979400,39,45,0
chr7:150031601-150032400,32,29,0
chr7:150090801-150091400,0,22,24
chr7:150167201-150170600,103,67,0
chr7:150202801-150203400,25,22,20
chr7:150205401-150208400,21,150,0
chr7:150673001-150673200,0,28,27
chr7:150764801-150766035,180,240,139
chr7:150784989-150785179,13,9,0
chr7:150814801-150815200,27,1,0
chr7:150823095-150823475,43,11,0
chr7:151328202-151329199,0,22,47
chr7:151414201-151414400,222,381,91
chr7:151415001-151417800,784,1723,809
chr7:151455402-151458200,24,0,18
chr7:151459947-151460346,0,15,74
chr7:152127183-152127525,29,0,25
chr7:152883801-152884600,24,47,0
chr7:152894202-152895199,0,65,22
chr7:152974601-152975000,0,13,1
chr7:153796601-153797800,0,3,25
chr7:155220000-155221600,28,0,28
chr7:155226602-155231600,151,0,90
chr7:155232802-155234599,25,0,73
chr7:155234801-155236199,7,23,0
chr7:155239001-155240600,8754,6081,3856
chr7:155251747-155252062,524,33,384
chr7:155252383-155253200,132,29,46
chr7:155276601-155279600,133,0,73
chr7:155287271-155287645,11,34,25
chr7:156921402-156923799,25,131,23
chr7:157049201-157051000,25,21,0
chr7:157279637-157279992,13,39,0
chr7:157285864-157286516,0,13,75
chr7:157422202-157424599,81,135,74
chr7:157432602-157432931,0,2,8
chr7:158973287-158973640,15,16,0
chr6:387336-389000,204,411,150
chr6:389797-389927,8,71,17
chr6:478601-479200,223,32,70
chr6:1480202-1483199,21,45,0
chr6:1533402-1538799,48,197,0
chr6:1619645-1619988,42,14,0
chr6:2531401-2536200,0,43,23
chr6:2577402-2582399,17,99,0
chr6:2790710-2790856,2,0,9
chr6:2795965-2796146,43,0,12
chr6:2799965-2800497,19,12,0
chr6:2809807-2810356,35,11,83
chr6:2823001-2824084,25,0,37
chr6:2825201-2827400,27,0,36
chr6:2828201-2828800,66,10,75
chr6:2829201-2830400,229,80,411
chr6:2886206-2886716,103,87,139
chr6:2913801-2914800,0,15,24
chr6:3466401-3467200,57,68,72
chr6:3899801-3901000,102,574,0
chr6:3902401-3902800,9,112,0
chr6:3925002-3926799,0,134,23
chr6:3933001-3933201,0,21,3
chr6:3962601-3963800,98,126,25
chr6:3965000-3966200,17,69,0
chr6:3986402-3987999,384,874,97
chr6:3996402-3998799,29,201,51
chr6:4005201-4005800,51,6,49
chr6:4168602-4169800,14,43,0
chr6:4171801-4173000,111,287,70
chr6:4176601-4177800,194,554,354
chr6:4207602-4211057,55,47,0
chr6:4224601-4225799,0,36,25
chr6:4250401-4251600,27,113,47
chr6:4256401-4258800,0,80,23
chr6:4637402-4638600,0,105,1
chr6:4643801-4646599,24,21,22
chr6:4981801-4985329,119,360,81
chr6:4990422-4990671,24,78,0
chr6:5061198-5062000,27,18,0
chr6:5093802-5097400,19,257,100
chr6:5905002-5906610,25,22,0
chr6:5936001-5937599,19,56,0
chr6:5994145-5994411,51,0,12
chr6:5996840-5997326,13,23,0
chr6:6811221-6811995,0,9,12
chr6:6867602-6877800,54,15,0
chr6:7056001-7063000,0,42,22
chr6:7636001-7636599,13,0,12
chr6:7684001-7685600,25,0,36
chr6:10465602-10466800,27,21,0
chr6:10733001-10733200,48,8,0
chr6:10733602-10735999,389,73,23
chr6:10740601-10741000,30,89,12
chr6:11814002-11816199,164,46,18
chr6:12170401-12172399,28,18,0
chr6:12174401-12175600,36,0,9
chr6:12202650-12203800,43,28,0
chr6:12204801-12205800,0,22,13
chr6:12206601-12209400,24,42,0
chr6:12231801-12236200,23,46,0
chr6:12237601-12243600,267,137,108
chr6:12244401-12244600,36,17,22
chr6:12245401-12246600,181,18,132
chr6:12249399-12251200,424,329,263
chr6:12252801-12253400,38,116,50
chr6:12260601-12263000,89,80,7
chr6:12264202-12269800,0,25,27
chr6:12284910-12285262,20,23,20
chr6:12287793-12288023,20,17,12
chr6:12288090-12288637,13,85,57
chr6:13488334-13488414,0,4,13
chr6:13712573-13713082,61,35,0
chr6:14140801-14143200,25,248,0
chr6:16154401-16154800,13,10,0
chr6:16158000-16158201,54,20,102
chr6:16162001-16162400,56,34,31
chr6:17713677-17716800,0,9,25
chr6:18472601-18474799,47,0,292
chr6:18475601-18479200,398,93,401
chr6:18481801-18482400,86,0,144
chr6:18490802-18492128,75,0,145
chr6:18492981-18494599,109,64,114
chr6:18495201-18496838,26,0,24
chr6:20033802-20034999,19,0,25
chr6:23280001-23281400,0,44,13
chr6:25628601-25628801,0,11,3
chr6:25782001-25782200,0,9,21
chr6:26005801-26007799,220,304,36
chr6:26008401-26008800,52,103,21
chr6:26012001-26012600,47,254,62
chr6:26140602-26142799,27,20,50
chr6:26396601-26398200,0,21,89
chr6:26437718-26437943,27,22,0
chr6:26671801-26672200,27,0,24
chr6:26818555-26819400,13,67,12
chr6:27144646-27144992,19,1431,0
chr6:27448554-27448778,19,0,25
chr6:28235401-28236800,322,68,27
chr6:28303601-28303801,9,28,0
chr6:28309401-28311800,21,106,23
chr6:28371601-28372600,137,295,114
chr6:28425801-28426200,413,488,234
chr6:28933802-28935599,0,10,23
chr6:29490499-29491018,26,251,0
chr6:29847860-29848478,54,45,37
chr6:29891001-29891200,128,199,0
chr6:29916601-29921000,23,791,72
chr6:29952802-29955599,1297,1262,583
chr6:29961602-29962800,239,74,66
chr6:29964922-29965104,13,17,25
chr6:29980601-29981000,59,202,0
chr6:29981202-29983000,3,57,23
chr6:30219136-30219800,0,64,26
chr6:30227602-30228400,0,10,36
chr6:30231040-30231600,21,2,0
chr6:30498802-30502200,24,46,22
chr6:30524601-30525400,47,121,112
chr6:30527870-30528199,21,24,147
chr6:30529895-30530291,0,17,12
chr6:30695001-30696000,10,0,24
chr6:30836201-30837371,0,1,9
chr6:31228002-31230399,0,36,11
chr6:31260001-31260400,8,1,1
chr6:31386602-31387600,85,57,109
chr6:31389200-31389600,23,34,40
chr6:31390601-31391000,0,12,12
chr6:31391201-31391800,50,2,99
chr6:31559887-31560913,20,126,47
chr6:31562044-31562434,27,69,17
chr6:31568445-31569126,133,158,75
chr6:31821067-31821407,54,69,77
chr6:31821895-31822503,15,100,55
chr6:31840895-31843573,9,48,26
chr6:32615202-32616999,0,71,23
chr6:32654001-32654400,0,17,59
chr6:32863001-32863400,109,162,115
chr6:32882202-32884399,27,217,61
chr6:32903401-32904000,309,988,190
chr6:32904401-32905800,27,59,36
chr6:32929002-32931599,74,388,209
chr6:32982345-32985241,15,0,61
chr6:32999996-33001599,0,39,42
chr6:33248401-33248530,61,48,63
chr6:33485195-33485600,20,7,15
chr6:33533081-33533800,0,35,24
chr6:33832001-33832301,39,20,12
chr6:34574601-34575601,33,93,118
chr6:34580602-34581599,81,12,0
chr6:34584401-34584800,21,0,24
chr6:34585001-34585350,12,0,55
chr6:35152002-35152999,161,197,22
chr6:35160201-35163400,0,14,26
chr6:35197193-35197750,26,20,0
chr6:35201602-35204399,0,42,271
chr6:35204998-35205535,101,11,62
chr6:35552307-35552770,19,34,19
chr6:35556801-35557800,1,0,24
chr6:35559401-35560400,0,92,292
chr6:35561001-35561200,0,3,61
chr6:35564653-35564937,24,30,24
chr6:35729365-35729590,11,21,109
chr6:36118537-36118964,209,95,113
chr6:36121498-36121822,10,0,34
chr6:36126927-36127033,77,85,119
chr6:36234802-36236799,192,133,65
chr6:36239801-36240400,26,0,19
chr6:36345801-36348200,77,0,23
chr6:36348802-36352200,393,119,122
chr6:36572202-36574200,7,6,0
chr6:36607201-36611400,119,64,75
chr6:36614602-36620400,51,44,95
chr6:36633202-36635799,55,0,4
chr6:36641201-36641800,54,11,24
chr6:36665802-36669999,7,12,0
chr6:36690202-36695399,83,23,947
chr6:36735135-36735525,9,14,0
chr6:36853342-36853738,54,23,12
chr6:36967001-36967600,0,92,35
chr6:37038401-37042800,298,127,447
chr6:37051919-37052249,27,23,0
chr6:37083375-37083906,0,4,12
chr6:37130679-37131635,30,0,7
chr6:37137132-37137449,210,16,39
chr6:37143402-37145999,0,19,89
chr6:37154802-37157599,0,21,13
chr6:37183167-37183621,20,1,1
chr6:37397401-37399800,0,7,23
chr6:37579603-37581273,0,45,38
chr6:37812401-37814200,54,21,0
chr6:38157801-38160599,154,102,216
chr6:38163801-38164000,23,21,2
chr6:38164215-38164402,35,2,23
chr6:38164601-38165000,32,64,70
chr6:38167401-38167800,21,0,12
chr6:38672200-38672600,0,42,75
chr6:38673202-38674599,74,34,34
chr6:39100401-39100600,104,34,14
chr6:39101401-39102401,262,158,110
chr6:39130800-39131000,25,20,12
chr6:39131601-39132000,95,0,78
chr6:39142602-39144399,41,0,14
chr6:40868001-40869000,26,222,0
chr6:40899401-40901600,0,93,97
chr6:41174601-41175200,98,11,21
chr6:41182713-41183219,15,0,26
chr6:41186112-41186466,15,0,12
chr6:41206201-41208000,131,68,390
chr6:41221601-41223999,34,0,51
chr6:41242001-41242800,79,0,103
chr6:41254401-41258495,80,0,275
chr6:41266201-41267200,37,0,42
chr6:41608801-41609200,22,7,0
chr6:41618201-41619000,18,10,19
chr6:41654801-41658399,83,186,23
chr6:41680201-41681000,52,93,0
chr6:41900202-41901600,19,42,130
chr6:41901801-41902000,2,15,0
chr6:41902140-41902600,13,21,88
chr6:42099605-42099976,439,23,25
chr6:42149401-42149600,13,12,0
chr6:42197202-42201799,967,735,822
chr6:42204084-42205000,174,117,161
chr6:42453670-42454024,0,11,2
chr6:43739602-43741999,171,21,307
chr6:43742602-43745599,80,0,162
chr6:43758202-43765199,336,0,746
chr6:43787401-43788062,10,0,586
chr6:43909802-43919000,32,0,15
chr6:43989401-43994999,19,17,0
chr6:44096652-44097153,52,55,28
chr6:44101601-44101800,19,0,19
chr6:44104201-44107199,230,118,152
chr6:44109201-44112600,78,88,167
chr6:44185402-44187399,0,158,200
chr6:44199802-44204599,8,182,157
chr6:44206402-44207599,40,21,11
chr6:44237531-44237973,33,51,194
chr6:44238070-44238501,117,216,348
chr6:44380801-44383400,92,0,25
chr6:45665601-45668199,55,75,34
chr6:45837801-45838800,26,0,24
chr6:46191001-46191400,22,0,24
chr6:46191801-46192600,42,0,76
chr6:47132201-47138599,0,29,21
chr6:47633002-47635400,25,36,0
chr6:47859001-47859600,35,210,0
chr6:49645201-49649000,128,121,212
chr6:49662201-49662400,13,35,11
chr6:49662602-49663105,46,63,24
chr6:49666801-49668801,0,21,26
chr6:52327612-52343000,0,70,25
chr6:53228002-53231800,162,0,37
chr6:53231849-53231981,7,4,0
chr6:53232001-53233599,0,14,5
chr6:53238201-53253199,160,22,467
chr6:53254801-53259200,243,140,2188
chr6:53263402-53266199,269,64,496
chr6:53359247-53359925,54,32,0
chr6:53390201-53390800,17,0,6
chr6:53407201-53408000,14,0,22
chr6:53435402-53442179,108,103,66
chr6:53679385-53680000,53,11,0
chr6:53701402-53703400,196,12,65
chr6:53718689-53719400,13,0,35
chr6:53721802-53726399,188,0,45
chr6:53730000-53731400,22,0,103
chr6:57069801-57071600,330,159,260
chr6:57074001-57074600,174,189,113
chr6:57078601-57078800,73,21,20
chr6:57082601-57083000,667,405,364
chr6:71187001-71188599,59,46,0
chr6:73571200-73571601,60,63,44
chr6:73656463-73657840,41,54,0
chr6:73689601-73692200,125,253,76
chr6:75230401-75231260,38,0,25
chr6:75235201-75236200,0,6,49
chr6:75501201-75503800,9,47,0
chr6:77212201-77212600,0,85,18
chr6:78854401-78855372,26,23,25
chr6:78858886-78859600,0,46,24
chr6:79196002-79198199,101,164,0
chr6:79238601-79240999,162,383,51
chr6:79373475-79374728,26,93,0
chr6:79608001-79609201,8,0,25
chr6:79613602-79615599,82,45,0
chr6:79707601-79708400,0,35,42
chr6:79711601-79711800,0,2,5
chr6:80357601-80358001,19,25,0
chr6:80390201-80390600,13,23,18
chr6:80424601-80426599,0,24,62
chr6:80433001-80434000,153,65,49
chr6:80438837-80438984,9,46,80
chr6:82396401-82399800,24,0,22
chr6:82407802-82410799,80,141,73
chr6:82415601-82416001,59,40,0
chr6:82424601-82425600,28,0,11
chr6:82492001-82492200,50,36,0
chr6:83969001-83969800,65,92,0
chr6:83974413-83978799,23,46,21
chr6:84666801-84668200,27,44,0
chr6:87274801-87275201,49,23,21
chr6:87275801-87276200,54,34,0
chr6:87670201-87673000,304,136,436
chr6:87746402-87749399,16,0,9
chr6:89035279-89036297,12,0,28
chr6:89086496-89086815,67,47,162
chr6:89128201-89129200,21,22,49
chr6:89316802-89317600,138,140,450
chr6:89321729-89321943,0,11,64
chr6:89359002-89362000,395,210,551
chr6:90375671-90376130,0,4,9
chr6:90489602-90490799,27,0,49
chr6:90492402-90497599,0,23,93
chr6:90502402-90503800,0,10,440
chr6:90508601-90509200,0,22,45
chr6:92537401-92540600,136,24,21
chr6:95528201-95529600,29,115,0
chr6:95560801-95561600,27,0,49
chr6:95568801-95569400,54,80,102
chr6:100504202-100505799,0,75,73
chr6:100506401-100507200,14,23,21
chr6:100891401-100892600,6,7,5
chr6:104471602-104473599,0,24,26
chr6:104688201-104688600,0,32,24
chr6:106671801-106673200,122,17,25
chr6:106691402-106694999,25,65,29
chr6:107673200-107673800,0,13,12
chr6:108027401-108028000,26,0,21
chr6:108192402-108197999,9,25,27
chr6:108687802-108691599,203,138,760
chr6:108697678-108698200,121,27,296
chr6:108698602-108700400,500,246,1240
chr6:108706001-108706200,105,68,162
chr6:108706801-108708400,927,199,824
chr6:108710001-108710400,129,98,293
chr6:108710800-108712000,786,457,983
chr6:108712202-108716399,2103,1157,1771
chr6:108716802-108718000,12,23,25
chr6:108720601-108721800,85,0,68
chr6:108728760-108729353,0,19,19
chr6:108743202-108747399,172,287,420
chr6:108747601-108749400,327,414,372
chr6:108779616-108780010,13,0,53
chr6:108981801-108984000,109,120,46
chr6:110084001-110084400,12,34,0
chr6:110388002-110391162,0,491,51
chr6:110917201-110917800,0,5,49
chr6:110971201-110972200,90,123,162
chr6:111614170-111616599,99,25,79
chr6:111630602-111632999,25,0,51
chr6:111642350-111643000,23,0,24
chr6:111646801-111647800,26,0,36
chr6:111656402-111659200,14,55,0
chr6:112014001-112020000,10,27,0
chr6:112026602-112032599,64,36,29
chr6:112032802-112039800,74,245,45
chr6:112049001-112049800,0,46,24
chr6:112906002-112907399,0,23,87
chr6:113427650-113427827,4,364,47
chr6:113478202-113487399,16,14,0
chr6:113749601-113751400,0,10,11
chr6:113924201-113925000,68,157,24
chr6:113928602-113929200,40,90,0
chr6:115579601-115580400,78,69,24
chr6:116744801-116745000,104,117,56
chr6:117605098-117605618,0,23,12
chr6:117611402-117614800,133,103,50
chr6:117615890-117616242,20,69,13
chr6:118398201-118398400,11,34,16
chr6:118717802-118726800,16,0,44
chr6:118800433-118800744,14,0,25
chr6:118804504-118805200,0,58,27
chr6:118810438-118810741,54,206,14
chr6:119442201-119451000,47,93,101
chr6:119459201-119459801,0,32,12
chr6:119479802-119480999,25,120,94
chr6:119482401-119483400,237,367,136
chr6:119533001-119534400,19,44,66
chr6:119540202-119542399,27,43,75
chr6:119558601-119560400,25,21,38
chr6:119611001-119613400,25,21,173
chr6:119620602-119623399,0,46,146
chr6:119626402-119629599,39,136,146
chr6:119668001-119670399,25,0,51
chr6:120128401-120129000,0,54,12
chr6:121481201-121483000,102,46,23
chr6:121847802-121852799,53,45,0
chr6:122033201-122033801,0,39,12
chr6:125939802-125949347,0,29,31
chr6:126227202-126228835,26,0,21
chr6:126266801-126268400,216,280,191
chr6:126277703-126277877,0,15,12
chr6:126302001-126303000,26,178,0
chr6:127262201-127262600,44,0,12
chr6:127351201-127354400,97,409,63
chr6:127365602-127367400,115,60,0
chr6:127381401-127381800,7,31,0
chr6:130824601-130824800,13,120,0
chr6:130825202-130826799,54,209,26
chr6:131365202-131370399,64,23,0
chr6:132679201-132679800,13,0,50
chr6:132824201-132824599,13,20,0
chr6:134902401-134903600,53,5,0
chr6:136255001-136256000,26,94,106
chr6:137195602-137196800,0,10,33
chr6:137222467-137222704,49,1,81
chr6:137811140-137812218,0,42,14
chr6:140570402-140574199,54,0,49
chr6:142959601-142960800,265,45,1477
chr6:143514801-143517800,176,598,49
chr6:144087401-144088400,55,12,49
chr6:144143802-144145600,147,16,23
chr6:144225401-144225800,13,5,0
chr6:144229801-144230000,13,7,2
chr6:144233602-144235321,138,23,31
chr6:144240001-144240800,27,23,0
chr6:144248002-144250399,25,14,0
chr6:144252001-144252800,72,0,22
chr6:144259602-144261199,125,46,0
chr6:144278402-144280200,12,128,0
chr6:146539601-146540800,0,10,25
chr6:146558201-146558400,46,38,9
chr6:146560001-146561200,81,173,193
chr6:148021601-148022200,26,18,0
chr6:148231001-148232600,25,112,0
chr6:148645018-148646399,147,18,0
chr6:149092002-149096799,25,0,15
chr6:149502602-149503799,256,290,415
chr6:150572402-150575999,25,120,23
chr6:150848401-150848600,37,19,126
chr6:150854264-150854554,145,93,249
chr6:150856976-150857410,126,153,472
chr6:150857610-150857973,169,108,430
chr6:150861202-150864199,2224,2353,4272
chr6:151627201-151629000,67,186,274
chr6:151632001-151632800,0,46,24
chr6:152745986-152746709,134,915,192
chr6:154649202-154650799,54,0,70
chr6:155880402-155884599,0,89,27
chr6:156770401-156771600,154,42,100
chr6:157224536-157230027,49,0,27
chr6:157260201-157261200,14,6,21
chr6:157368601-157370400,19,19,23
chr6:157374801-157375800,92,164,123
chr6:157960202-157964796,16,21,0
chr6:157970401-157971800,129,78,0
chr6:158825201-158827999,49,21,0
chr6:158958401-158959800,54,4,0
chr6:158971000-158971400,25,0,34
chr6:159827600-159828600,53,45,42
chr6:160160401-160162400,0,24,3
chr6:163367202-163371200,28,182,52
chr6:163383784-163385400,0,19,74
chr6:163388401-163393200,17,80,78
chr6:166962001-166962200,0,2,18
chr6:167406601-167408400,6,54,0
chr6:167542402-167545199,74,21,36
chr6:167547002-167548600,188,0,78
chr6:167550202-167553399,325,14,52
chr6:167558001-167561399,36,20,0
chr6:167565002-167568000,107,73,49
chr6:167572202-167574200,85,161,0
chr6:167704402-167707000,83,39,0
chr6:167746401-167749200,54,110,0
chr6:168045601-168046800,72,0,37
chr6:168368602-168369200,26,34,215
chr6:168369602-168370780,12,86,133
chr6:168377487-168377829,0,60,9
chr6:168724801-168725000,9,0,21
chr6:168725201-168726000,72,0,9
chr6:169044202-169044803,26,24,12
chr6:169095201-169096200,123,228,49
chr6:169167002-169170199,28,160,73
chr6:169171202-169174399,51,97,63
chr6:169187976-169191400,0,26,50
chr6:169265201-169273000,13,0,25
chr6:169406802-169409000,0,20,32
chr6:169903402-169907799,23,67,0
chr6:169932401-169936399,92,0,275
chr6:169944001-169944400,5,0,24
chr6:169962937-169963137,25,11,13
chr6:169975801-169976000,63,80,3
chr6:169976201-169977233,294,295,296
chr6:169978201-169979400,79,115,55
chr6:169989899-169990593,13,94,25
chr6:169994802-170000399,89,247,101
chr6:170010402-170012400,107,18,26
chr6:170017001-170020399,66,46,61
chr6:170034401-170038999,57,21,15
chr6:170128802-170131599,54,68,50
chr6:170143801-170144000,45,0,44
chr6:170173202-170175599,8233,5116,13385
chr6:170176773-170176827,144,73,217
chr6:170185602-170187199,11,92,448
chr6:170187401-170187600,27,10,73
chr6:170470601-170472000,27,70,50
chr6:170497001-170499000,0,24,75
chr5:788201-788400,0,11,20
chr5:964129-964421,5,21,0
chr5:968202-969800,28,14,23
chr5:983601-984000,42,69,0
chr5:1113085-1113308,90,60,38
chr5:1116802-1121999,166,1267,358
chr5:1122602-1125799,131,43,162
chr5:1788602-1795399,24,93,55
chr5:1927601-1928200,81,249,15
chr5:2129201-2130800,0,46,13
chr5:2135200-2135600,0,13,24
chr5:3603801-3604600,0,18,88
chr5:3606308-3607600,0,23,67
chr5:5329601-5332800,0,126,73
chr5:5335001-5336999,0,21,26
chr5:5340377-5340608,13,22,0
chr5:5520401-5522999,74,67,0
chr5:6359402-6361399,74,70,0
chr5:6365600-6365801,13,10,12
chr5:6366000-6366200,40,20,0
chr5:6366401-6366600,7,0,12
chr5:9557001-9558201,27,212,0
chr5:10201401-10202800,27,157,0
chr5:14140337-14141180,0,11,24
chr5:14142223-14142541,0,49,83
chr5:14534402-14535400,62,0,103
chr5:14542601-14553600,353,0,252
chr5:14556602-14562000,48,0,319
chr5:14564401-14565400,26,0,24
chr5:14565801-14566000,44,11,21
chr5:14569602-14576600,74,0,172
chr5:14626201-14626600,50,20,66
chr5:30486802-30487599,0,4,37
chr5:31361069-31367599,34,0,96
chr5:32206401-32207799,0,27,25
chr5:32223002-32226199,125,48,68
chr5:32352000-32353000,0,77,34
chr5:32606201-32606800,75,5,45
chr5:32612202-32613549,896,474,17
chr5:33318602-33322399,0,162,24
chr5:33361801-33365399,51,0,17
chr5:33470401-33470601,20,18,188
chr5:33470800-33471600,147,8,209
chr5:34140001-34140400,29,67,0
chr5:34652401-34653001,14,31,0
chr5:34834001-34834600,54,0,24
chr5:36397000-36397200,12,12,0
chr5:37071401-37073200,134,238,458
chr5:37102026-37102147,31,85,25
chr5:37271609-37273669,0,18,74
chr5:38468923-38469272,27,33,264
chr5:38472601-38473800,111,95,528
chr5:38672001-38673200,92,1,0
chr5:38681001-38681200,0,23,9
chr5:40324201-40324600,0,11,15
chr5:40801600-40803400,12,43,23
chr5:40873202-40873999,39,31,0
chr5:40904202-40905599,82,49,0
chr5:40906001-40907000,8,22,0
chr5:40990201-40993200,26,265,49
chr5:41083972-41084230,4,35,0
chr5:42168200-42168600,54,34,0
chr5:42745600-42745801,13,0,12
chr5:42925601-42925800,14,0,23
chr5:42943615-42944011,0,22,12
chr5:42953201-42953677,85,71,162
chr5:42961001-42962000,0,22,24
chr5:42974800-42975000,24,176,3
chr5:42999421-42999774,27,46,23
chr5:43008099-43008336,11,88,0
chr5:43009239-43009550,108,202,22
chr5:43010196-43010700,164,206,12
chr5:43711201-43711801,67,19,61
chr5:43771401-43774599,0,82,42
chr5:44481601-44483372,97,37,0
chr5:44696801-44697600,135,210,24
chr5:44730530-44731399,26,22,0
chr5:50393856-50394447,483,211,610
chr5:53290801-53292400,22,0,99
chr5:54547602-54550399,464,469,202
chr5:54550801-54551999,301,261,82
chr5:54553801-54554000,54,83,49
chr5:54557801-54559400,94,65,94
chr5:54561201-54563999,54,21,0
chr5:54570402-54571999,202,34,296
chr5:54576801-54583000,0,18,20
chr5:54589201-54592600,78,0,33
chr5:54600601-54606000,77,49,88
chr5:54606401-54606600,20,0,42
chr5:54607002-54621999,214,160,221
chr5:54623201-54627000,101,208,212
chr5:54628001-54629000,51,86,0
chr5:54632002-54632600,19,0,73
chr5:54633802-54634600,0,34,28
chr5:54637602-54639999,55,62,74
chr5:54653002-54657400,23,73,0
chr5:54659800-54660600,15,57,0
chr5:54889402-54890799,27,12,0
chr5:54900001-54904799,0,14,47
chr5:55590584-55592399,42,0,74
chr5:55615601-55616800,522,148,86
chr5:55620202-55622000,654,408,147
chr5:56326001-56331600,169,68,0
chr5:60735801-60736000,1,0,15
chr5:60736601-60737400,2,0,85
chr5:61330851-61331312,12,0,11
chr5:65499001-65499600,26,11,0
chr5:65513775-65514242,0,6,12
chr5:66222400-66222801,27,0,1
chr5:66223000-66223201,14,0,1
chr5:66279401-66282200,0,38,18
chr5:67256959-67257400,29,44,193
chr5:67308401-67309000,26,7,0
chr5:67976282-67978400,0,16,24
chr5:68032801-68035600,24,0,22
chr5:68439801-68442000,54,0,7
chr5:68455202-68460600,19,41,0
chr5:69986801-69987200,0,11,12
chr5:69991601-69992000,418,1064,82
chr5:70085000-70085201,111,15,40
chr5:70408202-70408600,13,11,0
chr5:70574802-70576400,54,24,49
chr5:70747401-70747800,27,38,0
chr5:70862001-70862200,47,148,76
chr5:70870601-70871400,27,76,78
chr5:71155001-71156600,256,360,270
chr5:71573801-71574200,9,19,0
chr5:72371202-72374000,4,110,22
chr5:72383202-72389600,125,292,73
chr5:72390001-72395400,0,24,44
chr5:72397201-72400400,57,48,0
chr5:72402130-72403600,55,11,0
chr5:72411202-72413115,54,134,0
chr5:72433001-72435399,102,299,0
chr5:72920601-72923800,28,24,36
chr5:72937894-72937969,0,32,1
chr5:73113402-73116999,83,71,0
chr5:73506601-73507799,27,34,0
chr5:73528201-73529600,0,2,50
chr5:73591070-73593599,243,46,99
chr5:73968401-73969600,0,21,3
chr5:73994401-73995800,4,23,0
chr5:75605001-75605400,300,241,151
chr5:75605801-75608000,808,891,545
chr5:76737275-76737397,4,46,0
chr5:76786802-76796199,16,0,15
chr5:76945089-76948199,0,23,71
chr5:76998602-77000200,0,46,21
chr5:77679001-77680600,25,0,97
chr5:77884601-77885799,27,10,49
chr5:77989001-77991800,124,12,96
chr5:77991983-77992305,179,51,195
chr5:77992703-77993000,61,10,181
chr5:77993201-77995399,611,164,635
chr5:78771001-78773199,0,23,21
chr5:78776401-78776601,22,8,22
chr5:79589802-79592000,11,0,10
chr5:79973401-79975800,25,69,0
chr5:80101602-80107399,0,132,95
chr5:80257226-80257946,254,72,185
chr5:80263601-80273599,17,0,16
chr5:80345201-80349399,0,38,13
chr5:80884201-80885801,136,197,97
chr5:80886000-80886200,42,60,33
chr5:80916601-80916800,13,5,9
chr5:80920969-80921339,54,132,3
chr5:80925401-80927800,55,0,51
chr5:81398602-81399600,188,121,111
chr5:81399801-81400800,108,16,22
chr5:82395801-82398400,0,47,123
chr5:82404402-82407599,222,68,241
chr5:82412802-82414999,51,16,140
chr5:82415601-82416000,27,23,0
chr5:82416556-82423400,268,260,202
chr5:82426002-82427200,0,23,25
chr5:83019401-83019800,13,6,24
chr5:83033802-83037599,27,0,187
chr5:83583201-83585000,565,2361,422
chr5:91357201-91358000,27,21,0
chr5:93349600-93350400,27,12,0
chr5:93614210-93614554,0,6,66
chr5:97077202-97083400,0,18,50
chr5:97979801-97981000,12,20,49
chr5:97986001-97986590,27,32,22
chr5:99004201-99005983,0,27,76
chr5:100364401-100365600,0,3,23
chr5:100904318-100904792,194,290,24
chr5:100906601-100907000,27,11,12
chr5:100910201-100911000,17,9,0
chr5:102749001-102751400,25,69,47
chr5:103279401-103282599,79,0,31
chr5:103423802-103426199,25,73,0
chr5:107025401-107027000,22,24,0
chr5:107340800-107341001,3,0,15
chr5:107342001-107343200,44,0,25
chr5:107359001-107368999,1194,182,114
chr5:107369801-107371399,77,0,26
chr5:108718601-108718800,0,10,24
chr5:108719402-108721200,22,16,0
chr5:109328601-109330399,198,128,8
chr5:109330801-109331000,65,0,3
chr5:109411693-109411916,0,11,29
chr5:109413936-109414183,0,5,21
chr5:112528402-112536199,111,142,243
chr5:112933401-112935200,12,0,73
chr5:112945801-112947399,0,19,49
chr5:115189602-115190999,109,144,25
chr5:115499801-115502000,102,0,25
chr5:115507202-115508179,27,0,25
chr5:115564802-115565999,27,71,70
chr5:115571401-115573401,0,85,85
chr5:115574201-115576799,704,839,580
chr5:115577388-115577800,100,92,50
chr5:115822222-115822472,0,8,19
chr5:115929801-115931399,0,90,10
chr5:115947977-115949000,3,6,0
chr5:115953402-115954799,12,0,25
chr5:116436202-116442800,0,100,162
chr5:116613602-116614799,27,93,0
chr5:116628801-116630399,99,338,0
chr5:116650802-116655999,0,23,25
chr5:116695802-116696999,25,52,25
chr5:116702802-116705599,24,12,50
chr5:116706201-116706400,13,0,40
chr5:118829831-118830133,22,0,20
chr5:119401802-119407199,19,24,70
chr5:120761401-120763400,24,24,0
chr5:122093001-122095599,78,91,0
chr5:122098402-122099799,27,115,0
chr5:122100401-122101200,18,10,0
chr5:122102402-122103599,126,0,19
chr5:122840001-122841000,26,64,0
chr5:123209002-123210199,12,23,25
chr5:124580201-124584999,25,21,0
chr5:124595802-124600999,37,0,42
chr5:126855001-126855800,144,136,24
chr5:126857002-126858799,80,153,0
chr5:126864079-126864233,0,7,43
chr5:127038401-127039000,148,137,24
chr5:128197002-128200381,78,0,593
chr5:131242202-131244000,12,10,0
chr5:131413402-131417723,23,131,120
chr5:132116402-132117799,27,0,75
chr5:132684600-132685200,128,108,0
chr5:133923802-133928599,17,43,23
chr5:134007402-134008600,0,29,31
chr5:134038202-134045599,13,0,12
chr5:134097132-134097508,26,0,27
chr5:135012602-135015399,24,0,27
chr5:135403601-135404250,53,59,0
chr5:135410401-135411200,0,137,11
chr5:136021493-136021788,0,77,37
chr5:136064602-136067399,79,42,1649
chr5:136097801-136098800,17,0,54
chr5:137792001-137792200,26,34,45
chr5:138552401-138553000,51,62,24
chr5:138938400-138939400,262,114,118
chr5:138942260-138942555,400,306,259
chr5:138943601-138945200,801,468,1042
chr5:140310630-140311208,19,17,13
chr5:140621001-140621200,23,11,34
chr5:140621401-140621600,11,0,25
chr5:140622401-140626599,29,83,282
chr5:141695202-141697800,0,19,93
chr5:141705402-141706799,19,0,112
chr5:141713002-141717799,0,87,378
chr5:141777802-141781199,24,176,111
chr5:141783401-141786199,0,68,234
chr5:141787202-141788999,25,68,62
chr5:141793001-141793799,0,25,13
chr5:141800601-141800801,0,8,39
chr5:141803202-141807399,0,115,131
chr5:141832001-141832200,16,43,49
chr5:141848661-141849037,0,18,67
chr5:141849080-141850136,50,17,98
chr5:141852401-141852600,393,259,581
chr5:142056602-142059599,53,9,0
chr5:142063953-142064322,0,2,24
chr5:142072601-142072800,106,7,0
chr5:142092402-142099599,25,43,0
chr5:142155802-142158000,549,278,75
chr5:142160601-142161600,315,147,54
chr5:142164401-142165000,149,95,197
chr5:142169201-142171199,156,210,22
chr5:142174802-142176599,80,21,0
chr5:142234202-142237400,45,0,26
chr5:142245002-142247399,158,0,74
chr5:142248729-142249800,26,0,49
chr5:142250401-142250600,13,0,12
chr5:142250801-142252200,39,0,11
chr5:142263001-142263800,29,12,0
chr5:142268401-142269800,27,0,55
chr5:142286402-142289199,134,0,238
chr5:142290001-142291800,0,16,65
chr5:142293002-142299999,599,138,1321
chr5:142303602-142305599,163,0,193
chr5:142306001-142307399,22,61,117
chr5:142701874-142702400,31,46,25
chr5:142762001-142763400,0,68,52
chr5:142767979-142768366,0,11,3
chr5:145404117-145404518,0,23,25
chr5:148446801-148447200,0,40,12
chr5:148836801-148837000,72,111,325
chr5:148837202-148858199,7078,15648,23925
chr5:148858402-148861799,90,238,641
chr5:148864001-148864832,422,424,738
chr5:148868201-148869000,178,240,626
chr5:148873202-148875599,1941,2609,3925
chr5:148877001-148878600,442,390,1077
chr5:148880401-148881000,74,123,96
chr5:148882201-148883000,182,75,345
chr5:148898401-148898801,12,0,134
chr5:149462801-149467200,0,46,968
chr5:149470602-149472800,27,0,454
chr5:149491601-149491800,8,15,50
chr5:149646602-149647599,19,45,75
chr5:149656557-149659400,25,0,98
chr5:150415402-150420400,0,22,8
chr5:150566601-150568600,82,3,49
chr5:150574201-150574800,26,0,24
chr5:150577801-150578401,40,0,24
chr5:150687601-150689000,39,21,36
chr5:150703401-150704600,310,427,1381
chr5:150707217-150707572,27,44,545
chr5:150763148-150763815,60,13,97
chr5:150764594-150764933,67,0,31
chr5:150770801-150771800,388,88,351
chr5:150773402-150774800,531,72,365
chr5:150776001-150776200,381,87,136
chr5:150999601-151000200,26,0,17
chr5:151003201-151008999,51,0,904
chr5:151095377-151095825,80,0,355
chr5:151097945-151098401,79,140,526
chr5:151164002-151165400,139,245,206
chr5:151169001-151169800,791,464,752
chr5:151170001-151173000,1621,1042,1787
chr5:151585400-151585800,13,10,0
chr5:151621801-151623200,0,46,20
chr5:151632002-151634199,0,36,50
chr5:151640401-151644400,7,67,26
chr5:151728504-151728895,52,28,0
chr5:151732601-151732800,183,108,60
chr5:151735601-151736000,64,107,49
chr5:151740355-151740682,141,60,18
chr5:151818401-151818800,75,29,34
chr5:151820601-151821001,15,0,70
chr5:151947601-151948303,21,80,9
chr5:154882001-154882800,97,84,90
chr5:154885001-154886000,101,45,36
chr5:157024202-157027199,160,178,24
chr5:157074601-157078000,54,0,139
chr5:157761802-157762799,0,44,16
chr5:158312401-158315000,74,87,0
chr5:158470801-158472000,188,16,11
chr5:158670002-158670799,39,64,0
chr5:159992227-159992391,112,9,18
chr5:160243801-160244601,0,6,24
chr5:161254001-161255200,0,16,37
chr5:168285601-168286999,229,21,117
chr5:168289778-168290254,10,0,25
chr5:168481195-168481800,24,0,49
chr5:168482530-168482821,47,0,1
chr5:170217774-170217974,0,11,48
chr5:170337139-170337661,12,0,11
chr5:171478801-171480999,27,23,0
chr5:171492800-171493001,8,1,0
chr5:171577001-171581399,70,113,101
chr5:171835001-171835200,24,12,33
chr5:171845201-171846599,194,115,68
chr5:171847002-171849199,258,70,68
chr5:171850002-171858621,199,183,70
chr5:172206001-172208400,453,292,137
chr5:172291801-172293934,0,19,24
chr5:172607171-172607735,0,10,31
chr5:172611801-172612800,162,19,100
chr5:172615002-172616000,94,12,139
chr5:172616401-172618137,18,68,22
chr5:172624202-172627000,24,21,73
chr5:172627601-172628800,17,21,11
chr5:172636801-172639800,310,50,403
chr5:172721201-172725399,0,32,172
chr5:172794137-172794533,61,0,204
chr5:172795245-172795803,23,24,73
chr5:172807133-172807641,27,11,207
chr5:172953660-172954064,43,9,281
chr5:173036157-173036422,7,51,21
chr5:173294748-173295146,36,11,12
chr5:173296401-173299648,0,19,26
chr5:173333002-173335399,42,62,23
chr5:173590201-173591400,70,21,37
chr5:173601401-173603399,0,24,124
chr5:176440402-176442799,0,51,23
chr5:176780002-176785999,32,0,9
chr5:176903385-176903674,0,6,49
chr5:177317801-177318800,570,358,525
chr5:177319202-177322199,753,1471,1402
chr5:177323402-177324400,83,109,214
chr5:177481522-177482200,125,184,125
chr5:177482721-177482864,0,7,7
chr5:177984002-177985600,176,17,0
chr5:178092801-178095000,0,10,10
chr5:179349001-179349600,70,0,60
chr5:179353001-179353400,0,26,3
chr5:179355601-179357600,89,158,239
chr5:179612622-179613400,225,115,180
chr5:179669802-179672199,179,186,70
chr5:179674801-179675801,215,292,0
chr5:179779189-179779407,26,11,6
chr5:179785601-179787200,165,134,131
chr5:180465051-180465360,0,10,40
chr5:180470402-180472999,847,83,443
chr5:180817025-180817427,0,6,26
chr5:180844601-180845400,634,1087,245
chr5:180868914-180869450,0,26,15
chr5:180872601-180875200,0,170,149
chr5:181036201-181038000,32,853,62
chr5:181038401-181038600,3,76,17
chr5:181107666-181108241,8,5,0
chr5:181286001-181287200,51,10,382
chr5:181287801-181288800,108,62,131
chr4:207802-209400,151,290,73
chr4:263454-263784,130,184,47
chr4:694001-695400,0,2,20
chr4:698402-701399,80,4,34
chr4:1345297-1345683,26,74,70
chr4:1345804-1346471,22,173,32
chr4:1540800-1541200,27,0,12
chr4:1544669-1544953,0,154,110
chr4:1559201-1559600,97,38,0
chr4:1560156-1560724,179,34,0
chr4:1571801-1573200,0,17,4
chr4:1614802-1617000,39,204,97
chr4:1856678-1857265,27,94,25
chr4:2051001-2052000,133,330,52
chr4:3276978-3277420,0,23,135
chr4:3291866-3292447,43,16,49
chr4:3707201-3711600,321,73,0
chr4:3753201-3755399,94,83,21
chr4:3765207-3765606,0,13,32
chr4:4006201-4007000,0,14,17
chr4:4855545-4855815,17,4,0
chr4:6565601-6567000,27,8,0
chr4:6630801-6631200,0,3,17
chr4:6632602-6634600,53,91,98
chr4:7955402-7957799,136,153,527
chr4:7958201-7958400,80,34,9
chr4:7958602-7961999,618,113,708
chr4:7963200-7964000,140,25,168
chr4:8245401-8248461,109,0,150
chr4:8359601-8360221,481,570,331
chr4:8525002-8526400,42,23,25
chr4:9548401-9548600,0,17,41
chr4:9731201-9732699,26,22,17
chr4:10060202-10061600,0,74,434
chr4:10062802-10064599,48,0,309
chr4:10421201-10422200,0,36,24
chr4:11337030-11337600,149,47,133
chr4:11343001-11344001,12,12,0
chr4:11355400-11355800,47,7,125
chr4:11492802-11498614,31,35,0
chr4:11618401-11619200,65,23,22
chr4:13032983-13033190,13,26,0
chr4:13280928-13281226,21,54,0
chr4:13294801-13295412,50,84,27
chr4:15450001-15453199,57,0,52
chr4:15466001-15467000,26,45,0
chr4:15770801-15772000,27,115,23
chr4:15772201-15773800,42,78,26
chr4:15773966-15774706,126,189,46
chr4:17447025-17449098,0,22,71
chr4:22522002-22523799,25,63,23
chr4:24464601-24465200,11,3,16
chr4:24469979-24470398,13,34,11
chr4:24477402-24478599,36,9,0
chr4:24510002-24512400,51,47,228
chr4:24983801-24984400,0,22,1
chr4:24985001-24985200,0,5,24
chr4:24988602-24989599,0,42,14
chr4:24990001-24992400,25,73,66
chr4:25114401-25115000,0,22,13
chr4:25290401-25291200,54,57,13
chr4:25467001-25468400,14,23,4
chr4:25485602-25487199,28,87,26
chr4:26108001-26109200,12,45,0
chr4:26440801-26441401,0,80,96
chr4:26762601-26767800,426,2020,136
chr4:26779202-26783199,962,913,1129
chr4:26784201-26785200,108,45,93
chr4:26802839-26804000,0,69,95
chr4:26837871-26840399,76,42,24
chr4:26842401-26843600,109,65,29
chr4:26849001-26851400,102,0,35
chr4:37242923-37243594,141,144,451
chr4:37779601-37782200,18,7,0
chr4:37877401-37883270,10,26,38
chr4:37889894-37890300,0,1,19
chr4:38160571-38160692,19,0,9
chr4:38188201-38195000,36,0,11
chr4:38703202-38705000,6,0,162
chr4:38717402-38718599,0,23,80
chr4:38728152-38729599,0,26,49
chr4:38785424-38785743,0,105,25
chr4:38948202-38950599,149,21,74
chr4:39495330-39496209,61,48,0
chr4:39497001-39497200,57,0,3
chr4:39816801-39817600,24,0,24
chr4:39819001-39821399,25,80,98
chr4:40171602-40174399,134,123,110
chr4:40183952-40184243,38,0,94
chr4:40185144-40185281,27,8,2
chr4:40186254-40186364,0,9,11
chr4:40681602-40688799,0,10,47
chr4:40728202-40735799,0,92,24
chr4:41969601-41970200,57,42,45
chr4:41976601-41978400,25,32,0
chr4:48296400-48296601,36,114,33
chr4:48329002-48335401,216,516,52
chr4:48429201-48430400,14,43,3
chr4:52666585-52666667,30,97,50
chr4:52709001-52709600,73,11,57
chr4:54742201-54744000,138,0,23
chr4:55906601-55908200,0,24,120
chr4:55920201-55921613,55,55,11
chr4:55925201-55926000,29,52,49
chr4:55926201-55928001,73,101,159
chr4:55929108-55929600,438,237,198
chr4:55930602-55931200,177,187,185
chr4:55931601-55931800,59,57,58
chr4:56337001-56337400,0,23,36
chr4:62299601-62300000,6,3,0
chr4:70811567-70811857,26,11,0
chr4:70843152-70843405,65,39,0
chr4:70844201-70844600,22,0,15
chr4:70849001-70850000,26,53,62
chr4:70853202-70854200,26,188,24
chr4:70858001-70858600,2,19,18
chr4:72572001-72572200,8,0,18
chr4:72640801-72642000,115,0,29
chr4:72662002-72667799,196,17,38
chr4:72893401-72894600,374,51,82
chr4:72895201-72895600,122,0,24
chr4:73072001-73072513,0,21,25
chr4:74042002-74045200,0,53,21
chr4:74102001-74102600,3,0,4
chr4:74323001-74324655,26,0,48
chr4:74327821-74328324,24,0,12
chr4:75638401-75640799,0,10,47
chr4:76905441-76906262,0,36,49
chr4:76943088-76944233,1173,1542,681
chr4:76944401-76944600,47,247,153
chr4:77042802-77045400,811,455,435
chr4:77092202-77094200,0,286,26
chr4:77095001-77096000,26,96,13
chr4:77097201-77101400,67,64,55
chr4:77103601-77105800,27,70,0
chr4:77122001-77129399,105,124,48
chr4:77144801-77149000,119,0,75
chr4:77707001-77707400,0,21,34
chr4:78771401-78772599,0,18,21
chr4:79632200-79632401,13,26,0
chr4:79634201-79634600,51,39,0
chr4:79638601-79638801,50,61,24
chr4:79702359-79702641,0,35,18
chr4:79893401-79894200,252,337,1192
chr4:81410001-81414200,29,0,6
chr4:82228801-82231800,53,22,0
chr4:82244001-82244400,23,76,31
chr4:82418327-82418664,21,23,49
chr4:82469800-82470266,0,46,32
chr4:82801982-82804400,439,92,321
chr4:82811401-82812799,42,19,119
chr4:83137601-83142800,0,277,128
chr4:83189600-83190001,13,0,12
chr4:83190437-83190825,17,24,58
chr4:84660401-84661200,8,92,13
chr4:84666202-84667600,54,34,25
chr4:86817801-86818401,205,204,150
chr4:86855002-86858042,27,23,24
chr4:87147001-87147400,20,0,36
chr4:87152401-87153000,238,170,158
chr4:87540201-87542261,73,21,0
chr4:88447201-88448000,0,23,63
chr4:88456083-88456412,27,116,141
chr4:89121970-89124799,0,34,13
chr4:94669801-94671068,108,57,70
chr4:99381054-99381238,34,90,0
chr4:99382601-99384600,367,618,551
chr4:99402602-99406000,127,512,111
chr4:100379401-100380600,68,16,122
chr4:101017602-101022799,64,47,34
chr4:102249689-102249862,335,0,261
chr4:102787201-102788400,440,204,681
chr4:102788601-102788800,118,49,69
chr4:102789002-102791000,456,408,1588
chr4:105143282-105143647,91,0,44
chr4:105352601-105353600,108,60,0
chr4:106034400-106035200,27,9,23
chr4:107817401-107819600,43,23,0
chr4:108043002-108046200,5,9,141
chr4:108526802-108537200,18,15,17
chr4:108643402-108645016,43,46,0
chr4:108682002-108683400,54,142,25
chr4:108700023-108701600,0,24,12
chr4:109547001-109550200,0,34,99
chr4:112201801-112202400,54,21,0
chr4:112453002-112453600,39,18,0
chr4:113394576-113395399,0,198,24
chr4:113398460-113399000,0,233,22
chr4:113406202-113407200,23,155,24
chr4:113432602-113437800,83,253,102
chr4:113442001-113442200,0,23,12
chr4:113445288-113445634,0,16,55
chr4:113447868-113447999,13,0,87
chr4:113783402-113792000,0,13,28
chr4:113882201-113883800,28,24,0
chr4:118841401-118843000,71,131,42
chr4:119080201-119081600,0,251,39
chr4:119093001-119093800,54,41,0
chr4:119098802-119107399,61,995,112
chr4:119112002-119114799,0,51,22
chr4:119116601-119119399,14,456,22
chr4:119123401-119126800,12,202,11
chr4:119313001-119314200,27,0,25
chr4:119401801-119403399,119,65,26
chr4:119683401-119684199,25,0,49
chr4:121030001-121030801,558,313,134
chr4:121031201-121031800,874,1145,96
chr4:121129601-121130600,53,22,172
chr4:121252179-121258200,0,73,29
chr4:122710262-122711200,5225,14,749
chr4:122746474-122746609,77,11,19
chr4:123327201-123328400,124,0,41
chr4:123338402-123347399,160,192,177
chr4:123406801-123407347,2125,5446,926
chr4:123408001-123410400,543,1331,303
chr4:123489039-123489219,33,0,19
chr4:124060246-124060642,14,11,2
chr4:124450801-124451200,19,43,0
chr4:124565380-124566400,45,0,21
chr4:124603484-124603766,0,44,36
chr4:124609601-124610800,0,23,25
chr4:124639602-124643599,42,85,0
chr4:128227801-128229836,25,0,100
chr4:128291001-128291800,155,421,271
chr4:128560601-128561800,0,10,100
chr4:128578401-128579000,0,52,12
chr4:128630601-128631200,0,11,30
chr4:128652801-128654799,67,24,19
chr4:128657402-128661999,196,91,279
chr4:128662601-128664000,47,21,0
chr4:128688473-128691000,202,46,62
chr4:128783201-128783600,13,0,8
chr4:130123801-130124400,0,12,12
chr4:130125401-130125800,0,26,32
chr4:132528201-132528400,27,7,9
chr4:137266402-137267800,14,155,11
chr4:137309802-137311600,0,57,8
chr4:137483601-137485000,54,0,25
chr4:138723801-138727000,28,63,0
chr4:139219401-139220999,0,12,10
chr4:139241001-139246599,29,8,0
chr4:139261002-139262000,7,9,6
chr4:139481402-139481999,106,77,54
chr4:139483601-139485404,215,38,121
chr4:146210401-146211199,27,120,0
chr4:146525801-146526400,9,61,0
chr4:150259801-150260400,16,0,3
chr4:152281002-152282399,0,2,20
chr4:152540462-152540707,25,12,1
chr4:152588601-152589265,0,11,25
chr4:152604802-152607999,0,43,115
chr4:152615601-152616000,0,21,12
chr4:153798802-153800014,23,53,0
chr4:158115601-158116400,18,0,18
chr4:158117401-158118199,12,20,0
chr4:158260402-158261999,113,92,49
chr4:163169601-163169800,18,1,29
chr4:165001801-165002800,0,22,8
chr4:165499372-165499522,7,0,21
chr4:165501270-165501532,117,131,18
chr4:165502786-165504599,0,41,50
chr4:165505802-165508000,27,33,25
chr4:165522002-165524999,26,22,0
chr4:166128401-166128600,0,11,13
chr4:169049201-169052999,54,23,99
chr4:169058801-169061000,0,23,25
chr4:169090401-169090600,2,0,25
chr4:171342601-171343283,8,46,0
chr4:173072802-173075600,24,29,0
chr4:173337401-173338000,26,69,0
chr4:173340601-173341600,96,132,0
chr4:173343202-173344599,191,32,0
chr4:173346002-173346799,81,15,0
chr4:173381002-173382199,106,62,165
chr4:173424602-173427200,69,0,204
chr4:173433601-173437400,101,57,49
chr4:173458001-173458200,11,11,0
chr4:173461000-173461201,45,0,35
chr4:173476883-173477260,39,14,58
chr4:173477400-173477601,93,12,0
chr4:173478367-173478601,43,47,13
chr4:173486201-173487201,51,50,9
chr4:173514316-173514579,133,87,0
chr4:173517474-173517573,3,5,0
chr4:173518784-173518890,23,10,20
chr4:173519096-173519570,13,82,0
chr4:173522080-173522558,25,11,22
chr4:173522705-173523151,31,0,91
chr4:173523661-173524007,0,32,12
chr4:174334600-174335400,80,0,49
chr4:176332801-176333200,106,132,22
chr4:176341401-176341800,460,759,405
chr4:176382802-176384799,28,27,16
chr4:176435801-176438399,41,87,149
chr4:176442402-176445127,43,216,89
chr4:176484201-176484600,0,11,21
chr4:176498402-176500064,0,30,49
chr4:176646401-176646650,54,68,21
chr4:176794257-176794526,9,28,0
chr4:176801001-176801600,26,112,0
chr4:177427201-177427618,0,63,15
chr4:177696600-177697000,17,1,0
chr4:182870001-182870400,46,23,0
chr4:182872200-182872287,59,31,57
chr4:182874001-182875799,657,967,289
chr4:183333802-183338199,0,80,151
chr4:183454601-183457000,0,47,23
chr4:183463201-183463800,16,22,0
chr4:183492402-183493671,27,123,0
chr4:183737602-183738800,38,56,11
chr4:183760201-183760401,13,38,0
chr4:184064401-184065200,18,46,0
chr4:184066401-184067800,27,19,0
chr4:184246802-184252599,10,26,0
chr4:184265823-184266389,0,2,31
chr4:184268037-184268187,0,14,22
chr4:184273802-184275200,0,64,41
chr4:184283136-184283666,0,29,25
chr4:184309401-184320199,38,16,53
chr4:184359801-184360401,18,42,16
chr4:184383500-184383880,0,12,12
chr4:184385758-184386050,189,117,75
chr4:184386340-184386501,10,28,1
chr4:184568401-184568800,0,10,3
chr4:184872402-184876399,28,24,26
chr4:184957160-184961399,362,730,208
chr4:184968401-184969799,54,170,25
chr4:184972802-184973600,14,282,0
chr4:186730001-186731200,0,40,15
chr4:186734802-186736799,96,21,49
chr4:186881002-186882799,25,126,0
chr4:186903602-186905000,27,42,0
chr4:187235401-187237399,0,12,65
chr4:188127001-188128400,0,10,6
chr3:851200-851600,8,23,48
chr3:856258-856578,15,33,187
chr3:3629904-3634000,0,18,147
chr3:3646201-3647800,0,24,23
chr3:4888402-4890200,25,2,162
chr3:4994885-4995435,0,57,12
chr3:4996884-4997010,16,2,0
chr3:5011145-5012023,37,57,0
chr3:5059401-5060399,0,9,6
chr3:5222201-5223199,108,22,178
chr3:11784401-11786000,39,68,26
chr3:12196401-12199599,0,39,267
chr3:12234001-12237000,0,41,24
chr3:12247201-12247802,26,98,14
chr3:12252902-12254800,0,23,24
chr3:12264801-12269399,164,154,188
chr3:12269801-12272200,102,10,31
chr3:12436001-12437400,27,113,250
chr3:12437601-12437999,54,0,12
chr3:12450801-12452200,369,132,404
chr3:12453001-12453400,286,170,188
chr3:12453801-12455400,490,436,669
chr3:12456601-12464999,1438,652,1034
chr3:12471341-12471626,39,131,24
chr3:12475802-12477199,680,982,328
chr3:12478401-12478600,13,9,25
chr3:13451611-13452106,13,45,0
chr3:13507202-13509199,28,27,32
chr3:13513533-13513910,11,23,0
chr3:13514127-13514424,37,28,0
chr3:13516001-13516600,26,0,24
chr3:13516801-13519799,149,155,93
chr3:13528201-13530800,0,91,93
chr3:13532402-13534631,0,98,124
chr3:14091201-14092200,82,44,24
chr3:14207802-14212199,54,20,72
chr3:14673608-14673689,13,43,37
chr3:15528202-15530999,0,21,18
chr3:15534802-15539629,0,88,23
chr3:15541001-15541767,101,92,25
chr3:15542601-15543600,55,74,0
chr3:15557542-15557986,0,65,24
chr3:15892787-15894800,71,46,26
chr3:15940201-15940800,23,24,0
chr3:16011401-16013200,25,21,38
chr3:16026401-16026800,13,11,0
chr3:16054516-16057199,86,0,17
chr3:16063575-16066199,46,24,0
chr3:16066719-16071199,79,129,139
chr3:16072202-16075599,48,0,22
chr3:16084402-16086999,106,15,0
chr3:16101002-16104199,0,24,99
chr3:16109602-16110799,70,23,25
chr3:16119801-16123001,182,29,68
chr3:16124001-16125800,375,0,73
chr3:16129402-16130999,364,39,131
chr3:16132147-16133600,1291,179,601
chr3:16135602-16136800,164,201,143
chr3:16139802-16141599,54,0,67
chr3:16233201-16233800,740,61,540
chr3:16237201-16238000,1814,187,954
chr3:16239001-16241400,6039,757,3361
chr3:16243801-16244800,3404,397,2891
chr3:20013201-20015801,27,118,0
chr3:20021402-20025599,52,83,20
chr3:20158558-20158837,0,46,49
chr3:23193801-23194399,13,0,12
chr3:23599602-23601999,21,0,248
chr3:23607401-23609600,27,23,10
chr3:23614401-23614800,27,11,0
chr3:23644202-23651400,64,87,35
chr3:23667325-23670373,37,120,40
chr3:23685202-23687599,81,29,0
chr3:23697027-23697999,6,19,0
chr3:23985601-23988400,0,21,9
chr3:23990602-23994999,47,261,21
chr3:23995401-23995800,9,31,52
chr3:24042201-24043600,7,0,25
chr3:25795401-25795600,27,11,0
chr3:27105201-27109200,28,158,52
chr3:27508801-27512599,27,17,37
chr3:27641401-27643999,217,142,337
chr3:30156002-30157800,25,21,0
chr3:30161001-30163599,23,7,0
chr3:30179402-30182199,24,42,0
chr3:30183202-30184999,19,21,0
chr3:30231002-30234799,0,110,24
chr3:30307001-30309000,42,941,3
chr3:30340602-30358599,481,1316,975
chr3:30400402-30401399,26,0,32
chr3:30417801-30418799,41,455,177
chr3:30420801-30422485,27,279,279
chr3:30470401-30480799,204,1362,819
chr3:30481001-30481200,0,117,41
chr3:30492201-30497600,0,148,124
chr3:30605476-30605617,56,13,0
chr3:30702601-30706199,1277,1892,2871
chr3:30707602-30709599,701,1196,770
chr3:31647059-31647338,214,620,175
chr3:31649400-31649802,275,316,58
chr3:31649977-31650140,1,70,34
chr3:32190001-32190200,0,23,6
chr3:32384601-32386200,28,0,49
chr3:32510001-32510600,23,0,37
chr3:32515801-32518199,248,21,27
chr3:32777002-32777600,0,22,19
chr3:32816319-32816640,1,0,23
chr3:32960201-32960600,2,23,49
chr3:32960801-32961600,89,118,49
chr3:32971202-32977200,32,9,0
chr3:32992201-32993999,48,21,44
chr3:32994200-32994800,18,7,27
chr3:33788601-33793000,23,100,317
chr3:36964002-36966199,51,87,50
chr3:36969964-36970336,34,23,12
chr3:37374601-37377599,861,543,123
chr3:37380001-37380400,214,204,76
chr3:38256802-38259399,83,0,349
chr3:38259601-38260799,156,23,82
chr3:38263602-38265199,51,24,63
chr3:38423201-38423400,0,39,42
chr3:38425202-38428399,439,896,325
chr3:38438001-38438865,0,23,25
chr3:39180608-39181338,52,142,91
chr3:39413401-39415670,28,17,44
chr3:40593255-40593848,13,0,44
chr3:41100802-41104399,0,43,65
chr3:41173859-41177399,18,10,0
chr3:41189801-41190200,0,7,44
chr3:41997636-41998492,80,23,0
chr3:42344801-42348600,0,11,6
chr3:42539402-42541399,49,0,134
chr3:42544002-42545962,0,23,74
chr3:43060801-43061399,196,161,63
chr3:43062401-43062601,24,93,46
chr3:43736402-43737685,25,0,160
chr3:43742202-43743599,184,21,222
chr3:43747002-43748999,24,0,141
chr3:43752602-43762200,2020,526,4428
chr3:43785401-43786400,10,0,24
chr3:43794001-43795600,28,0,47
chr3:44420200-44420600,95,17,34
chr3:45816401-45819999,0,21,23
chr3:46057601-46072000,0,87,23
chr3:46076601-46077000,5,0,24
chr3:46082200-46082401,0,35,25
chr3:46278602-46288000,0,85,30
chr3:46432401-46434199,0,21,82
chr3:46489999-46490153,13,15,8
chr3:46490600-46492400,60,41,73
chr3:46505401-46506800,57,57,0
chr3:46507601-46508000,19,0,23
chr3:46815401-46815600,3,14,4
chr3:46824201-46825200,14,12,37
chr3:46913201-46914399,0,45,74
chr3:47361601-47373400,0,143,38
chr3:47490601-47491601,294,239,149
chr3:47492201-47492600,46,16,19
chr3:47493001-47494400,132,164,163
chr3:47583601-47584400,0,98,102
chr3:48903001-48905000,7,9,0
chr3:49133692-49133769,4,0,11
chr3:49265801-49267600,565,929,862
chr3:49434401-49435600,0,51,25
chr3:49437201-49437600,24,0,6
chr3:49441001-49441800,27,23,0
chr3:49453601-49456890,0,10,26
chr3:49879802-49882799,53,0,73
chr3:50264679-50265100,0,11,59
chr3:50313001-50313600,107,214,131
chr3:50314401-50315000,140,172,307
chr3:50316962-50317167,77,18,88
chr3:50605119-50605438,13,11,2
chr3:50651202-50656400,1075,792,1032
chr3:50658600-50658801,14,49,35
chr3:50659201-50659400,35,10,21
chr3:51539429-51539854,77,42,108
chr3:52067201-52074200,137,160,22
chr3:52253324-52253609,27,0,8
chr3:52302598-52304600,42,64,164
chr3:52306801-52308600,57,87,135
chr3:52311494-52311787,23,0,12
chr3:52313784-52314174,38,44,92
chr3:52447801-52448200,0,23,24
chr3:53211401-53213800,55,69,149
chr3:53216802-53221000,22,89,103
chr3:56724801-56726600,0,46,132
chr3:57184001-57185200,36,45,0
chr3:57615401-57617000,34,78,26
chr3:57753801-57754200,47,83,0
chr3:57985862-57986040,0,1,5
chr3:58296202-58297400,0,263,153
chr3:58298201-58298400,0,28,59
chr3:64046602-64050399,0,23,24
chr3:65078801-65079600,131,23,0
chr3:65087801-65088000,24,11,0
chr3:65094601-65095400,54,25,74
chr3:65105801-65108400,468,79,123
chr3:65126402-65127599,4,10,37
chr3:65133401-65134600,53,23,0
chr3:65167801-65171200,0,46,50
chr3:66720801-66721800,0,22,13
chr3:67082402-67084399,0,24,26
chr3:67240601-67241200,96,86,73
chr3:67357684-67358399,0,22,21
chr3:69970001-69971800,25,52,65
chr3:71768401-71769200,27,0,7
chr3:71846802-71859800,23,0,21
chr3:72589802-72592799,21,59,24
chr3:72593601-72599400,31,0,28
chr3:72692801-72693600,21,0,24
chr3:72697201-72698800,0,21,44
chr3:72744001-72747201,0,19,47
chr3:73070202-73072200,99,45,0
chr3:73379001-73380200,12,0,53
chr3:75372401-75372800,0,14,12
chr3:75373801-75374000,11,9,0
chr3:78582001-78582400,0,60,24
chr3:81484601-81486400,365,115,490
chr3:87858601-87860400,80,104,0
chr3:87997324-87997523,0,95,37
chr3:99548201-99551200,26,22,0
chr3:99577001-99579800,94,145,22
chr3:101635602-101636943,47,30,0
chr3:101701801-101702238,0,66,11
chr3:101702402-101704999,134,158,243
chr3:101705551-101705872,0,21,58
chr3:101707400-101708000,0,41,255
chr3:101863401-101864000,26,0,511
chr3:101867402-101870199,0,8,137
chr3:102053201-102054200,0,1,1
chr3:105359438-105359767,19,18,0
chr3:105646936-105647799,117,7,49
chr3:107930202-107932399,27,93,25
chr3:108023601-108023800,0,17,12
chr3:108024001-108025200,12,0,124
chr3:108028801-108029599,161,366,170
chr3:108859801-108860200,0,2,19
chr3:112364001-112366200,855,63,487
chr3:112517801-112518200,1,0,24
chr3:112586401-112587600,109,272,112
chr3:112592001-112593400,409,896,220
chr3:112772402-112783400,39,16,0
chr3:113208201-113208400,999,516,144
chr3:113209201-113209400,751,392,134
chr3:113635401-113636800,54,42,0
chr3:113697189-113697777,49,70,0
chr3:119210001-119210200,13,0,17
chr3:119423401-119424629,131,354,248
chr3:119425748-119426316,27,77,104
chr3:119426947-119427075,0,46,10
chr3:120560339-120560735,26,0,24
chr3:120592401-120593200,0,23,22
chr3:122122802-122124599,115,0,265
chr3:122353202-122357600,23,0,21
chr3:122576205-122576636,3,46,37
chr3:122902201-122902800,26,0,53
chr3:123453801-123454000,0,6,28
chr3:123457401-123458799,239,0,50
chr3:123459601-123460599,197,185,47
chr3:124042001-124042400,6,0,49
chr3:124055602-124058131,0,23,78
chr3:124061402-124064799,24,46,94
chr3:125068601-125070800,608,46,953
chr3:125072001-125074000,271,24,797
chr3:125075601-125076600,85,0,302
chr3:125598201-125599200,26,45,0
chr3:125640801-125642200,0,42,11
chr3:125984401-125985336,70,11,20
chr3:125990299-125990647,0,20,18
chr3:126305401-126306000,0,22,22
chr3:126478002-126478600,54,22,0
chr3:126569001-126569400,0,17,24
chr3:126981958-126982450,10,17,0
chr3:126984090-126984381,13,0,12
chr3:128414601-128418000,72,82,83
chr3:128421201-128421801,13,33,27
chr3:128423600-128425400,25,134,20
chr3:128504831-128505659,558,886,845
chr3:128515801-128516200,512,828,271
chr3:128531801-128533515,0,60,50
chr3:128546602-128551000,23,140,93
chr3:128551601-128552999,24,55,0
chr3:128559001-128560200,70,23,74
chr3:128567146-128569399,28,120,70
chr3:128587601-128589200,54,31,57
chr3:128598867-128599206,25,0,12
chr3:128618661-128618901,8,5,12
chr3:129077200-129077401,13,0,26
chr3:129080401-129081000,26,0,10
chr3:129081601-129082600,26,0,24
chr3:129164801-129165000,81,70,157
chr3:129199201-129200200,360,117,466
chr3:129330001-129331400,134,0,75
chr3:129341601-129342199,26,21,0
chr3:129352602-129354000,2,0,25
chr3:129364401-129366600,957,945,390
chr3:129368601-129368800,69,201,64
chr3:129370802-129371399,184,156,137
chr3:129378602-129380199,598,747,432
chr3:129539201-129540200,1,22,24
chr3:129627488-129627647,3,2,0
chr3:129947401-129949400,460,167,98
chr3:129970801-129971000,55,34,0
chr3:129971461-129971824,83,11,0
chr3:129992801-129993600,0,9,9
chr3:129995201-129995600,7,23,0
chr3:131401802-131403999,0,23,158
chr3:132543026-132543419,54,46,46
chr3:132549402-132551800,64,91,98
chr3:132553602-132557288,210,185,145
chr3:134323401-134324000,13,60,111
chr3:134326268-134326518,67,183,355
chr3:134326852-134327208,53,49,11
chr3:134328318-134328552,10,0,37
chr3:134331317-134331729,13,0,63
chr3:134334594-134334937,27,0,16
chr3:134381201-134382600,9,245,303
chr3:134388402-134389599,0,58,49
chr3:134391802-134394599,79,81,303
chr3:134396401-134397600,0,21,37
chr3:134470602-134473399,244,64,101
chr3:134473602-134474400,113,8,0
chr3:134474802-134475200,0,40,11
chr3:138036801-138037000,14,18,0
chr3:138041602-138044399,54,46,0
chr3:138046801-138048200,239,215,66
chr3:138048994-138049800,145,114,50
chr3:138050028-138050412,54,22,25
chr3:138060001-138060600,95,70,89
chr3:138060801-138061400,13,20,59
chr3:138337201-138338200,53,45,0
chr3:138645919-138646518,26,200,34
chr3:138867601-138868600,14,12,0
chr3:138871601-138877999,22,19,0
chr3:138882602-138883600,26,1,0
chr3:138905201-138911399,66,151,0
chr3:140581000-140581200,0,3,36
chr3:140586000-140586201,21,76,66
chr3:140588002-140589200,42,215,173
chr3:141011202-141013200,28,100,26
chr3:141474201-141477800,109,21,177
chr3:141478001-141480000,167,88,157
chr3:141840202-141843199,0,9,14
chr3:143150801-143153200,0,18,23
chr3:144344402-144345800,27,23,25
chr3:144483001-144484400,189,228,151
chr3:146058401-146058600,198,64,80
chr3:146165408-146165694,80,100,141
chr3:146166503-146166881,86,153,191
chr3:146176201-146179800,1110,811,721
chr3:146184201-146185001,1015,455,577
chr3:146189401-146189601,108,242,57
chr3:146190000-146190600,231,170,330
chr3:146510002-146514000,6369,2620,9408
chr3:148747601-148748000,27,11,0
chr3:150299002-150302999,0,18,26
chr3:150352001-150352800,0,114,24
chr3:150362202-150363599,122,157,50
chr3:150365002-150366199,12,138,29
chr3:150382001-150382600,0,20,56
chr3:150388201-150389400,98,45,68
chr3:150391001-150391800,79,35,24
chr3:150393801-150394000,36,0,7
chr3:150394401-150395400,37,22,24
chr3:150397201-150397600,27,0,24
chr3:150472201-150473086,1,23,2
chr3:150480401-150481200,12,0,43
chr3:150497760-150498481,54,0,12
chr3:150501401-150501600,33,11,0
chr3:150504201-150505600,69,0,25
chr3:150512801-150513600,54,0,24
chr3:150518801-150519787,47,90,1
chr3:150521600-150522000,21,32,0
chr3:150538601-150539282,15,13,75
chr3:151459554-151459672,0,17,12
chr3:151500801-151502200,0,23,50
chr3:151552002-151554600,27,15,0
chr3:152229801-152231400,0,24,36
chr3:152515801-152518400,0,23,25
chr3:152856602-152862199,0,17,27
chr3:153103201-153105599,21,36,7
chr3:153172401-153173399,7,50,154
chr3:153173602-153174800,44,56,129
chr3:153180401-153183800,206,259,876
chr3:153247489-153248204,54,12,0
chr3:153337202-153339800,27,39,0
chr3:154260002-154262599,27,23,507
chr3:155185400-155186200,24,86,126
chr3:155187001-155187400,29,0,22
chr3:155208201-155208600,0,34,66
chr3:156711801-156712399,80,85,420
chr3:156718201-156719401,53,91,418
chr3:156720601-156723678,0,23,1015
chr3:156725201-156725999,0,19,297
chr3:156727202-156728999,0,46,587
chr3:157141201-157141600,226,0,28
chr3:158631801-158633000,299,64,0
chr3:158830600-158831000,502,750,534
chr3:158845770-158846240,105,23,50
chr3:158918200-158918600,0,6,15
chr3:158936000-158937400,27,17,0
chr3:161262602-161267999,442,493,1090
chr3:161332602-161334800,23,10,0
chr3:161405802-161407677,26,14,0
chr3:167666202-167666999,896,914,454
chr3:167672401-167673400,511,141,668
chr3:168875602-168879199,51,115,11
chr3:169664801-169666000,94,89,61
chr3:169699001-169700400,0,23,48
chr3:169758401-169760200,25,21,0
chr3:170022402-170028399,0,9,49
chr3:171055485-171055694,25,56,75
chr3:171813842-171814420,23,45,0
chr3:172541001-172542604,25,0,23
chr3:172545802-172552399,23,50,0
chr3:172605802-172609199,0,72,22
chr3:172625001-172628400,0,46,50
chr3:174416801-174419000,7,0,18
chr3:175822801-175823400,26,14,0
chr3:177809601-177812199,32,23,0
chr3:178950401-178951200,57,148,31
chr3:179453602-179456000,17,65,0
chr3:179516201-179517000,14,23,0
chr3:182923401-182923800,10,42,0
chr3:182924417-182924677,0,11,30
chr3:182924801-182926399,0,21,112
chr3:182928073-182928327,0,50,12
chr3:183009600-183010800,0,49,63
chr3:183013201-183013400,0,7,15
chr3:183478401-183480401,0,27,13
chr3:184147602-184149199,57,90,49
chr3:184482201-184482719,0,67,20
chr3:184513279-184513452,0,19,10
chr3:184590401-184599599,114,532,271
chr3:184616402-184621600,37,182,51
chr3:184628602-184631400,24,21,0
chr3:184656401-184663199,24,0,11
chr3:185058601-185061000,25,0,169
chr3:185501801-185502000,22,35,0
chr3:185502801-185503999,0,71,25
chr3:185577401-185578400,19,0,11
chr3:185635400-185635800,1145,105,215
chr3:185844601-185844800,7,33,32
chr3:185899002-185901599,13,27,25
chr3:186860601-186861917,213,70,1182
chr3:186869202-186872399,644,365,7592
chr3:186886002-186889599,0,10,100
chr3:187082201-187085599,157,62,50
chr3:187465401-187467199,118,0,8
chr3:187517602-187520799,28,0,26
chr3:188072601-188073200,13,13,61
chr3:188076001-188077775,1063,89,1996
chr3:188081801-188082201,29,29,14
chr3:188082601-188083001,31,61,25
chr3:188149801-188150000,31,118,47
chr3:188899402-188902999,0,137,47
chr3:188903602-188908999,38,24,26
chr3:188927002-188934600,216,694,99
chr3:188940733-188940831,60,72,73
chr3:189330001-189331799,83,38,50
chr3:189333802-189335399,74,17,125
chr3:189337800-189338201,0,104,54
chr3:189369801-189371000,27,69,0
chr3:189383001-189384000,53,0,37
chr3:189458200-189459001,27,4,0
chr3:189488002-189489134,20,13,0
chr3:189563581-189564799,26,22,0
chr3:190301201-190302600,24,0,1960
chr3:191400001-191400600,26,38,7
chr3:193701602-193703600,124,140,265
chr3:193704201-193704400,0,16,49
chr3:193715601-193717799,0,20,10
chr3:194133847-194135408,0,69,77
chr3:194294002-194295599,28,24,63
chr3:194570108-194570862,26,0,71
chr3:194573740-194574430,44,23,24
chr3:195062602-195065399,24,38,9
chr3:195565797-195567599,25,0,23
chr3:195585401-195585800,24,18,19
chr3:195595201-195596000,0,19,24
chr3:195608802-195610400,77,268,60
chr3:195958801-195959000,57,174,47
chr3:195994201-195994800,57,94,7
chr3:196443945-196445800,109,455,115
chr3:196448001-196448400,0,5,12
chr3:196552801-196553000,60,131,176
chr3:196969940-196970149,22,48,0
chr3:197036601-197036800,10,11,0
chr3:197478002-197479999,0,45,22
chr2:32602-36800,539,32,1620
chr2:661202-663199,0,67,52
chr2:881150-881800,24,0,69
chr2:886601-889599,80,0,797
chr2:891801-892400,9,0,100
chr2:1749401-1749800,52,11,185
chr2:1750001-1750200,87,43,158
chr2:1750550-1751799,314,173,295
chr2:2613312-2613669,10,12,0
chr2:3487601-3490400,0,46,27
chr2:3490601-3491800,0,76,17
chr2:6212201-6213000,22,46,0
chr2:6803601-6804000,12,11,0
chr2:6811801-6812000,4,8,0
chr2:6812201-6813600,39,6,50
chr2:6907664-6907915,80,132,36
chr2:6909811-6910035,76,51,0
chr2:7145401-7147000,39,12,26
chr2:7188202-7189600,19,40,45
chr2:7189939-7192799,117,21,23
chr2:7225401-7228600,296,43,26
chr2:7241001-7245199,247,64,144
chr2:7269002-7270999,24,24,0
chr2:7288201-7289000,54,12,0
chr2:7377802-7378999,175,18,100
chr2:7745600-7748200,27,206,0
chr2:7748748-7749401,53,180,22
chr2:7750001-7750600,24,0,24
chr2:9564801-9566400,14,19,5
chr2:9572602-9574999,376,635,19
chr2:9577401-9577800,188,177,37
chr2:9773202-9774999,0,106,2
chr2:10430601-10430800,58,0,9
chr2:10541602-10545199,25,0,5
chr2:10566200-10566401,108,58,37
chr2:10568801-10570200,294,285,749
chr2:11433602-11434800,32,32,47
chr2:11472601-11474400,195,21,20
chr2:11481132-11481564,27,0,31
chr2:13444601-13445000,12,9,0
chr2:14673401-14673927,13,11,0
chr2:15132802-15135600,14,0,73
chr2:15634202-15641399,154,65,744
chr2:18549001-18549800,319,610,145
chr2:18550961-18553200,898,324,415
chr2:18598202-18600599,107,69,0
chr2:18642801-18644600,195,109,0
chr2:18663601-18664800,0,31,9
chr2:18742002-18743000,99,0,24
chr2:18836201-18838600,55,21,0
chr2:18890000-18890401,13,10,0
chr2:18924201-18927000,159,17,0
chr2:18932601-18933600,82,0,24
chr2:18949802-18950999,53,54,0
chr2:18960201-18960601,53,0,20
chr2:18975601-18977600,242,24,0
chr2:18980201-18980800,95,91,20
chr2:19363029-19363297,198,60,212
chr2:19424802-19426999,23,204,0
chr2:19537801-19544599,24,20,100
chr2:19773802-19775999,27,0,25
chr2:20021601-20024600,0,59,113
chr2:20410926-20412400,47,0,24
chr2:20418601-20420599,21,103,144
chr2:20456001-20457399,39,0,11
chr2:20465802-20468400,0,71,12
chr2:20472001-20475800,13,0,24
chr2:20477801-20478600,108,0,24
chr2:20519601-20520000,1,0,99
chr2:20523402-20528199,119,21,1599
chr2:20536002-20544724,746,93,6444
chr2:20551002-20552399,82,40,0
chr2:20555201-20555600,36,35,90
chr2:20556601-20558200,619,721,528
chr2:23711802-23714000,325,338,418
chr2:23716201-23717000,32,152,105
chr2:23719401-23721600,243,204,260
chr2:25346801-25348200,52,34,0
chr2:25726201-25727000,0,20,24
chr2:26139200-26139401,10,0,62
chr2:26143601-26145486,131,0,250
chr2:26646402-26648599,11,221,0
chr2:26650001-26650200,21,18,0
chr2:26653801-26655999,0,73,28
chr2:26804818-26806000,0,10,11
chr2:27029002-27030200,40,20,51
chr2:27030401-27030600,15,51,47
chr2:27525306-27525766,0,69,12
chr2:27527001-27527601,149,97,24
chr2:27716425-27716804,197,59,143
chr2:27716987-27717284,27,84,11
chr2:27720001-27720372,27,6,12
chr2:27726801-27731629,533,22,118
chr2:27735453-27735831,87,28,71
chr2:27737690-27738342,73,3,36
chr2:28346401-28350399,28,188,52
chr2:28352001-28352999,26,22,124
chr2:28359328-28359843,0,8,37
chr2:28360917-28361361,66,0,97
chr2:28363803-28364090,8,11,12
chr2:28419601-28420200,502,117,2011
chr2:28429601-28433400,352,144,686
chr2:28670402-28672600,54,0,50
chr2:28702001-28703799,0,74,50
chr2:28950202-28954599,31,160,2000
chr2:29079802-29083000,0,34,52
chr2:30184601-30186200,0,24,55
chr2:30201801-30202600,0,52,215
chr2:31272002-31272599,26,0,99
chr2:31272801-31274401,68,146,123
chr2:31275401-31275600,2,6,0
chr2:31293602-31300999,0,67,24
chr2:32330801-32331401,0,10,43
chr2:32622601-32623600,41,48,1
chr2:33402201-33402400,0,2,1
chr2:33425202-33427599,12,10,0
chr2:33577202-33578799,188,46,42
chr2:36834402-36835999,17,73,76
chr2:37773401-37777999,24,0,22
chr2:37785601-37787275,53,23,0
chr2:37792201-37799200,24,10,0
chr2:37800002-37803999,0,18,45
chr2:37916202-37918199,0,24,26
chr2:38244401-38245801,24,10,0
chr2:38258401-38267800,33,28,0
chr2:38394202-38396799,23,23,0
chr2:38540402-38544199,135,0,442
chr2:38549001-38549999,0,22,62
chr2:38552269-38553000,24,34,25
chr2:38555283-38559000,33,28,103
chr2:38642401-38645400,16,0,9
chr2:38651601-38655799,14,6,0
chr2:38977801-38980000,15,67,46
chr2:39728202-39728800,13,42,0
chr2:41899600-41900000,6,10,12
chr2:41905402-41908400,219,146,172
chr2:41909601-41910000,54,13,21
chr2:41913401-41913600,31,0,10
chr2:41925801-41929399,0,71,76
chr2:41962802-41968799,32,0,29
chr2:41970801-41971800,0,4,31
chr2:42063001-42065039,25,0,73
chr2:42068400-42069800,0,10,149
chr2:42075601-42076000,38,21,55
chr2:42083402-42087200,0,23,24
chr2:42105861-42106463,23,18,0
chr2:42793301-42793887,114,387,47
chr2:42796130-42796173,14,0,1
chr2:42800201-42801800,425,926,357
chr2:42803201-42806000,449,1100,142
chr2:42809650-42810859,103,693,222
chr2:42835401-42837600,82,83,0
chr2:42841202-42842842,0,44,24
chr2:42843201-42848599,144,164,70
chr2:42853002-42855800,79,123,156
chr2:42856202-42862200,321,630,246
chr2:42865601-42868200,55,23,29
chr2:42872001-42883400,101,104,149
chr2:42912602-42915199,83,170,0
chr2:42916002-42920000,57,18,137
chr2:42936432-42936585,21,53,0
chr2:42938582-42940400,593,3129,62
chr2:42959348-42959805,13,0,3
chr2:42968016-42968305,32,0,12
chr2:42974855-42975377,27,68,0
chr2:42982801-42983000,3,6,0
chr2:42983202-42985399,11,113,50
chr2:42985602-42987999,239,310,78
chr2:42988601-42989000,28,134,0
chr2:43018389-43018550,0,11,7
chr2:43065801-43066000,38,56,40
chr2:43075115-43075375,5,0,23
chr2:43077801-43078000,0,10,22
chr2:43885401-43885600,0,22,11
chr2:44097201-44105275,14,0,53
chr2:44162602-44164799,27,10,0
chr2:45119000-45121400,55,0,43
chr2:45352602-45355399,79,0,13
chr2:45380001-45381400,27,23,135
chr2:45382401-45383600,0,49,94
chr2:46251402-46253999,23,0,51
chr2:46284401-46285129,11,27,0
chr2:46285401-46287258,102,127,48
chr2:46290001-46290800,81,126,0
chr2:46396001-46396200,2,0,19
chr2:46634401-46635800,299,162,114
chr2:46636802-46637400,176,116,103
chr2:46643601-46648799,4562,1339,1365
chr2:46655201-46657637,404,18,104
chr2:46662402-46665199,499,115,0
chr2:46666001-46667400,416,128,0
chr2:46680000-46681000,48,0,24
chr2:46681801-46682400,644,363,87
chr2:46682601-46682999,133,112,47
chr2:46684001-46685400,551,266,149
chr2:46865602-46879599,99,213,22
chr2:46880602-46883399,24,0,22
chr2:46893401-46893951,19,23,0
chr2:47186401-47187800,22,0,50
chr2:47678001-47679200,0,58,17
chr2:47916602-47918600,0,45,26
chr2:48525308-48526200,23,10,49
chr2:54415002-54421399,57,97,115
chr2:54439202-54440600,84,0,50
chr2:54455015-54455440,41,225,127
chr2:55123801-55124400,0,46,24
chr2:55137001-55137259,13,0,21
chr2:55137609-55137960,7,23,0
chr2:55170801-55171200,67,9,24
chr2:55482001-55486799,94,43,0
chr2:55490202-55492199,103,45,49
chr2:55511401-55511904,26,13,0
chr2:55625801-55626000,37,14,0
chr2:55761001-55762400,27,0,50
chr2:55779002-55781599,97,91,0
chr2:55809800-55811600,128,247,221
chr2:55841602-55845800,52,83,0
chr2:55847801-55848000,69,3,0
chr2:55848201-55848600,47,0,10
chr2:55855402-55858199,79,0,22
chr2:55860802-55864399,1681,2549,171
chr2:57890202-57895199,26,114,49
chr2:60934799-60935110,253,0,362
chr2:61055539-61056002,205,124,78
chr2:61707801-61709200,0,93,25
chr2:61713201-61715000,0,21,2
chr2:61758802-61760999,11,87,75
chr2:61763547-61764012,46,208,165
chr2:61764066-61764525,50,35,146
chr2:62148028-62148291,37,74,62
chr2:62153202-62154600,84,296,199
chr2:62156802-62157999,138,45,56
chr2:62159001-62159400,58,44,49
chr2:62160001-62160200,31,0,36
chr2:62163401-62164800,47,0,25
chr2:62175602-62179799,104,83,68
chr2:62180601-62182599,0,91,75
chr2:62184602-62188200,109,54,135
chr2:62189001-62189400,13,12,0
chr2:62231401-62232800,0,19,4
chr2:62414601-62415800,10,9,0
chr2:62461401-62462400,14,108,75
chr2:62528801-62530200,24,64,0
chr2:64031001-64031400,14,0,12
chr2:64034801-64037200,55,0,23
chr2:64049401-64050400,0,4,22
chr2:64062402-64066799,47,0,21
chr2:64286202-64290399,104,44,406
chr2:64290801-64291682,21,0,18
chr2:64322002-64324200,3,6,32
chr2:64381601-64384800,228,175,115
chr2:64386601-64387200,13,22,37
chr2:64391533-64391816,1,11,12
chr2:64514000-64514201,0,11,13
chr2:64625272-64629999,16,0,46
chr2:64768187-64768885,0,13,25
chr2:65178401-65178600,0,7,14
chr2:65291402-65295599,441,204,310
chr2:65309201-65309400,119,19,29
chr2:66364201-66365600,0,23,25
chr2:66413001-66413200,19,11,0
chr2:66413801-66414000,11,0,12
chr2:66424601-66425000,99,134,12
chr2:66425368-66425818,74,155,0
chr2:66789474-66791324,0,45,21
chr2:67006601-67006800,0,4,17
chr2:67463601-67464599,7,22,0
chr2:67548201-67549200,12,21,22
chr2:68272760-68272905,8,0,3
chr2:68280802-68281400,24,27,136
chr2:68282601-68283200,6,40,69
chr2:68336200-68336401,6,36,0
chr2:68341201-68343400,0,56,198
chr2:68345600-68345801,17,7,11
chr2:68350802-68354000,79,136,42
chr2:68417202-68422200,0,22,24
chr2:69280000-69280401,54,5,12
chr2:69285402-69286400,49,45,0
chr2:69390001-69391400,24,23,25
chr2:69444801-69445200,107,66,47
chr2:69448401-69453999,1138,1271,1424
chr2:69455401-69456000,125,88,334
chr2:70791401-70799200,27,202,102
chr2:70822601-70823800,107,678,118
chr2:70842201-70843000,27,37,0
chr2:70897000-70897634,55,88,24
chr2:71182001-71182200,51,24,12
chr2:71440001-71442399,569,62,551
chr2:71443001-71443600,491,80,262
chr2:71690801-71693199,51,58,23
chr2:71742002-71750399,59,153,124
chr2:72166400-72166600,28,21,75
chr2:72173002-72174599,131,73,493
chr2:72911201-72911600,0,48,3
chr2:73707002-73708799,28,79,0
chr2:73739991-73740374,76,104,48
chr2:73746002-73747999,1354,825,442
chr2:73759001-73760400,162,32,142
chr2:74495708-74495894,45,6,76
chr2:74690494-74691129,0,102,128
chr2:74691801-74692400,88,45,42
chr2:74692601-74696213,64,341,136
chr2:74696446-74697799,62,206,33
chr2:74700401-74701200,0,180,24
chr2:74703202-74704000,27,101,73
chr2:74707402-74709600,403,1193,397
chr2:74712295-74712470,35,144,3
chr2:74721202-74722200,35,50,0
chr2:74806202-74808399,39,107,25
chr2:74812789-74814000,23,24,49
chr2:74914618-74914953,58,0,4
chr2:74915566-74916799,24,0,24
chr2:74944801-74946213,27,0,74
chr2:74954402-74954800,40,0,8
chr2:74991601-74992600,133,0,16
chr2:75002401-75002600,13,11,0
chr2:75033201-75036400,28,24,0
chr2:75200235-75200495,0,15,23
chr2:75275801-75278799,641,1352,364
chr2:75286801-75289199,4,32,74
chr2:75292402-75293599,0,58,11
chr2:75613739-75614999,0,61,93
chr2:75619802-75621199,19,213,22
chr2:84919969-84920439,54,23,0
chr2:85311602-85314217,6275,4943,2512
chr2:85652201-85655200,0,91,113
chr2:85712346-85712713,13,0,41
chr2:85729192-85729511,5,17,0
chr2:85730488-85734300,102,34,400
chr2:85799201-85800200,14,27,65
chr2:85800601-85800800,39,0,37
chr2:85805601-85807000,0,64,16
chr2:85810401-85812599,27,0,25
chr2:85907001-85908556,94,90,68
chr2:85910545-85914800,288,233,181
chr2:85918001-85918201,0,10,12
chr2:85919801-85920000,32,26,31
chr2:85924001-85927999,328,298,111
chr2:85929001-85929399,0,81,35
chr2:85929602-85932199,579,491,157
chr2:85932401-85932800,47,168,12
chr2:85949002-85950199,27,78,3
chr2:85950401-85951000,0,11,46
chr2:85951402-85957599,22,18,0
chr2:85975201-85977000,0,57,23
chr2:85978202-85980999,59,251,197
chr2:85984601-85985000,17,23,31
chr2:85997895-85998180,0,7,7
chr2:86392802-86394999,0,20,25
chr2:86494890-86495269,54,23,34
chr2:86809551-86809952,82,33,0
chr2:86809986-86810508,13,46,24
chr2:86811576-86813800,59,67,0
chr2:87024039-87024734,145,234,64
chr2:87025602-87029599,128,310,151
chr2:87198001-87199200,59,95,41
chr2:87309201-87310708,26,29,24
chr2:87374201-87375799,0,43,7
chr2:88188002-88189200,367,190,334
chr2:88190811-88192200,153,129,130
chr2:88687401-88687800,118,23,28
chr2:90237771-90238600,26,22,28
chr2:90239201-90240400,0,23,59
chr2:90265716-90267771,0,68,23
chr2:94764201-94764800,47,45,88
chr2:95264401-95265800,114,226,89
chr2:95267601-95268400,79,132,124
chr2:95655401-95655919,23,0,22
chr2:96139801-96140000,0,10,110
chr2:96245745-96245928,182,205,170
chr2:96587402-96588800,27,23,25
chr2:97703801-97705000,27,213,74
chr2:97751515-97753600,52,111,85
chr2:97754601-97755800,0,16,76
chr2:98596682-98596843,223,373,222
chr2:98740001-98741000,28,109,75
chr2:98742801-98745399,106,83,136
chr2:98745601-98746000,87,92,37
chr2:98746802-98752999,232,462,457
chr2:100587401-100590000,0,15,17
chr2:100731202-100735000,13,0,24
chr2:100800602-100802199,28,0,23
chr2:100812202-100815799,121,0,147
chr2:100819034-100819540,133,47,123
chr2:101897001-101898200,0,23,86
chr2:101899001-101899200,7,0,37
chr2:101899820-101900841,27,46,119
chr2:101908202-101914400,22,18,111
chr2:101920001-101926599,0,10,65
chr2:101930002-101932600,27,0,98
chr2:102059188-102059800,149,35,178
chr2:102060001-102060200,57,28,59
chr2:102062161-102062759,0,5,61
chr2:102273202-102274799,0,56,68
chr2:102399801-102402200,0,21,19
chr2:105108801-105109400,0,22,8
chr2:105253402-105257600,74,0,34
chr2:105356983-105357157,9,23,151
chr2:105441601-105442400,0,95,38
chr2:105443202-105444799,0,182,26
chr2:105446401-105448600,27,479,0
chr2:105449001-105449599,0,90,67
chr2:105450401-105450800,13,336,38
chr2:105510402-105511800,0,234,75
chr2:105515802-105519399,0,625,47
chr2:105545601-105547400,48,117,38
chr2:106084002-106088999,107,129,82
chr2:107897601-107898600,146,22,62
chr2:108688801-108689799,26,89,0
chr2:108689955-108690437,12,55,99
chr2:109109001-109110200,0,16,9
chr2:109508401-109509000,0,22,11
chr2:109519201-109520000,81,0,19
chr2:109631002-109641799,0,16,17
chr2:109689002-109694999,21,0,29
chr2:109695401-109695600,0,14,2
chr2:109720402-109722599,0,3,14
chr2:109862602-109863999,42,19,137
chr2:112031908-112032084,0,45,11
chr2:112194002-112195200,25,0,19
chr2:112198201-112199800,19,17,18
chr2:112362002-112363399,27,0,71
chr2:112679401-112680000,0,33,410
chr2:112811001-112814999,28,0,52
chr2:113288202-113289599,0,12,25
chr2:113290001-113290200,0,14,6
chr2:113303001-113303200,0,23,12
chr2:113304602-113306999,55,21,303
chr2:113309202-113311999,79,204,459
chr2:113567162-113568600,241,199,89
chr2:113570001-113572600,125,451,25
chr2:113583981-113584129,20,62,20
chr2:113760202-113761199,0,35,49
chr2:113968601-113968800,0,36,31
chr2:118112002-118114599,259,126,72
chr2:118120429-118120806,26,36,0
chr2:118312971-118314399,0,23,25
chr2:119004401-119006200,25,0,23
chr2:119195201-119199399,0,25,13
chr2:119275602-119277199,0,63,94
chr2:119282461-119283426,354,490,33
chr2:119283840-119284405,207,247,12
chr2:119290799-119291799,7,83,24
chr2:119294401-119294600,23,23,0
chr2:119717801-119718000,0,11,79
chr2:119718202-119718999,4,46,15
chr2:119723401-119724400,8,42,0
chr2:119730201-119731201,35,62,42
chr2:120298200-120298401,13,11,55
chr2:120305402-120306600,0,23,45
chr2:120308201-120308800,0,22,74
chr2:120326801-120329800,133,219,157
chr2:120336601-120342800,88,188,264
chr2:120525001-120528599,32,636,124
chr2:120546119-120546579,463,863,224
chr2:120568001-120569200,0,45,49
chr2:120593202-120600000,48,310,44
chr2:120603277-120606600,106,91,43
chr2:121771601-121773800,66,0,25
chr2:126534001-126535400,0,23,25
chr2:126655169-126655457,0,8,38
chr2:126698602-126701992,78,82,478
chr2:126708001-126708400,0,2,49
chr2:126719201-126721400,27,26,25
chr2:127179001-127180600,0,19,26
chr2:127896401-127902199,941,282,2104
chr2:128487602-128492799,46,87,0
chr2:128501002-128506999,0,45,98
chr2:128519801-128522799,42,22,0
chr2:130349417-130349678,0,45,81
chr2:130349801-130350600,52,58,149
chr2:130355139-130355392,102,122,18
chr2:130384602-130388600,406,219,170
chr2:130396401-130397000,0,76,24
chr2:130719801-130720600,0,12,6
chr2:131099202-131101400,3,6,0
chr2:132366401-132367600,25,0,19
chr2:133578602-133581999,0,20,22
chr2:133949801-133952200,0,43,51
chr2:133954000-133954400,0,144,6
chr2:133986402-133987399,72,316,129
chr2:134018801-134019400,1,44,24
chr2:134020002-134022506,0,91,4
chr2:135732201-135735200,26,0,24
chr2:135889601-135894999,0,24,115
chr2:135904202-135905200,32,13,24
chr2:136131950-136133071,26,0,25
chr2:136327098-136327862,0,23,12
chr2:137956401-137961600,0,47,59
chr2:138071002-138073199,125,40,111
chr2:138151855-138152231,22,32,0
chr2:138212601-138212800,7,42,0
chr2:138272401-138273000,0,22,62
chr2:138291601-138292001,0,46,46
chr2:142840001-142845399,9,49,26
chr2:142856602-142860999,54,0,72
chr2:144354602-144360199,69,25,27
chr2:144628601-144628800,0,11,12
chr2:148520802-148531599,192,312,195
chr2:149536601-149537399,2,0,1
chr2:149566800-149567001,0,54,85
chr2:149567801-149568600,164,385,354
chr2:151295802-151299200,24,20,50
chr2:151299601-151300600,0,13,24
chr2:151324801-151327600,0,8,13
chr2:151333002-151335200,54,0,39
chr2:151380601-151380800,2,0,7
chr2:151756401-151757400,39,24,0
chr2:151763002-151772999,321,320,49
chr2:151774002-151776599,236,356,0
chr2:151781001-151782601,439,285,49
chr2:151783000-151783400,27,308,19
chr2:151786002-151786999,206,187,24
chr2:152113801-152114999,81,5,11
chr2:153360201-153360601,24,0,21
chr2:155987601-155987800,0,7,7
chr2:156004601-156005000,19,26,12
chr2:156346401-156347200,9,13,19
chr2:156355001-156357600,69,0,25
chr2:156720402-156721400,48,21,0
chr2:157178801-157184868,10,18,0
chr2:157329001-157329800,71,0,237
chr2:157338001-157338400,13,0,12
chr2:157340001-157340601,0,19,45
chr2:157345725-157346599,40,0,122
chr2:157363002-157364999,24,0,127
chr2:157367401-157368200,14,0,42
chr2:157409133-157409565,16,29,260
chr2:157691802-157693799,28,24,0
chr2:159633801-159638600,17,117,23
chr2:160494533-160494681,26,11,0
chr2:160983802-160985000,38,385,13
chr2:161062802-161064400,105,90,44
chr2:162256202-162262600,22,0,21
chr2:164638201-164638800,26,0,40
chr2:164651001-164652000,53,115,371
chr2:165846801-165847200,0,29,35
chr2:168424201-168425800,94,36,84
chr2:168427202-168427999,76,142,49
chr2:168428201-168428400,28,11,0
chr2:169778001-169779800,41,32,41
chr2:169788001-169788400,0,23,12
chr2:170088401-170089400,0,16,49
chr2:170968401-170968800,21,0,68
chr2:170969202-170970599,27,14,91
chr2:170983601-170984600,0,16,180
chr2:171244001-171250400,376,731,126
chr2:171267801-171268800,0,15,19
chr2:171271202-171272930,0,192,5
chr2:171762602-171764068,54,62,84
chr2:171781438-171781838,492,375,197
chr2:172613200-172613401,288,232,88
chr2:172668000-172668201,0,11,7
chr2:173970000-173973400,266,227,78
chr2:173978001-173979200,53,23,0
chr2:173982202-173984399,51,167,25
chr2:173984802-173987800,26,109,0
chr2:173989261-173992999,66,102,24
chr2:174057202-174060599,0,20,50
chr2:174061602-174064199,0,23,25
chr2:174521202-174526799,109,8,238
chr2:175061401-175063671,133,93,93
chr2:176824402-176827600,22,24,52
chr2:176851202-176857799,0,20,32
chr2:176940201-176941800,54,73,0
chr2:179898801-179899001,0,14,6
chr2:182906263-182906424,13,29,12
chr2:182906602-182907800,213,142,29
chr2:183536401-183536800,18,11,0
chr2:185893201-185893400,0,69,24
chr2:186426401-186427200,34,68,36
chr2:186515201-186515800,340,244,346
chr2:186516001-186516200,203,103,73
chr2:186518801-186519600,429,447,311
chr2:186532601-186534201,54,65,418
chr2:186538801-186539000,0,10,12
chr2:186574601-186577400,0,46,22
chr2:189020601-189023199,23,0,76
chr2:189296202-189306599,18,47,17
chr2:189309001-189310000,0,4,24
chr2:189392402-189394799,55,21,39
chr2:189483801-189484200,17,0,30
chr2:189511601-189518600,87,42,22
chr2:189541373-189544200,20,21,0
chr2:189551801-189556799,80,0,24
chr2:189768001-189768400,198,518,173
chr2:190574801-190576200,27,19,25
chr2:190582602-190584200,108,80,0
chr2:190585001-190585600,26,19,0
chr2:190598402-190600599,27,46,25
chr2:190846401-190848599,0,107,75
chr2:190857402-190865000,0,34,62
chr2:190870202-190871999,54,235,38
chr2:191158001-191158799,44,199,24
chr2:191166332-191166714,20,118,0
chr2:191169529-191169739,0,25,14
chr2:191176802-191179799,53,255,19
chr2:191180202-191181400,27,23,0
chr2:191217202-191220599,54,67,22
chr2:191222002-191223199,6,40,29
chr2:191226001-191226800,21,23,0
chr2:191431802-191432600,0,18,13
chr2:191675897-191676642,0,2,37
chr2:191830202-191832799,55,0,85
chr2:196823401-196824600,107,0,957
chr2:196959602-196960400,0,46,24
chr2:196962801-196963600,27,0,24
chr2:197477602-197479799,105,13,0
chr2:197482402-197483400,44,6,49
chr2:197483601-197485400,105,76,130
chr2:197555602-197557200,79,21,52
chr2:200130001-200131401,7,0,11
chr2:200483201-200484201,48,88,387
chr2:200485000-200485600,80,53,38
chr2:200486201-200487200,105,80,205
chr2:200847001-200848000,26,0,21
chr2:201099401-201099800,50,0,32
chr2:201113860-201113998,195,42,178
chr2:201179801-201180600,0,110,49
chr2:201363801-201364349,24,13,24
chr2:202050602-202052999,21,58,0
chr2:202312107-202312165,1,0,14
chr2:202313601-202314600,65,22,0
chr2:202316202-202318599,0,58,224
chr2:202327602-202328599,26,59,37
chr2:202338801-202339801,41,16,0
chr2:202360601-202362400,150,480,67
chr2:202373001-202373200,34,13,24
chr2:202623602-202625999,12,0,7
chr2:202626201-202630200,0,164,45
chr2:202872801-202873000,36,5,0
chr2:203309601-203310199,97,186,26
chr2:203741043-203741328,37,6,103
chr2:203746002-203749399,24,46,100
chr2:203750401-203751000,55,0,24
chr2:203758602-203761800,68,24,26
chr2:203857401-203859776,25,21,50
chr2:203860801-203861605,27,0,25
chr2:203866601-203866800,29,0,10
chr2:203986802-203995399,30,13,70
chr2:204320802-204326199,0,24,53
chr2:206937401-206937800,47,72,22
chr2:206970001-206970200,18,23,51
chr2:206970601-206972600,21,91,0
chr2:207066201-207068399,0,10,50
chr2:207675802-207678799,0,13,19
chr2:207690601-207693400,14,4,0
chr2:207784602-207788000,78,202,0
chr2:207796402-207797600,0,16,25
chr2:207800801-207802599,0,2,23
chr2:215351511-215351759,10,45,24
chr2:215355783-215356166,0,19,12
chr2:216214801-216215000,38,20,124
chr2:216582802-216585000,517,90,50
chr2:217228601-217229001,54,162,69
chr2:217231001-217232000,135,210,198
chr2:217247401-217250999,51,21,5
chr2:217256060-217256885,26,109,86
chr2:217258401-217258600,0,42,53
chr2:217779401-217779600,83,14,73
chr2:217785353-217786000,71,29,31
chr2:218140001-218143600,19,5,212
chr2:218145001-218158199,306,60,931
chr2:218211401-218211800,0,11,41
chr2:218605201-218606199,0,19,24
chr2:218762001-218763000,251,103,62
chr2:218763602-218765000,34,12,0
chr2:218775601-218777200,54,46,49
chr2:218820391-218820751,0,23,31
chr2:219362001-219363600,279,446,333
chr2:219743601-219745200,28,12,0
chr2:222710899-222711053,0,34,41
chr2:222714001-222715400,471,1766,379
chr2:222722401-222722801,0,21,46
chr2:222732801-222735400,0,91,25
chr2:222736001-222736800,0,10,21
chr2:222745802-222748399,0,23,25
chr2:222750601-222751800,0,5,49
chr2:223945910-223946210,266,0,249
chr2:223947402-223953399,2984,91,6184
chr2:223953602-223955200,1160,0,1963
chr2:223969001-223971000,96,42,177
chr2:226723202-226727400,97,64,20
chr2:227444001-227445600,48,24,36
chr2:227447001-227458000,490,184,487
chr2:227568601-227569000,435,216,98
chr2:227570801-227571000,105,253,132
chr2:227592601-227593335,0,21,43
chr2:229341602-229344858,23,19,0
chr2:229733202-229734927,27,21,70
chr2:230405401-230407200,1804,2353,1028
chr2:230843736-230844800,39,69,0
chr2:231174217-231174430,0,14,16
chr2:231190621-231191105,5,0,1
chr2:231383202-231384399,179,96,112
chr2:231386329-231387200,99,67,74
chr2:231408601-231409000,6,14,0
chr2:231517401-231517988,50,101,0
chr2:231576002-231577999,28,33,0
chr2:231604180-231605417,46,56,140
chr2:231613447-231615107,35,0,24
chr2:231627201-231630000,54,0,13
chr2:231632401-231635399,593,173,49
chr2:231642646-231643095,69,26,0
chr2:231692002-231696800,51,43,0
chr2:231720601-231722199,0,124,39
chr2:231722801-231723200,0,23,24
chr2:232489482-232491000,81,0,12
chr2:234475001-234475800,2,0,21
chr2:234477402-234479800,111,18,157
chr2:234490716-234491129,22,3,0
chr2:234491189-234491760,13,11,25
chr2:236307002-236308399,236,70,61
chr2:236641801-236644000,109,0,72
chr2:236684201-236685600,0,38,27
chr2:236767401-236771600,82,38,0
chr2:237141401-237142001,0,22,25
chr2:237143401-237143600,0,43,12
chr2:237143738-237144047,0,112,26
chr2:237144758-237144940,0,26,27
chr2:237159001-237162200,22,92,26
chr2:237165600-237165800,0,8,27
chr2:237171458-237171759,0,9,24
chr2:237177202-237179200,160,79,170
chr2:237181601-237182882,221,60,12
chr2:237183401-237183600,61,0,12
chr2:237183802-237185999,697,123,180
chr2:237190601-237192400,54,46,50
chr2:237194402-237200600,44,18,122
chr2:237204402-237206399,3,24,29
chr2:237206801-237214711,522,253,233
chr2:237220801-237224400,109,285,65
chr2:237227002-237228800,25,85,91
chr2:237233801-237236599,269,170,22
chr2:237244401-237246000,156,46,76
chr2:237254452-237254829,12,23,0
chr2:237269201-237271000,645,246,141
chr2:237276802-237284399,176,150,74
chr2:237291482-237291693,16,0,25
chr2:237293814-237295400,28,36,10
chr2:237295801-237301599,227,8,95
chr2:237313401-237318800,0,49,53
chr2:237917252-237917800,118,14,21
chr2:237918801-237920200,419,23,140
chr2:237923775-237924025,59,0,7
chr2:237925801-237926201,188,11,0
chr2:238458049-238459999,34,80,0
chr2:238462601-238463273,13,16,12
chr2:238846806-238847266,545,188,1
chr2:238928802-238930799,0,3,26
chr2:238955201-238957400,0,40,25
chr2:239828202-239834000,227,388,295
chr2:240426402-240428073,53,112,310
chr2:240469401-240469800,42,40,42
chr2:240470801-240471600,0,108,172
chr2:240473287-240474400,75,23,224
chr2:241859771-241860423,349,135,1476
chr2:241863497-241863832,315,169,1763
chr2:241865890-241867103,80,20,418
chr2:241868121-241868337,27,0,142
chr2:241868714-241869096,67,11,194
chr1:1125525-1125715,13,0,12
chr1:1128223-1128731,13,0,78
chr1:1148401-1148800,0,20,1
chr1:1149002-1150800,25,2,11
chr1:1160801-1161000,2,0,128
chr1:1171813-1172080,0,23,15
chr1:1208148-1208818,27,46,90
chr1:1208996-1209169,0,31,13
chr1:1407974-1408388,313,106,248
chr1:1415601-1416200,26,1,0
chr1:1580401-1581200,27,7,0
chr1:1591401-1591999,8,22,0
chr1:1611328-1611593,13,23,34
chr1:1696602-1697999,99,57,45
chr1:1782581-1783506,26,0,38
chr1:1901401-1902600,0,9,21
chr1:1908439-1908739,54,11,0
chr1:2418201-2418400,0,11,12
chr1:2506202-2507199,145,71,199
chr1:2572401-2572800,4,23,9
chr1:2573596-2573922,13,14,12
chr1:2576627-2577055,6,9,16
chr1:2578263-2578759,36,58,51
chr1:5764001-5766799,0,68,73
chr1:7988001-7988200,32,18,81
chr1:7988401-7989200,27,45,346
chr1:8124801-8125200,24,49,0
chr1:8126402-8128400,39,112,0
chr1:8241401-8242026,22,21,0
chr1:8294601-8294800,22,8,37
chr1:8854600-8855001,46,0,179
chr1:9275624-9275871,247,32,27
chr1:9380401-9380800,0,74,122
chr1:9382802-9386799,92,0,787
chr1:9388202-9389208,23,65,355
chr1:9446801-9447600,0,37,13
chr1:9455401-9456399,23,12,0
chr1:9615402-9616200,19,40,49
chr1:9993825-9994132,0,71,54
chr1:10021602-10025199,51,43,118
chr1:10026002-10028599,148,138,234
chr1:11298802-11299800,331,269,206
chr1:11593801-11594800,19,12,0
chr1:11873602-11875600,64,9,49
chr1:12153071-12153826,0,16,12
chr1:12215801-12216200,13,0,44
chr1:12217601-12219600,0,91,157
chr1:12228401-12228600,3,0,6
chr1:12518602-12520199,128,226,94
chr1:12524801-12527199,218,164,141
chr1:12529410-12529721,8,61,202
chr1:12537801-12538000,12,121,92
chr1:12538401-12539000,110,240,300
chr1:12539911-12540157,0,2,17
chr1:12544401-12545400,28,44,22
chr1:12555002-12558000,80,86,68
chr1:12626801-12627600,11,356,0
chr1:13619002-13620600,208,43,76
chr1:13642202-13644000,766,104,62
chr1:13652201-13652800,394,22,37
chr1:13661602-13666773,1116,220,84
chr1:13674002-13675843,95,0,163
chr1:15673601-15677800,172,19,199
chr1:15814601-15816399,64,0,20
chr1:15816601-15816801,0,14,37
chr1:15831914-15832265,0,35,20
chr1:16172953-16173400,0,4,12
chr1:16173626-16173814,24,0,12
chr1:16180202-16185399,296,285,341
chr1:16505912-16507200,64,68,0
chr1:19295997-19296251,111,71,41
chr1:20355802-20359999,29,89,27
chr1:20575001-20577200,7,46,0
chr1:20738201-20738400,0,11,30
chr1:21181601-21185600,0,48,26
chr1:21189202-21191600,0,18,19
chr1:21579202-21580600,0,23,25
chr1:21787602-21788800,12,1,0
chr1:22111201-22112600,22,0,101
chr1:22112801-22116000,45,112,267
chr1:22538001-22538800,0,15,49
chr1:23356401-23357999,1497,3774,1428
chr1:23374945-23375281,24,18,0
chr1:23918602-23921707,22,18,0
chr1:24474602-24476599,1051,471,1315
chr1:24678342-24679020,49,11,297
chr1:24857801-24858800,0,6,14
chr1:24865601-24865800,14,23,0
chr1:25535802-25539200,60,5,0
chr1:25577201-25577600,49,28,24
chr1:25609601-25611199,128,75,52
chr1:25796959-25797333,48,11,0
chr1:26500741-26501457,0,12,17
chr1:26576801-26586400,17,14,173
chr1:26606002-26609400,0,20,11
chr1:26619770-26621864,52,175,99
chr1:26858248-26858481,9,0,12
chr1:26858966-26859229,13,0,19
chr1:27021202-27022261,39,0,257
chr1:27035201-27037000,9,19,0
chr1:27050000-27050400,15,0,18
chr1:27062801-27063000,88,11,0
chr1:27512756-27515200,52,11,0
chr1:27636889-27637463,26,22,129
chr1:27890431-27890688,0,11,88
chr1:28144487-28144743,2,21,50
chr1:28195802-28198400,9,0,51
chr1:28313001-28317799,8,7,0
chr1:28345801-28347164,0,20,73
chr1:28367995-28368567,22,0,11
chr1:28651601-28654333,14,0,40
chr1:28720201-28720400,0,22,14
chr1:28778801-28781800,0,45,24
chr1:29124553-29124964,10,62,10
chr1:29186001-29187399,54,134,0
chr1:29358601-29361599,26,0,123
chr1:31159602-31160799,10,23,0
chr1:31243505-31244400,1,2,0
chr1:31590602-31592599,21,91,85
chr1:31593402-31595199,0,21,253
chr1:31595402-31598399,80,0,315
chr1:31613202-31615999,79,0,358
chr1:31780401-31786199,0,17,28
chr1:32337957-32338026,0,10,5
chr1:32735801-32738200,17,10,74
chr1:32875602-32878999,90,134,206
chr1:32881402-32883067,136,5,57
chr1:32981215-32981881,54,37,11
chr1:32984511-32984882,19,0,25
chr1:33128362-33128739,10,44,0
chr1:33130002-33131399,54,23,11
chr1:33138000-33138400,9,23,34
chr1:33501001-33501600,260,566,168
chr1:34712001-34712200,1,65,21
chr1:34968601-34969200,0,22,2
chr1:34970802-34971399,40,41,0
chr1:34972001-34972600,415,384,60
chr1:35425601-35426820,26,0,120
chr1:35427801-35428000,38,10,0
chr1:35428801-35430000,74,0,342
chr1:35431001-35431999,19,0,42
chr1:35567801-35568600,64,10,24
chr1:35596801-35597200,0,11,30
chr1:36200001-36205599,29,25,137
chr1:36207002-36210600,250,65,70
chr1:36212601-36213800,27,56,0
chr1:36401036-36401298,0,3,2
chr1:36408400-36409001,0,22,6
chr1:36411401-36412999,79,117,149
chr1:37994907-37995066,61,33,40
chr1:38826402-38837599,59,68,422
chr1:39043160-39045400,715,1010,544
chr1:39046601-39049199,2067,1964,925
chr1:39051001-39051400,108,39,73
chr1:39052200-39052600,191,113,22
chr1:39063401-39065600,561,422,231
chr1:39653487-39653849,0,34,12
chr1:39990201-39993599,12,20,0
chr1:40012601-40015999,54,0,22
chr1:41426601-41430200,77,43,124
chr1:41434802-41437199,0,21,51
chr1:42170402-42175399,187,243,180
chr1:42339402-42341399,28,0,137
chr1:43137001-43138180,50,0,98
chr1:43143202-43144649,49,0,21
chr1:43327401-43327992,491,313,1075
chr1:43329001-43331600,51,67,200
chr1:43373688-43373852,37,0,22
chr1:43640001-43640400,13,9,18
chr1:43942201-43943199,350,234,67
chr1:44793002-44795064,103,0,121
chr1:44818117-44818454,1140,845,4131
chr1:44848002-44849799,41,19,41
chr1:44999201-45001800,106,63,51
chr1:45321201-45322999,134,54,124
chr1:45527401-45529280,0,31,18
chr1:45573002-45577399,23,20,158
chr1:46223202-46224599,1383,1150,277
chr1:46238401-46239800,0,12,4
chr1:46333201-46334199,26,0,16
chr1:46386602-46388799,54,70,43
chr1:46421801-46423200,74,23,204
chr1:46423401-46423800,0,79,37
chr1:46621402-46624599,91,34,31
chr1:46820201-46820400,32,17,52
chr1:46822401-46823200,0,57,135
chr1:46925001-46925800,54,36,232
chr1:46946802-46948199,27,23,178
chr1:46949401-46949600,0,11,14
chr1:46983002-46985199,0,10,21
chr1:46991400-46991801,0,16,21
chr1:47017801-47018800,0,64,82
chr1:47201174-47201616,13,0,24
chr1:47208201-47215199,249,74,850
chr1:47240602-47242212,23,7,0
chr1:47322601-47324600,46,45,0
chr1:47324778-47326200,20,0,25
chr1:47999401-47999600,19,4,0
chr1:48000801-48002800,82,91,0
chr1:48003401-48007811,55,20,21
chr1:48038201-48044799,0,50,21
chr1:48208375-48209383,98,58,0
chr1:48210801-48211000,22,0,39
chr1:48211601-48211800,11,55,0
chr1:48293201-48294200,14,39,64
chr1:50976450-50976736,49,61,43
chr1:50999001-50999600,13,0,100
chr1:51009708-51009879,27,34,0
chr1:51061002-51063999,53,4,0
chr1:51190801-51191400,0,2,14
chr1:51274601-51275000,462,487,267
chr1:51283802-51285399,122,24,73
chr1:52098001-52098599,23,31,0
chr1:52119001-52120400,27,23,0
chr1:52613402-52614649,26,127,49
chr1:52614801-52616200,27,164,0
chr1:52673002-52673400,27,45,1
chr1:52674202-52675399,0,67,25
chr1:52676201-52678200,0,131,154
chr1:52700002-52701999,28,130,49
chr1:53060401-53061200,28,37,63
chr1:53187602-53188599,14,76,13
chr1:53913002-53914399,59,42,0
chr1:54117801-54119599,22,93,0
chr1:54123802-54126199,55,18,0
chr1:54488096-54488652,0,20,21
chr1:54889801-54890200,16,23,0
chr1:54961601-54963800,70,0,21
chr1:55215913-55216183,70,19,236
chr1:55216405-55216635,74,47,78
chr1:56072401-56074999,55,0,76
chr1:56079601-56080999,19,23,0
chr1:56132601-56136199,0,10,23
chr1:58616802-58622200,28,789,35
chr1:58772602-58774800,7,63,0
chr1:61540000-61540401,27,46,0
chr1:61544801-61545800,26,141,49
chr1:61547600-61547800,0,29,39
chr1:61603202-61607800,0,49,22
chr1:61673802-61675000,53,93,25
chr1:62227801-62231799,278,402,0
chr1:62232601-62233600,262,225,0
chr1:62712601-62713000,20,81,24
chr1:62720602-62726799,22,18,0
chr1:62881852-62883199,0,39,24
chr1:63661002-63664599,64,43,70
chr1:63674002-63676199,86,0,75
chr1:63723202-63725000,48,0,23
chr1:63728800-63729400,26,22,0
chr1:63731626-63731955,0,30,13
chr1:64199200-64199600,0,21,36
chr1:65068494-65069241,47,55,0
chr1:65243201-65244600,27,23,0
chr1:66412001-66422000,0,15,49
chr1:67402112-67402471,114,41,44
chr1:67405201-67406200,14,220,177
chr1:68366001-68367000,0,12,67
chr1:70440602-70444399,2181,590,7089
chr1:74693154-74694200,0,19,75
chr1:78146200-78146401,0,34,10
chr1:78872601-78873200,54,11,46
chr1:78884602-78885600,279,277,2465
chr1:83207802-83209399,28,19,26
chr1:84285001-84285600,21,355,106
chr1:84615401-84616599,0,51,15
chr1:85587602-85588399,15,17,0
chr1:85596402-85598200,0,10,2
chr1:85622602-85623800,23,29,0
chr1:85627602-85630599,288,191,14
chr1:86338801-86340999,0,124,50
chr1:86344801-86346000,203,299,163
chr1:86749002-86750599,25,0,21
chr1:86858001-86859200,77,261,98
chr1:86860201-86860400,13,22,10
chr1:87206202-87210399,29,0,27
chr1:87287013-87287675,13,17,0
chr1:87290913-87291203,25,42,0
chr1:87351601-87352600,14,0,49
chr1:87391802-87393999,78,23,75
chr1:87398617-87399999,332,179,24
chr1:87401002-87404600,391,307,135
chr1:87404801-87405000,21,44,0
chr1:87426402-87429599,28,92,0
chr1:87448802-87451399,102,43,76
chr1:89001251-89003600,79,10,142
chr1:89048601-89048800,9,0,27
chr1:89049163-89051000,45,19,347
chr1:89966401-89967200,1,0,2
chr1:89989601-89992799,28,199,115
chr1:90890601-90891000,2,0,37
chr1:91529801-91530600,14,0,24
chr1:91540101-91543200,49,66,25
chr1:91545802-91562200,321,449,161
chr1:91646802-91647800,26,22,0
chr1:91672601-91673801,25,23,21
chr1:92962360-92962851,40,23,0
chr1:92989002-92993200,29,70,48
chr1:93373601-93374000,2,79,24
chr1:93410601-93412599,46,39,49
chr1:93555757-93556069,27,6,34
chr1:93558801-93559800,57,0,72
chr1:93850402-93851179,69,91,89
chr1:94130894-94132400,0,23,24
chr1:94528259-94528589,148,12,855
chr1:94543137-94543265,13,0,22
chr1:94549001-94549600,5,0,31
chr1:94966401-94968400,67,12,147
chr1:94970602-94972600,124,109,26
chr1:95094402-95099400,0,7,24
chr1:95810201-95810400,0,11,24
chr1:95811001-95811400,0,15,114
chr1:96518802-96524399,79,68,101
chr1:98763601-98767200,25,43,0
chr1:99441002-99442799,0,21,23
chr1:99445001-99446800,25,0,23
chr1:99456402-99458757,0,100,50
chr1:99613801-99614000,31,0,12
chr1:99614401-99615001,13,0,96
chr1:99637801-99640200,25,0,98
chr1:100529002-100537000,0,195,52
chr1:101134002-101135200,12,0,23
chr1:101148601-101151400,739,1531,179
chr1:101154601-101155200,54,22,0
chr1:101161401-101161600,9,53,0
chr1:101161802-101163000,218,317,143
chr1:101163202-101166799,7328,25536,1742
chr1:101174001-101174400,594,413,198
chr1:101174578-101176999,1183,2583,819
chr1:101177601-101180799,1780,2998,824
chr1:101181601-101183800,27,46,25
chr1:101186401-101188800,0,69,39
chr1:101200001-101201200,34,0,25
chr1:101216401-101217800,27,42,0
chr1:101220801-101222799,253,258,124
chr1:101249402-101252400,48,0,123
chr1:101297802-101303999,22,0,20
chr1:108087401-108088399,30,0,21
chr1:108096202-108097799,34,41,13
chr1:108117401-108120200,24,0,18
chr1:108125002-108126200,145,69,330
chr1:108126401-108127800,109,21,216
chr1:108130202-108132800,250,23,729
chr1:108557418-108557615,13,0,8
chr1:109083002-109085599,0,43,25
chr1:109639002-109644599,29,8,45
chr1:109932602-109936000,42,0,206
chr1:109975202-109982199,299,138,689
chr1:110663401-110663600,27,0,6
chr1:110679801-110681000,0,36,23
chr1:110684401-110685200,4,0,24
chr1:110686001-110691800,103,159,47
chr1:110927201-110927860,41,75,30
chr1:110928201-110928799,7,11,24
chr1:111368801-111370800,42,24,0
chr1:111470709-111471409,222,262,70
chr1:111769401-111770000,86,42,161
chr1:112005201-112008000,24,51,22
chr1:112076111-112076376,4,0,12
chr1:112092601-112094799,662,1122,1075
chr1:112144401-112144600,14,93,44
chr1:112144802-112145200,84,162,166
chr1:112880402-112884000,0,5,41
chr1:112903201-112907200,363,24,768
chr1:112909401-112910201,54,0,44
chr1:113692001-113693000,1396,1584,453
chr1:113693793-113694138,77,41,38
chr1:114538770-114541310,45,197,62
chr1:114558565-114562200,45,0,119
chr1:114703201-114703401,0,16,6
chr1:115219401-115221800,0,21,130
chr1:115372801-115374200,0,34,25
chr1:115425402-115432999,0,34,49
chr1:116481801-116482200,38,10,0
chr1:116488209-116488412,64,117,9
chr1:116489411-116489674,110,97,35
chr1:116503621-116503927,27,37,0
chr1:117820402-117823399,21,0,24
chr1:117824602-117828697,0,12,33
chr1:117838202-117839399,1083,845,804
chr1:117843000-117843200,42,68,71
chr1:118738802-118740199,34,121,0
chr1:119006601-119007400,27,0,21
chr1:119552002-119555200,0,43,162
chr1:119556001-119556800,85,208,181
chr1:119561401-119561600,121,490,119
chr1:119572801-119574600,25,186,141
chr1:119580401-119581200,0,69,127
chr1:119582666-119583236,0,51,61
chr1:119583801-119587999,0,128,137
chr1:119590001-119591800,54,98,23
chr1:119593601-119595211,54,58,145
chr1:119611401-119612200,85,198,156
chr1:119613601-119614600,30,18,111
chr1:119614801-119615000,0,11,10
chr1:119615201-119615400,0,4,24
chr1:119909385-119909692,282,408,501
chr1:120344201-120344599,24,79,0
chr1:120349401-120349600,0,11,12
chr1:120351000-120351200,0,14,23
chr1:120468601-120468800,61,46,69
chr1:120476801-120477999,230,226,307
chr1:120853401-120858999,109,17,0
chr1:143775401-143778600,28,102,26
chr1:143950401-143953999,12,21,0
chr1:145499602-145500999,0,21,20
chr1:145571001-145571600,9,42,0
chr1:145714202-145718599,0,33,21
chr1:145997250-145997473,1,0,12
chr1:145999420-145999958,21,0,50
chr1:146009602-146012000,55,98,19
chr1:146012201-146013999,22,0,17
chr1:146302801-146303200,47,92,45
chr1:146465401-146465800,0,23,17
chr1:146931001-146931400,11,18,0
chr1:147152801-147153000,19,47,2
chr1:147924801-147925000,0,21,4
chr1:148101001-148101200,24,10,7
chr1:149363002-149365599,23,201,38
chr1:149377402-149384799,0,67,48
chr1:149598801-149601800,0,22,29
chr1:149826002-149828399,0,54,19
chr1:150015402-150018200,94,238,110
chr1:150020801-150022999,23,46,10
chr1:150168601-150172401,27,11,24
chr1:150182288-150182618,15,56,75
chr1:150186849-150187212,27,0,42
chr1:150538093-150538237,0,1,120
chr1:150543401-150544400,0,42,308
chr1:150586202-150586600,71,12,88
chr1:150591801-150593200,594,373,687
chr1:150595001-150597400,594,365,831
chr1:150632401-150633000,332,627,123
chr1:150633801-150634600,218,1142,157
chr1:150634801-150636200,524,1883,218
chr1:150640802-150642200,87,260,27
chr1:150782601-150783400,51,41,24
chr1:150784601-150785800,12,10,0
chr1:151195821-151196188,0,20,68
chr1:151336201-151337000,112,97,23
chr1:151855402-151861399,545,603,472
chr1:151866401-151869000,106,23,110
chr1:151979601-151981999,81,25,3615
chr1:153462801-153463200,27,0,12
chr1:153465402-153468000,51,7,0
chr1:153509668-153523600,2062,212,1486
chr1:153525288-153528200,244,0,138
chr1:153532270-153532477,61,0,94
chr1:153551179-153551421,26,210,50
chr1:153551789-153552188,35,268,52
chr1:153555801-153558399,106,59,0
chr1:153576801-153579399,27,23,34
chr1:153584002-153585600,134,121,97
chr1:153651602-153654799,79,117,73
chr1:154391016-154393199,11,63,35
chr1:154642002-154646799,8,14,0
chr1:154883802-154886892,22,47,0
chr1:154896200-154896400,0,10,38
chr1:154896601-154897400,0,57,28
chr1:154912001-154912400,17,11,0
chr1:155000152-155000483,13,0,6
chr1:155000527-155000725,13,0,1
chr1:155565362-155565402,23,11,13
chr1:155569401-155570999,1077,1262,359
chr1:155889201-155890800,28,34,49
chr1:156143801-156144801,0,12,440
chr1:156514001-156516600,51,0,4
chr1:156608001-156609470,0,22,24
chr1:156683601-156686924,11,10,0
chr1:156709770-156710091,7,14,244
chr1:156717401-156717800,114,121,106
chr1:156883401-156883800,77,14,88
chr1:156884201-156885399,81,23,86
chr1:159211201-159212000,14,0,206
chr1:159743801-159744600,0,17,23
chr1:159773801-159775800,53,0,95
chr1:159790201-159790708,27,16,0
chr1:159817202-159818412,23,36,37
chr1:159904001-159905200,53,0,74
chr1:159908214-159908314,23,5,53
chr1:159916436-159916517,1,4,53
chr1:160361601-160363936,0,60,49
chr1:160866801-160870400,783,10,933
chr1:160913002-160914599,0,24,2
chr1:160986402-160988799,1471,266,562
chr1:161147401-161148000,0,7,61
chr1:161241601-161242800,100,65,61
chr1:161286601-161286800,171,71,91
chr1:161296801-161300000,353,0,288
chr1:161300601-161301400,27,19,49
chr1:161382457-161383029,0,21,49
chr1:161386001-161387600,51,192,21
chr1:161389822-161390428,44,114,6
chr1:161390527-161391012,7,157,22
chr1:161392601-161393800,27,18,0
chr1:161612422-161612851,457,1185,87
chr1:161971802-161974832,162,36,198
chr1:162551802-162552669,29,0,25
chr1:162604402-162606599,392,0,1421
chr1:162612402-162614313,191,2,954
chr1:162626199-162627599,1041,87,7696
chr1:163034802-163037399,0,79,25
chr1:165913402-165914612,28,46,0
chr1:165915602-165916400,67,23,0
chr1:167525201-167526000,55,23,0
chr1:167526801-167527400,37,11,0
chr1:167617359-167618008,0,7,13
chr1:167793801-167794400,0,42,162
chr1:167797143-167797379,40,7,22
chr1:168259602-168262599,2219,2234,698
chr1:168501201-168515999,26,112,0
chr1:168574001-168575200,27,0,21
chr1:170415202-170416399,81,45,0
chr1:170426401-170427200,11,21,0
chr1:171419802-171422999,0,4,26
chr1:171595202-171598599,24,20,22
chr1:171743074-171743576,40,0,7
chr1:172530066-172530401,0,11,12
chr1:172669802-172677799,0,12,26
chr1:173111001-173114999,35,225,32
chr1:173116601-173119399,24,64,82
chr1:173161509-173163011,0,18,108
chr1:173224190-173225600,27,66,74
chr1:173279601-173279800,59,23,0
chr1:173795176-173795208,12,17,7
chr1:173797201-173797600,87,59,42
chr1:175278092-175279034,0,11,15
chr1:175935601-175937000,0,23,25
chr1:178071602-178073399,160,87,76
chr1:178075400-178075800,43,201,668
chr1:178080201-178080600,0,9,12
chr1:178086692-178087400,2,3,88
chr1:178597602-178615252,62,134,0
chr1:178618401-178620000,0,51,23
chr1:178660401-178662800,81,175,165
chr1:178663602-178667399,291,914,180
chr1:178682002-178686399,7,60,0
chr1:178702002-178702599,0,41,24
chr1:178722253-178722480,0,11,12
chr1:178927802-178935400,108,0,361
chr1:179077400-179078000,47,0,46
chr1:179820202-179821799,51,518,393
chr1:179823801-179826399,0,126,72
chr1:179837801-179838732,26,22,4
chr1:180893401-180894399,0,21,67
chr1:180898200-180900400,0,154,14
chr1:181073201-181074201,12,0,21
chr1:182593201-182596200,10,13,0
chr1:182889163-182891599,13,0,76
chr1:183147801-183150399,120,336,294
chr1:184769201-184769400,17,0,12
chr1:184773601-184774399,54,0,13
chr1:184786202-184788399,11,0,90
chr1:185336001-185342399,22,19,0
chr1:185346481-185346793,0,23,25
chr1:185352400-185353200,0,20,36
chr1:185366202-185369600,72,46,22
chr1:185369800-185370400,6,11,11
chr1:185372201-185378400,110,472,81
chr1:186574201-186577548,0,183,22
chr1:192959801-192960200,0,7,24
chr1:192966402-192969600,108,9,89
chr1:192997601-192999000,0,10,20
chr1:193257201-193257400,95,51,60
chr1:193283000-193283600,81,34,159
chr1:193283801-193284000,0,15,27
chr1:194225201-194226800,0,24,49
chr1:201457062-201457245,13,0,188
chr1:201461862-201462164,54,46,478
chr1:201471600-201472201,7,121,110
chr1:201472401-201472600,0,85,49
chr1:201474998-201478000,16,87,606
chr1:201590802-201595400,41,196,45
chr1:201597002-201600999,121,377,315
chr1:201601802-201606799,205,357,98
chr1:201608202-201611799,0,43,88
chr1:201618401-201620599,176,214,25
chr1:202834402-202838800,7,6,0
chr1:202968120-202968250,1,1,0
chr1:203327200-203327940,27,0,18
chr1:203335401-203337000,22,0,13
chr1:203374001-203375400,54,72,349
chr1:203388801-203389400,0,34,12
chr1:203389802-203391399,93,323,259
chr1:203431801-203432600,0,23,24
chr1:203472401-203472600,0,8,24
chr1:203523601-203530199,70,90,43
chr1:203750602-203751600,8,0,24
chr1:204044801-204046400,0,12,21
chr1:204559801-204561199,2,0,11
chr1:204571402-204577600,541,132,793
chr1:204581601-204582200,20,31,10
chr1:204584601-204585799,23,62,82
chr1:204591202-204592999,54,0,23
chr1:204598201-204598800,13,46,10
chr1:204690402-204695000,49,84,0
chr1:205534201-205534400,16,6,0
chr1:205548001-205548400,94,23,24
chr1:205687201-205690601,24,56,50
chr1:205691001-205696800,82,44,219
chr1:205697001-205697799,27,0,119
chr1:205760601-205761000,24,0,7
chr1:205966201-205966400,3,2,0
chr1:205970401-205971400,0,15,26
chr1:206167266-206171600,0,26,42
chr1:206737138-206737444,27,0,24
chr1:206742601-206746399,359,0,1758
chr1:206748610-206748898,146,0,418
chr1:206751602-206752400,0,69,28
chr1:206752601-206755400,0,8,243
chr1:206756202-206760200,0,24,52
chr1:206891524-206891649,20,19,9
chr1:207232112-207233599,0,11,48
chr1:207389602-207390710,328,21,74
chr1:207797002-207800200,228,151,99
chr1:207800401-207800600,18,1,0
chr1:208245286-208245514,7,119,37
chr1:209736496-209736964,52,35,24
chr1:209738201-209739000,134,396,105
chr1:209741401-209743599,43,26,270
chr1:209886601-209887000,13,1,0
chr1:211580023-211580182,10,30,24
chr1:211581607-211581831,0,18,37
chr1:211938858-211938951,14,7,0
chr1:212418401-212419200,0,12,24
chr1:212452002-212454399,25,0,35
chr1:212628002-212631599,1167,6739,3526
chr1:212633202-212634000,411,2548,1264
chr1:212635135-212635488,260,1331,401
chr1:212635650-212635926,56,563,299
chr1:212636445-212637014,200,650,331
chr1:212712201-212713200,14,60,0
chr1:212722736-212722875,0,46,5
chr1:212724165-212724550,0,23,12
chr1:213279601-213280600,42,0,49
chr1:213280802-213282399,11,19,0
chr1:213371601-213372601,0,44,37
chr1:214277201-214278200,89,228,0
chr1:214338769-214338777,1,2,0
chr1:218339602-218340599,8,27,0
chr1:219227001-219228000,329,175,0
chr1:219264001-219265482,55,140,24
chr1:219302201-219305200,572,772,98
chr1:219323002-219326199,188,87,0
chr1:219329001-219331000,338,438,62
chr1:219341000-219341201,92,12,0
chr1:219350167-219351057,0,23,23
chr1:219362601-219363800,53,16,0
chr1:219373600-219373801,0,19,21
chr1:219405800-219406401,5,113,75
chr1:219469732-219470092,63,0,17
chr1:219517801-219519399,54,46,26
chr1:219543200-219543601,33,23,0
chr1:219544201-219544600,13,23,0
chr1:220055801-220056400,5,42,0
chr1:220666201-220666600,46,6,24
chr1:220699802-220703800,128,134,249
chr1:221013801-221018000,29,25,165
chr1:221116001-221116600,0,4,24
chr1:221182201-221184800,0,23,12
chr1:221186801-221190800,0,12,39
chr1:221283401-221284401,12,10,0
chr1:221742665-221743257,41,37,25
chr1:221806401-221807600,27,21,0
chr1:223051801-223052400,24,42,0
chr1:223106602-223107600,46,503,59
chr1:223776988-223777353,1,58,64
chr1:224035801-224036600,15,9,0
chr1:224039201-224041000,25,0,23
chr1:224195002-224197600,102,285,98
chr1:224201202-224202000,450,370,65
chr1:224758402-224761599,28,0,26
chr1:225975801-225976445,0,17,78
chr1:225977001-225978999,0,12,298
chr1:225980201-225981000,49,0,10
chr1:225999996-226000467,26,70,120
chr1:226104202-226105200,0,140,24
chr1:226111112-226111456,25,17,0
chr1:226131802-226136200,47,20,0
chr1:226354801-226355000,0,11,41
chr1:226355601-226357200,148,24,304
chr1:226624413-226625294,574,294,65
chr1:226813002-226822799,0,44,16
chr1:226862602-226865199,27,35,0
chr1:227869246-227872199,0,53,24
chr1:227901401-227904800,24,0,256
chr1:227912601-227917599,53,0,147
chr1:227950001-227950200,42,12,12
chr1:227953174-227954400,8,0,90
chr1:227972800-227973600,325,482,130
chr1:228163108-228163409,68,78,194
chr1:228185202-228187000,109,216,168
chr1:228189201-228189400,46,12,15
chr1:228191587-228192400,74,243,86
chr1:228192801-228193000,20,83,23
chr1:228194001-228195000,82,233,174
chr1:228197001-228198600,416,499,717
chr1:228423601-228424000,6,34,0
chr1:228428001-228429400,49,172,0
chr1:228433001-228433800,41,93,0
chr1:228445521-228446206,26,51,0
chr1:228451802-228453600,54,63,0
chr1:228454201-228454600,13,34,7
chr1:228497401-228497600,135,129,211
chr1:228498201-228498400,147,65,24
chr1:228500907-228501201,0,1,6
chr1:228503001-228504800,80,52,50
chr1:228684201-228685600,19,23,0
chr1:228747600-228748800,47,0,25
chr1:228751601-228755000,460,98,307
chr1:228777801-228779800,78,21,0
chr1:228781002-228783800,24,0,4
chr1:228785520-228787800,44,0,18
chr1:228799601-228800800,27,0,25
chr1:228825801-228829000,51,0,52
chr1:228833402-228835000,28,24,0
chr1:228848401-228854199,31,17,0
chr1:228870201-228870600,9,20,0
chr1:228871202-228872400,25,0,25
chr1:228890001-228891200,248,38,98
chr1:228930801-228931000,22,84,34
chr1:228951601-228952200,181,22,0
chr1:229661106-229661800,57,171,20
chr1:229663202-229665199,135,0,291
chr1:229666401-229666600,23,22,49
chr1:230806601-230808800,0,20,7
chr1:230831201-230833200,0,21,26
chr1:230835601-230835800,0,2,4
chr1:231013352-231014000,210,307,336
chr1:231330801-231331000,389,90,117
chr1:231357401-231360000,783,681,759
chr1:232044202-232046999,0,68,22
chr1:232059602-232060200,54,11,37
chr1:232063001-232063200,60,0,22
chr1:232374401-232374600,7,2,0
chr1:232376602-232380399,0,11,24
chr1:232393001-232394000,21,0,88
chr1:232922002-232926399,54,60,0
chr1:233675560-233675703,79,0,12
chr1:233683401-233684400,24,45,0
chr1:233706601-233708999,12,14,0
chr1:234368402-234370799,42,113,23
chr1:234532439-234532884,19,0,8
chr1:234533975-234534183,23,23,18
chr1:234581201-234587600,102,117,73
chr1:234594201-234595000,27,0,52
chr1:234599536-234600470,18,52,52
chr1:234600590-234600869,0,22,111
chr1:234601601-234601907,0,13,132
chr1:234602474-234603096,105,0,596
chr1:234610342-234611931,368,169,900
chr1:234612391-234613185,0,69,20
chr1:234723096-234723540,13,22,0
chr1:234954233-234954523,7,0,43
chr1:234954799-234955147,39,0,36
chr1:234955323-234955585,27,0,25
chr1:234955680-234956066,13,14,70
chr1:234973225-234973608,0,17,26
chr1:234975087-234975656,13,0,25
chr1:235052369-235052673,214,161,710
chr1:235062457-235062809,634,63,1689
chr1:235657201-235657400,13,0,16
chr1:235658201-235658400,17,0,13
chr1:235905601-235906401,41,17,0
chr1:235917266-235917947,0,59,21
chr1:235940450-235940838,9,0,24
chr1:236065840-236066076,57,44,276
chr1:236066887-236067439,115,0,83
chr1:236067903-236068184,27,31,0
chr1:241820601-241822399,9,46,0
chr1:241925601-241927200,14,19,0
chr1:241964201-241965399,0,10,11
chr1:242000601-242000800,51,21,45
chr1:244226571-244226735,13,28,0
chr1:244250801-244257000,11,56,0
chr1:244778201-244779199,7,36,0
chr1:244820201-244821600,0,34,165
chr1:244824801-244825800,39,0,285
chr1:244831201-244831800,80,57,1695
chr1:244892600-244893400,21,12,0
chr1:245129201-245131400,133,891,227
chr1:245715133-245716600,0,20,19
chr1:246674201-246674600,13,12,12
chr1:246702802-246710800,0,12,13
chr1:247173107-247173432,24,38,62
chr1:247281001-247282000,142,86,13
chr1:247332773-247333636,1716,1981,778
chr1:247350202-247351400,0,31,41
chr1:247357822-247358009,9,16,0
chr1:247358944-247359443,12,68,22
chr1:247360162-247360458,5,101,0
chr1:247360881-247361287,23,22,0
chr1:247366202-247370200,335,658,124
chr1:247370401-247371601,0,23,25
chr1:247376726-247377085,26,47,11
chr1:248805127-248805255,7,35,34
chr1:248924002-248930200,464,576,346
chr9:749779-749963,4,0,15
chr9:1707401-1708000,39,15,0
chr9:2208201-2210634,26,63,79
chr9:2231835-2232600,0,115,50
chr9:2241944-2242239,0,11,12
chr9:2242376-2242778,45,17,12
chr9:2663201-2665000,25,35,0
chr9:2677401-2678800,234,226,50
chr9:2679001-2679200,7,11,0
chr9:2686801-2687400,0,22,12
chr9:2699401-2702400,181,256,39
chr9:3696001-3698787,44,369,219
chr9:3719871-3720240,0,23,23
chr9:3730400-3730801,41,0,12
chr9:3735208-3737400,27,70,93
chr9:3750802-3752199,0,23,32
chr9:3822201-3822400,14,11,35
chr9:4424002-4426799,14,191,50
chr9:4430001-4431600,25,180,21
chr9:4886601-4888199,213,141,123
chr9:4888401-4888600,41,33,12
chr9:4892272-4892588,192,370,121
chr9:4923602-4924999,124,74,36
chr9:4926802-4927999,190,65,25
chr9:4929601-4930400,271,95,21
chr9:4965201-4965800,37,46,19
chr9:4970602-4972000,79,23,25
chr9:5440801-5441600,68,35,34
chr9:5442202-5444800,78,0,98
chr9:5449112-5449361,11,23,0
chr9:5857602-5859600,60,106,223
chr9:5860001-5860400,10,42,122
chr9:5870800-5871200,47,11,19
chr9:5872601-5872800,0,57,81
chr9:5874401-5875000,136,64,50
chr9:5875401-5876000,23,61,48
chr9:5879593-5879782,23,56,94
chr9:6268601-6269201,24,69,0
chr9:7176801-7177000,50,10,0
chr9:7209401-7212800,78,20,89
chr9:12828601-12829000,38,95,21
chr9:12875001-12875600,19,31,0
chr9:12877801-12879600,60,148,23
chr9:12931601-12932400,0,18,49
chr9:12933401-12935600,78,23,25
chr9:12955584-12956785,0,23,43
chr9:13974801-13976600,121,0,70
chr9:14547123-14548399,82,23,0
chr9:16091201-16091800,0,22,13
chr9:16099401-16104999,49,25,0
chr9:19184258-19184896,0,82,30
chr9:19192002-19193399,17,34,0
chr9:19193801-19194599,27,0,34
chr9:19208402-19209483,65,1,0
chr9:20339602-20340999,0,19,22
chr9:21294001-21296800,94,0,22
chr9:21311401-21311800,0,1,8
chr9:21316201-21317200,0,35,24
chr9:21317802-21319000,77,179,72
chr9:21320201-21320400,90,129,116
chr9:21325001-21325200,102,61,94
chr9:26715202-26716234,27,37,0
chr9:27064601-27066000,94,249,117
chr9:27067401-27068400,17,0,123
chr9:27073801-27074800,99,36,75
chr9:27078401-27079200,54,0,23
chr9:27081200-27081401,0,48,3
chr9:27086602-27087999,0,23,2
chr9:27308401-27311200,0,21,45
chr9:32873801-32875999,0,3,25
chr9:33092601-33093000,62,46,223
chr9:33380202-33382600,25,0,133
chr9:33452202-33460199,71,97,262
chr9:33703601-33704400,81,112,101
chr9:34148601-34153600,8,0,24
chr9:34591706-34591893,13,0,2
chr9:34905001-34905800,19,23,0
chr9:34906201-34907200,58,94,0
chr9:34934002-34934600,26,42,0
chr9:34939401-34939600,13,1,0
chr9:34939801-34940800,26,21,0
chr9:35030000-35030400,94,20,72
chr9:35084801-35085200,326,252,166
chr9:35155801-35157599,0,205,132
chr9:35157680-35160399,0,157,178
chr9:35565801-35566000,0,53,15
chr9:35566127-35566880,28,44,24
chr9:35569001-35571400,38,87,0
chr9:35694401-35695401,426,306,1368
chr9:35769983-35770352,50,35,17
chr9:35905138-35905530,53,0,43
chr9:35908610-35908980,0,6,171
chr9:35948202-35950400,27,623,198
chr9:35951402-35955409,50,488,421
chr9:36023334-36024000,0,14,15
chr9:36187202-36188399,23,0,49
chr9:36306201-36307200,251,135,98
chr9:37362400-37363800,14,10,4
chr9:37364001-37367000,42,297,162
chr9:37368801-37369400,39,25,0
chr9:37378166-37378583,26,52,16
chr9:37402002-37404799,144,89,22
chr9:37406802-37407400,104,122,12
chr9:37408943-37409707,70,33,0
chr9:38073602-38075600,780,140,735
chr9:38078201-38085399,256,43,425
chr9:38085601-38086000,0,23,65
chr9:38087903-38088799,12,0,162
chr9:38089601-38090400,0,23,98
chr9:38091001-38092199,27,0,425
chr9:40115201-40116000,81,23,0
chr9:40374201-40376799,46,87,0
chr9:40396001-40396800,88,57,248
chr9:40577601-40577800,1868,1347,2028
chr9:40578201-40579400,2112,5731,2242
chr9:40637601-40640799,79,185,288
chr9:40643297-40643912,4,20,157
chr9:41641273-41641600,50,0,12
chr9:41768601-41775399,24,0,11
chr9:64430601-64430800,0,141,22
chr9:64468802-64469800,5,41,29
chr9:64540001-64540400,0,22,99
chr9:64554401-64556400,28,0,111
chr9:64603801-64605400,3452,5827,9766
chr9:64739401-64740200,0,68,61
chr9:64759601-64760400,27,7,52
chr9:64761801-64763600,93,46,73
chr9:65910801-65911000,299,150,251
chr9:65911401-65912800,2002,4230,2006
chr9:65941801-65942600,118,35,408
chr9:65999601-66002200,171,0,175
chr9:66276401-66279800,230,424,89
chr9:66300401-66300800,18,31,0
chr9:66314400-66314601,24,11,12
chr9:66359601-66360200,0,2,36
chr9:66369601-66370000,20,8,12
chr9:66700601-66703599,26,22,0
chr9:69283001-69284000,82,86,0
chr9:69393201-69393600,13,0,52
chr9:69395801-69396200,13,0,22
chr9:69396401-69398400,0,24,98
chr9:70356801-70357600,38,21,7
chr9:70374602-70375999,69,0,41
chr9:70418471-70421162,100,135,92
chr9:70421549-70422273,49,0,23
chr9:70434602-70440199,49,8,0
chr9:70462201-70462601,7,14,28
chr9:70465202-70473999,109,214,144
chr9:70474201-70476399,0,20,50
chr9:70483201-70487199,28,42,0
chr9:70502401-70506599,29,89,27
chr9:70518001-70518800,34,227,90
chr9:70524401-70527199,54,68,174
chr9:71660201-71660600,20,0,126
chr9:71661402-71664843,110,21,638
chr9:71669801-71670800,49,0,247
chr9:71671801-71672000,13,9,12
chr9:71677859-71678047,44,44,68
chr9:71678323-71678500,51,10,79
chr9:72856002-72859199,792,268,26
chr9:72859601-72859800,166,64,0
chr9:72863801-72864000,70,21,5
chr9:72864401-72864800,184,28,0
chr9:72882201-72882776,80,22,0
chr9:72894201-72895056,59,87,92
chr9:72896582-72896931,0,11,25
chr9:73087202-73087999,0,69,24
chr9:73173001-73173200,38,0,9
chr9:73173801-73174200,36,0,83
chr9:73175801-73177400,82,19,78
chr9:73178802-73181199,72,0,279
chr9:75151003-75151394,112,46,30
chr9:75154801-75157400,171,213,72
chr9:75160602-75162199,148,75,0
chr9:75167001-75168001,482,167,49
chr9:75168602-75171199,176,146,46
chr9:75176201-75176800,34,58,155
chr9:75184401-75184600,144,170,45
chr9:75185601-75186200,490,592,203
chr9:75186401-75187200,102,210,76
chr9:75228880-75230599,67,47,0
chr9:76369002-76370599,25,0,13
chr9:78288201-78290000,0,16,23
chr9:80142201-80142400,9,0,10
chr9:81564201-81565001,0,12,248
chr9:81565401-81567201,131,21,396
chr9:81573401-81574801,9,70,82
chr9:81578201-81580200,28,57,200
chr9:81813202-81816199,16,9,0
chr9:81818201-81821199,26,169,44
chr9:81822202-81830199,285,243,170
chr9:81831401-81832400,16,33,0
chr9:83655401-83655800,0,10,37
chr9:83656001-83656200,27,11,0
chr9:83657004-83657363,30,23,0
chr9:84271559-84271816,43,21,58
chr9:85522144-85522559,117,42,12
chr9:85525402-85529800,78,107,72
chr9:85531401-85539399,1612,865,499
chr9:85541801-85542400,93,22,247
chr9:85543001-85543600,586,544,1160
chr9:85858001-85858200,73,51,33
chr9:85859401-85860400,297,117,185
chr9:85860601-85861400,54,114,99
chr9:85867862-85868235,0,6,30
chr9:85871001-85872001,160,134,174
chr9:85878801-85880200,0,23,4
chr9:86130401-86131800,22,40,0
chr9:86525800-86526400,51,0,24
chr9:86534001-86536226,0,44,7
chr9:86556802-86558199,27,68,39
chr9:86562802-86564199,54,0,25
chr9:86575401-86577199,16,10,0
chr9:86598002-86603199,240,0,25
chr9:86747801-86748200,0,23,24
chr9:86749802-86750400,26,21,0
chr9:86762201-86768400,22,18,0
chr9:86867801-86869000,70,36,0
chr9:87005201-87005400,11,58,0
chr9:87106801-87107401,26,0,13
chr9:87223401-87224201,2,0,1
chr9:87275402-87278399,85,82,0
chr9:88377802-88380799,26,22,24
chr9:88479401-88479600,84,134,81
chr9:88523026-88523999,34,57,0
chr9:88531816-88532263,63,1,0
chr9:88920201-88928800,0,52,536
chr9:89194600-89194800,0,40,39
chr9:89225509-89227599,104,0,23
chr9:89310204-89310397,279,624,322
chr9:90973418-90975799,0,152,129
chr9:90978801-90979800,42,24,0
chr9:90985067-90986131,89,173,178
chr9:90986801-90987000,13,54,72
chr9:90988201-90988400,0,49,35
chr9:91059402-91062799,169,227,100
chr9:91067401-91069200,25,57,47
chr9:91070001-91070200,17,0,12
chr9:91070801-91073599,24,93,73
chr9:91074001-91075000,32,19,54
chr9:91378202-91379800,25,0,49
chr9:91391201-91391826,125,0,196
chr9:91392601-91393000,13,0,86
chr9:91402801-91405599,154,0,363
chr9:91406201-91406400,19,0,101
chr9:91482601-91484600,28,42,0
chr9:92679201-92681001,54,43,14
chr9:92705801-92706000,0,17,12
chr9:92706202-92708599,81,47,23
chr9:93118273-93118639,13,7,243
chr9:93119813-93120364,43,2,355
chr9:93120404-93120661,41,20,145
chr9:93567323-93567450,0,34,5
chr9:93572920-93573235,27,15,43
chr9:94010801-94012000,27,16,0
chr9:94018111-94019116,26,4,0
chr9:94110401-94111201,235,34,24
chr9:94111601-94111800,0,16,61
chr9:94330001-94331199,38,10,23
chr9:95091654-95091748,13,0,7
chr9:95092066-95092797,79,13,25
chr9:95626002-95628399,12,21,0
chr9:96879402-96880399,110,95,80
chr9:96883201-96886000,579,1280,294
chr9:97109001-97109601,25,42,16
chr9:97381801-97383000,0,69,7
chr9:97873583-97874599,68,69,131
chr9:97888201-97888600,74,17,157
chr9:97889801-97891200,319,64,393
chr9:97895801-97896400,48,46,297
chr9:97957001-97963200,0,9,20
chr9:98916001-98918400,25,138,149
chr9:98920601-98921400,0,90,24
chr9:99155601-99156000,27,23,0
chr9:99158402-99160399,42,133,91
chr9:99210601-99214717,190,0,297
chr9:99234802-99237399,259,47,217
chr9:99239201-99240200,107,114,134
chr9:99243201-99245600,55,0,66
chr9:99389201-99389601,40,13,30
chr9:99977601-99977800,32,57,74
chr9:100388802-100390600,150,106,53
chr9:100394201-100396200,78,228,36
chr9:101417801-101419049,66,68,164
chr9:101461802-101463799,0,45,22
chr9:101464601-101466800,11,23,0
chr9:104932201-104932400,156,46,160
chr9:104933602-104936200,621,265,209
chr9:104936602-104937200,447,170,133
chr9:104993131-104994123,26,18,0
chr9:105837401-105837600,7,44,0
chr9:105837801-105838200,54,51,0
chr9:107250802-107252999,54,23,54
chr9:107336001-107338799,24,68,813
chr9:107340601-107341800,179,69,344
chr9:107345002-107346800,0,16,70
chr9:107736401-107737000,13,0,12
chr9:107737202-107740942,39,34,24
chr9:107751763-107752377,54,19,0
chr9:107768001-107768800,42,12,0
chr9:107779201-107781199,7,73,0
chr9:107781601-107785600,28,164,0
chr9:107807002-107807799,68,77,0
chr9:107979201-107984199,0,45,16
chr9:107998601-107999800,27,54,0
chr9:108000544-108003200,118,263,8
chr9:108012201-108014799,74,19,0
chr9:108016601-108017000,57,107,24
chr9:108017601-108018200,0,111,12
chr9:108020201-108020400,13,16,12
chr9:108070001-108070800,0,102,24
chr9:108093202-108096599,24,20,0
chr9:108831001-108831400,27,23,0
chr9:108857201-108858400,19,0,49
chr9:110179202-110181599,149,21,444
chr9:110184801-110185400,54,72,49
chr9:110188172-110188424,13,10,0
chr9:110189084-110189233,9,0,15
chr9:110212601-110212800,17,29,0
chr9:110213202-110215396,273,0,25
chr9:110240001-110241399,67,38,59
chr9:110257931-110258399,8,22,0
chr9:110288002-110290599,18,3,0
chr9:110581401-110581800,19,5,14
chr9:110582001-110582600,26,10,0
chr9:110655401-110656999,0,70,26
chr9:110834602-110836799,27,10,0
chr9:110867401-110868000,319,206,151
chr9:110870201-110870600,150,64,0
chr9:111039017-111039692,86,1,5
chr9:111042001-111042399,39,101,0
chr9:111108401-111110400,28,54,0
chr9:111110801-111111000,0,10,15
chr9:111682801-111684399,79,114,21
chr9:111799801-111800400,80,79,0
chr9:111804001-111807603,70,71,17
chr9:111823069-111823400,100,242,0
chr9:111828201-111828600,39,39,0
chr9:111848402-111855999,230,220,0
chr9:111857600-111858400,27,40,0
chr9:111866801-111867800,99,60,24
chr9:111890202-111893600,103,41,89
chr9:111943601-111946400,154,34,68
chr9:111948401-111950599,113,0,25
chr9:111958003-111958545,0,11,6
chr9:112020002-112023799,20,0,49
chr9:112203201-112204590,912,1550,495
chr9:112213801-112214000,3,7,24
chr9:112338401-112339585,0,1,25
chr9:112355002-112356400,44,25,2
chr9:112360201-112361200,62,109,19
chr9:112361479-112362199,42,152,0
chr9:112373602-112374735,1041,1691,415
chr9:112743402-112744199,29,46,0
chr9:113624601-113625800,143,199,354
chr9:113626801-113628400,122,146,1770
chr9:113630401-113631799,0,23,25
chr9:113631935-113636999,0,15,99
chr9:113695001-113696600,0,21,28
chr9:114107739-114109199,54,22,9
chr9:114603402-114608599,240,39,119
chr9:114652202-114654200,181,70,170
chr9:114693001-114695400,21,0,23
chr9:114699401-114699600,12,0,3
chr9:114818001-114818600,4,6,5
chr9:115938402-115940399,14,0,45
chr9:116405001-116405400,13,14,1
chr9:116420896-116421544,0,52,100
chr9:120082801-120084400,0,68,34
chr9:120348802-120349600,7,9,0
chr9:120383602-120385114,342,350,62
chr9:120385802-120388199,123,299,70
chr9:120733313-120733502,5,0,32
chr9:120899517-120900450,226,196,233
chr9:120900502-120900529,6,4,13
chr9:121053201-121053801,26,11,24
chr9:121057601-121058200,36,35,57
chr9:121059001-121059400,17,12,26
chr9:121059801-121060600,12,0,74
chr9:121061801-121063399,45,190,97
chr9:121067201-121068200,80,64,165
chr9:121333866-121336400,687,173,2218
chr9:121505802-121506599,14,38,18
chr9:121508202-121509399,59,105,100
chr9:121510601-121513599,37,4,14
chr9:121537001-121538637,0,39,40
chr9:121561001-121562800,0,21,11
chr9:122336402-122341199,8,0,197
chr9:123106967-123107076,5,0,6
chr9:124831401-124836599,9,7,0
chr9:126782401-126782600,0,8,12
chr9:127410201-127413600,278,507,457
chr9:127414801-127415800,24,21,0
chr9:127792201-127792400,342,307,483
chr9:127865557-127865919,100,115,45
chr9:127906713-127907081,255,26,106
chr9:127919353-127919812,118,49,0
chr9:128408872-128409400,22,0,44
chr9:128697601-128698364,40,0,48
chr9:129033400-129034800,12,8,0
chr9:129074601-129075200,0,19,24
chr9:130707085-130708200,825,920,622
chr9:130890600-130891000,345,11,491
chr9:130997743-130999384,0,70,48
chr9:131533602-131536999,36,113,61
chr9:131538202-131540800,55,0,51
chr9:131823586-131824600,27,32,20
chr9:132365201-132374999,104,29,16
chr9:133075402-133077200,134,82,147
chr9:133089001-133089601,26,0,50
chr9:133090042-133091199,43,0,53
chr9:133166802-133168800,53,24,0
chr9:133188151-133188689,0,36,37
chr9:133200070-133200333,5,9,0
chr9:133233402-133235199,323,956,504
chr9:133237469-133237792,79,5,71
chr9:133245801-133246000,0,32,21
chr9:134010002-134011599,11,21,18
chr9:134165373-134165681,56,49,0
chr9:134167401-134168200,14,20,23
chr9:134204601-134207000,59,62,11
chr9:134210402-134211999,74,19,0
chr9:134224202-134227200,37,45,0
chr9:134227601-134228400,27,0,24
chr9:134282402-134285800,24,0,22
chr9:134460222-134460471,0,57,16
chr9:134462601-134463400,27,14,0
chr9:134468601-134470200,22,21,0
chr9:134485602-134488799,39,0,10
chr9:134858001-134859800,0,21,20
chr9:134863941-134864800,127,203,265
chr9:134889601-134890000,52,206,63
chr9:134890801-134892599,0,57,94
chr9:134896186-134896434,13,0,14
chr9:134944002-134945400,0,23,153
chr9:134946080-134946449,5,23,0
chr9:134947322-134947838,23,0,24
chr9:134960202-134969199,80,123,147
chr9:135438401-135439599,27,12,0
chr9:135440283-135442600,0,113,26
chr9:135491001-135491201,7,22,0
chr9:135925401-135926200,89,57,64
chr9:135926401-135928599,156,237,281
chr9:135986801-135987400,0,20,24
chr9:136316767-136319399,0,24,25
chr9:136550466-136550649,24,13,16
chr9:136552246-136552385,22,52,4
chr9:136618584-136619042,19,35,12
chr9:136619156-136619452,0,15,12
chr9:136619726-136620110,24,27,37
chr9:136634601-136636200,376,490,49
chr9:136643565-136643701,15,11,15
chr9:136643868-136644158,113,80,51
chr9:136646002-136646164,16,0,25
chr9:136647127-136647233,37,26,7
chr9:136843321-136843497,24,25,19
chr9:137117802-137119799,142,42,26
chr9:137120401-137121400,0,12,13
chr9:137129417-137129993,88,86,49
chr9:137223136-137223909,271,76,316
chr9:137305602-137305769,3,8,10
chr9:137580155-137580800,36,40,335
chr8:211601-212600,2964,2057,1318
chr8:479200-480200,76,0,111
chr8:604050-604664,27,43,25
chr8:610001-610600,26,46,12
chr8:613601-614201,143,566,123
chr8:1736496-1736700,27,0,9
chr8:1754598-1755248,29,0,33
chr8:1965402-1968800,78,139,106
chr8:2915802-2919800,0,73,32
chr8:7248400-7249600,49,173,145
chr8:7250801-7251600,0,57,24
chr8:7590000-7590801,27,44,21
chr8:7707601-7707800,0,15,4
chr8:8036201-8036800,0,38,18
chr8:8037001-8037200,0,28,25
chr8:8227504-8227693,14,23,36
chr8:8536402-8538799,4,3,0
chr8:8706202-8706600,24,4,0
chr8:8706759-8707466,0,45,24
chr8:8926802-8927600,58,170,60
chr8:8928801-8931800,181,178,98
chr8:8939802-8943200,48,20,22
chr8:8946801-8947400,0,6,24
chr8:8949602-8950599,0,40,49
chr8:8950801-8951599,0,62,31
chr8:8988601-8990000,22,17,0
chr8:9121601-9124999,151,46,44
chr8:9134129-9134533,167,23,89
chr8:9135264-9135590,46,14,24
chr8:10878401-10878600,36,0,62
chr8:10878801-10879800,42,0,113
chr8:11336601-11337218,34,22,13
chr8:11840401-11841800,501,390,988
chr8:11963602-11967799,0,25,6
chr8:12209001-12210600,0,17,57
chr8:12211202-12213599,68,226,78
chr8:12215401-12216401,10,22,27
chr8:12402401-12402800,13,26,0
chr8:12757512-12758241,61,23,59
chr8:13075601-13077801,54,1157,213
chr8:13080201-13082199,0,228,147
chr8:18036258-18036649,56,11,50
chr8:18037001-18037200,3,0,2
chr8:18045601-18046600,8,0,50
chr8:19398802-19400399,128,112,65
chr8:19869601-19878799,0,126,60
chr8:19884601-19889800,250,63,93
chr8:20228601-20228800,38,89,138
chr8:21421001-21422399,0,46,50
chr8:21626001-21629600,0,471,23
chr8:21653601-21655200,0,17,99
chr8:21670897-21677599,0,71,22
chr8:21678002-21685799,0,47,25
chr8:21855801-21866000,72,310,66
chr8:22010017-22010497,99,0,25
chr8:22040401-22040800,27,48,9
chr8:22215202-22217599,107,0,94
chr8:23118801-23122800,4351,768,9877
chr8:23125401-23126199,27,0,74
chr8:23132801-23133000,13,0,222
chr8:23263601-23263800,44,64,69
chr8:23527765-23528157,40,0,39
chr8:23577602-23579800,0,46,397
chr8:23790801-23791600,27,90,0
chr8:23796802-23799999,165,92,73
chr8:23859002-23863599,123,210,83
chr8:23888802-23893399,24,133,52
chr8:23896621-23898199,53,45,0
chr8:23921802-23923599,80,0,11
chr8:23972402-23975999,51,71,0
chr8:24025601-24028000,51,36,0
chr8:24105601-24107400,54,21,0
chr8:24155202-24157599,0,18,23
chr8:24217602-24219799,27,40,0
chr8:24228602-24230000,0,23,25
chr8:25518601-25518800,0,33,3
chr8:25534001-25534400,0,40,12
chr8:26046666-26046819,0,76,15
chr8:26048840-26049603,27,0,5
chr8:26075001-26079800,25,36,0
chr8:26373801-26374800,135,59,24
chr8:26661363-26662599,52,0,20
chr8:26737600-26738000,173,0,87
chr8:26743801-26744000,42,0,132
chr8:27267401-27267800,17,15,0
chr8:27268002-27269599,28,0,76
chr8:27280402-27282399,399,264,308
chr8:27594990-27595101,0,92,14
chr8:27619402-27621037,11,22,24
chr8:27704602-27705000,27,34,0
chr8:27709401-27710000,0,22,62
chr8:27713601-27714200,23,0,12
chr8:27719202-27720599,0,249,36
chr8:27727002-27727690,84,398,37
chr8:27728601-27730799,262,797,72
chr8:27732000-27732200,63,355,8
chr8:27855241-27856904,0,22,43
chr8:28759801-28761000,100,45,25
chr8:29520402-29524799,15,20,0
chr8:30019002-30021599,9,0,8
chr8:30056001-30061000,0,22,65
chr8:30214601-30217400,79,93,0
chr8:30305002-30306199,68,126,72
chr8:30311476-30313400,51,35,91
chr8:30314201-30316600,136,0,23
chr8:30322402-30325599,45,68,42
chr8:30326802-30329600,24,38,22
chr8:30363602-30365000,521,596,117
chr8:30367927-30368197,13,43,7
chr8:30373401-30373800,72,32,0
chr8:30380438-30380794,924,190,535
chr8:30575201-30576491,4,35,97
chr8:33308801-33310599,25,43,11
chr8:33314001-33314400,0,11,12
chr8:33352001-33354600,134,91,0
chr8:33535201-33537600,0,10,86
chr8:33542602-33544200,28,24,246
chr8:37072801-37074999,0,40,241
chr8:37856001-37857000,53,21,73
chr8:38070802-38073665,0,61,164
chr8:38075978-38077000,54,0,99
chr8:38219890-38220207,183,110,428
chr8:38502002-38503400,84,104,36
chr8:38505802-38507199,184,115,0
chr8:38508401-38508800,14,0,24
chr8:38564001-38568199,0,25,20
chr8:38891402-38892999,0,24,31
chr8:38894602-38895599,7,113,0
chr8:38897001-38897200,22,19,0
chr8:38899913-38900607,126,748,71
chr8:42172801-42174000,72,0,47
chr8:42665792-42666799,10,7,0
chr8:43134401-43134600,11,0,41
chr8:47764202-47766061,96,113,67
chr8:48149002-48151000,0,429,26
chr8:48493400-48494600,0,29,23
chr8:48910602-48912599,17,70,0
chr8:51953602-51955800,27,67,25
chr8:52616001-52617600,0,41,21
chr8:54400602-54401400,54,13,18
chr8:54412201-54414200,21,39,49
chr8:54414800-54415400,13,22,37
chr8:54442801-54444400,82,70,97
chr8:55855802-55857800,0,12,32
chr8:55871001-55872799,25,60,0
chr8:55878872-55879224,0,35,25
chr8:56220201-56221000,65,121,133
chr8:56930802-56932170,26,0,150
chr8:58217601-58218600,23,19,24
chr8:58453202-58453800,51,0,24
chr8:58534202-58535999,22,21,23
chr8:58545201-58547199,46,0,26
chr8:58548402-58549368,89,0,25
chr8:59970401-59973000,129,225,21
chr8:60182401-60184600,27,0,25
chr8:60871402-60874999,51,21,200
chr8:60875401-60876200,0,23,31
chr8:61011601-61015599,42,0,52
chr8:63224402-63227600,0,24,42
chr8:65595201-65597800,185,641,234
chr8:65978401-65985000,82,0,10
chr8:66221001-66221200,0,21,14
chr8:67349001-67353400,7,67,21
chr8:68239802-68244199,0,60,21
chr8:70556602-70559799,0,43,21
chr8:70564546-70565999,7,0,50
chr8:73281401-73282200,27,23,60
chr8:74032402-74034999,64,391,123
chr8:74211001-74211400,44,0,21
chr8:78612601-78613400,0,14,24
chr8:80528201-80530000,54,123,100
chr8:80531601-80532000,8,0,47
chr8:80619401-80620200,0,26,49
chr8:81225601-81230799,55,23,0
chr8:81291253-81291535,0,11,19
chr8:81304201-81306200,3,0,13
chr8:81337801-81342199,0,20,93
chr8:81345402-81355599,0,108,50
chr8:81368201-81371399,28,48,0
chr8:81590801-81591337,8,46,23
chr8:81641378-81641915,23,27,20
chr8:85293801-85294000,32,0,14
chr8:85316801-85318600,25,0,23
chr8:89545802-89547399,171,642,78
chr8:89563800-89564001,0,11,22
chr8:89792601-89793000,13,68,0
chr8:89796002-89797999,49,204,147
chr8:89887418-89887770,144,7,37
chr8:89892002-89892999,316,152,49
chr8:89894001-89894200,42,40,0
chr8:89895401-89896000,48,23,25
chr8:89896601-89897847,88,104,100
chr8:91099842-91100036,0,30,33
chr8:92105201-92106800,311,2082,139
chr8:93132001-93133400,27,134,0
chr8:93821990-93823199,21,23,47
chr8:93985402-93987999,27,23,0
chr8:94065401-94066400,26,67,24
chr8:94574001-94575799,32,46,0
chr8:95117512-95117830,13,23,0
chr8:95122601-95123000,0,66,30
chr8:95162201-95171399,0,42,75
chr8:96124627-96124775,5,5,0
chr8:96337967-96338335,19,0,36
chr8:96354401-96354600,0,3,12
chr8:96612602-96615200,236,63,64
chr8:97155202-97156800,0,43,86
chr8:97170401-97171399,151,109,290
chr8:97173801-97174600,174,329,353
chr8:97179601-97182841,595,1284,1367
chr8:97213602-97216800,28,29,0
chr8:97224202-97225400,21,0,23
chr8:97256201-97257200,1,97,37
chr8:97258802-97261799,80,246,24
chr8:97855201-97857200,35,33,0
chr8:98178602-98181399,0,25,13
chr8:98323614-98324244,0,60,12
chr8:98357402-98360199,24,0,4
chr8:98361602-98363199,2,170,99
chr8:98366554-98369000,47,193,172
chr8:100563801-100564800,0,53,13
chr8:100567201-100569000,0,463,50
chr8:100907981-100908164,13,28,0
chr8:100915503-100915824,13,62,165
chr8:101171002-101174399,2539,1330,368
chr8:102647001-102647200,255,17,875
chr8:102647389-102648186,621,91,2797
chr8:102767001-102772200,9,0,25
chr8:102773401-102777599,29,0,13
chr8:102822802-102824399,14,70,49
chr8:102825001-102825400,13,32,0
chr8:103082201-103082800,0,22,12
chr8:103104002-103107399,24,103,0
chr8:103108802-103112020,51,58,26
chr8:103347202-103350000,24,21,0
chr8:103393201-103395000,353,290,564
chr8:103396400-103397001,109,115,94
chr8:106285601-106286601,26,22,34
chr8:107222401-107227999,0,34,9
chr8:108190001-108191201,0,23,23
chr8:108193600-108195200,77,29,84
chr8:108551001-108551400,0,23,7
chr8:109082270-109083660,188,23,50
chr8:109138201-109139000,2,23,0
chr8:109140001-109141200,38,38,11
chr8:109146001-109147400,27,0,59
chr8:109179200-109179600,64,131,26
chr8:109181201-109182200,7,126,0
chr8:109189401-109190000,26,63,20
chr8:109191801-109192400,41,22,0
chr8:109211755-109211778,4,0,2
chr8:109228202-109230599,55,69,0
chr8:115058601-115058800,104,0,12
chr8:116623600-116623801,7,0,25
chr8:117602002-117603999,67,51,26
chr8:117608557-117611399,25,21,23
chr8:117618201-117618600,27,0,21
chr8:117676200-117677000,0,46,24
chr8:117696001-117696200,0,11,4
chr8:117701601-117703800,0,23,21
chr8:117706401-117707600,27,0,25
chr8:117715001-117715800,45,63,106
chr8:117752201-117753200,16,0,42
chr8:119116400-119117001,0,11,50
chr8:119677401-119678800,82,187,75
chr8:119681001-119681600,0,120,10
chr8:119684600-119684800,9,48,0
chr8:119688201-119690600,51,58,19
chr8:119697602-119699799,3,53,10
chr8:120058801-120059000,181,123,108
chr8:123285001-123285400,0,10,12
chr8:123486202-123488600,51,21,0
chr8:123489201-123492400,28,48,0
chr8:124298201-124298600,37,12,72
chr8:124299756-124300599,94,44,0
chr8:124767355-124768173,1,3,1
chr8:124780802-124786200,28,41,0
chr8:124801201-124810400,0,28,15
chr8:125370802-125372412,106,0,81
chr8:125373002-125374800,279,117,330
chr8:125376001-125377400,52,0,73
chr8:125378745-125380727,28,63,263
chr8:125385914-125386138,0,10,12
chr8:125591002-125597012,235,0,29
chr8:125618602-125625600,0,21,80
chr8:126422602-126427200,8,14,0
chr8:126544802-126548600,27,0,24
chr8:127683794-127684999,28,10,0
chr8:127748002-127749967,28,3,0
chr8:130021602-130025600,0,12,39
chr8:133156601-133159000,0,21,23
chr8:133362201-133362600,12,0,67
chr8:133362801-133363667,133,21,25
chr8:133607401-133607800,0,33,12
chr8:133911802-133923200,0,138,56
chr8:134809001-134809400,33,9,23
chr8:134811801-134812000,13,15,0
chr8:134814402-134816999,55,87,183
chr8:134821401-134822000,97,0,12
chr8:134827002-134827400,93,146,45
chr8:140491402-140493199,19,95,50
chr8:140644002-140647599,0,43,171
chr8:141203002-141204600,39,153,57
chr8:141205338-141206270,0,18,78
chr8:142615510-142615801,22,6,0
chr8:142619201-142619400,24,11,0
chr8:142621602-142624600,26,68,0
chr8:143025356-143025519,3,17,15
chr8:143031269-143031557,564,353,212
chr8:143032105-143033130,517,541,180
chr8:143178602-143184999,0,29,115
chr8:143197001-143198200,53,71,63
chr8:143303001-143303200,19,26,4
chr8:143849802-143850599,49,0,136
chr8:143902297-143904799,182,297,591
chr8:143911801-143912400,13,0,38
chr8:143912601-143913000,67,0,9
chr8:144090601-144091000,0,1,31
chr8:144091200-144091601,18,44,27
chr8:144639601-144640400,11,0,49
chr8:144826355-144826920,162,118,48
