,GTEX-1B8SF-0526-SM-7939F,GTEX-1B8KE-2526-SM-73KYQ,GTEX-1B8SG-0226-SM-7939Q,GTEX-1B8L1-2626-SM-7SB77,GTEX-1B8KZ-1926-SM-7DUG8,GTEX-1B97I-1726-SM-7939V,GTEX-1B932-0226-SM-7PBYH,GTEX-1AYD5-2326-SM-73KXF
chrX:264801-265400,18,24,65,12,0,121,0,43
chrX:600201-601600,20,25,0,50,165,27,363,506
chrX:928601-929600,104,0,12,0,0,0,15,21
chrX:1213601-1216400,41,0,5,7,34,121,0,0
chrX:1222001-1223799,0,0,0,12,41,28,42,0
chrX:1231002-1234599,37,11,0,54,34,14,22,41
chrX:1258602-1259599,0,22,0,0,64,15,11,50
chrX:1264401-1265000,52,24,0,24,30,0,32,81
chrX:1316437-1316937,15,28,0,0,57,29,0,130
chrX:1456802-1457599,39,0,0,52,41,11,15,11
chrX:1559402-1562200,20,0,98,18,19,27,0,32
chrX:1610201-1610800,0,29,27,27,0,15,29,2
chrX:1883601-1884235,22,17,0,0,14,0,0,11
chrX:2179200-2179800,22,0,0,50,0,0,8,11
chrX:2181802-2183999,42,0,0,278,45,30,54,22
chrX:2566401-2566600,636,594,327,276,894,500,621,1035
chrX:2572452-2573399,121,37,66,106,58,0,44,27
chrX:2577800-2578600,122,24,28,117,60,53,96,62
chrX:2592022-2593800,938,555,551,668,893,602,891,813
chrX:2604401-2604799,143,57,0,233,31,0,54,95
chrX:2658401-2659200,858,734,140,577,544,579,1335,405
chrX:2659801-2660400,378,361,112,562,450,237,695,221
chrX:2662401-2663200,1254,817,430,704,542,498,1429,1079
chrX:2664406-2665754,2600,3232,928,1353,2727,1767,4525,2325
chrX:2687001-2687800,0,0,0,48,20,0,12,9
chrX:2893001-2893200,0,3,28,0,22,0,943,38
chrX:2898909-2899095,14,0,0,0,10,0,18,19
chrX:2901401-2902600,19,74,0,38,126,0,272,188
chrX:3520001-3523599,86,0,0,6,0,0,22,20
chrX:3814801-3815222,10,0,0,34,21,9,50,70
chrX:9375401-9380600,0,0,115,26,121,0,26,0
chrX:9977801-9989599,70,77,109,189,64,140,109,51
chrX:11793801-11794600,0,26,28,2,0,0,0,83
chrX:12929201-12930200,0,71,48,0,8,0,13,63
chrX:12973469-12974181,49,138,97,110,233,179,112,155
chrX:13090038-13090639,0,20,0,0,7,150,10,0
chrX:13090651-13091642,0,0,0,61,8,29,5,18
chrX:13108601-13112400,62,0,0,9,0,0,3,33
chrX:13151001-13153200,184,0,0,575,268,230,0,338
chrX:13248602-13255400,132,44,0,97,102,148,77,286
chrX:13645801-13649799,41,104,0,30,43,31,33,11
chrX:13684401-13686000,45,49,56,63,63,0,56,23
chrX:13940022-13940404,0,24,0,1,14,0,31,20
chrX:13989601-13990000,25,21,0,16,19,0,0,44
chrX:13994001-13994200,11,0,28,12,0,9,5,15
chrX:13996796-13996990,8,11,0,0,0,10,0,38
chrX:15342878-15344000,43,47,0,0,41,0,0,71
chrX:15882001-15884000,2,0,0,13,0,31,0,23
chrX:16385001-16387000,20,26,0,8,0,0,31,0
chrX:16462800-16463201,59,0,0,0,41,0,48,19
chrX:16463401-16465799,0,0,26,36,52,0,14,41
chrX:17187201-17187800,15,71,0,44,45,0,15,21
chrX:17797801-17799000,0,150,0,0,21,59,31,0
chrX:18886570-18887031,9,0,49,12,3,0,12,18
chrX:21904601-21907999,40,0,56,123,97,0,56,93
chrX:21929880-21930124,35,0,0,4,0,23,34,0
chrX:21932395-21932963,0,0,65,8,31,0,37,21
chrX:21934600-21934801,41,43,18,0,0,0,8,6
chrX:21936601-21937600,0,22,0,10,0,45,15,0
chrX:23694459-23695200,20,48,24,0,20,45,26,0
chrX:23821401-23823800,10,0,13,0,9,0,9,0
chrX:24090480-24091342,40,12,38,82,17,0,0,0
chrX:24091401-24091600,0,12,12,10,6,0,0,0
chrX:24100801-24101200,51,0,63,24,3,30,40,0
chrX:24116802-24117999,19,15,0,36,0,0,42,20
chrX:24124201-24125599,125,0,28,56,17,60,73,46
chrX:24135201-24136200,55,0,0,12,4,0,22,0
chrX:24246201-24246698,0,5,15,6,0,8,8,0
chrX:24282120-24284399,6,0,25,0,59,0,0,42
chrX:29964802-29966799,0,0,55,38,32,91,0,23
chrX:30532601-30534200,0,62,14,18,109,31,82,241
chrX:30553801-30555999,183,100,57,59,202,178,450,555
chrX:38717601-38719200,38,20,0,12,39,0,0,0
chrX:38870311-38870779,0,24,22,0,0,2,6,0
chrX:39017602-39020800,0,94,5,13,57,25,86,23
chrX:39397602-39399799,65,0,40,31,0,39,106,0
chrX:40748801-40750799,0,58,48,6,21,39,35,0
chrX:40755201-40756400,12,74,0,12,0,0,65,0
chrX:40771401-40774800,0,49,25,17,0,0,59,0
chrX:41288601-41289200,4,12,27,12,18,0,0,0
chrX:41297202-41303599,114,20,189,162,122,12,172,176
chrX:41308002-41309799,0,26,40,35,41,14,52,36
chrX:41331583-41331789,0,0,0,17,14,46,9,0
chrX:41331955-41332244,0,47,70,27,0,0,2,9
chrX:41411001-41413400,10,11,13,0,29,0,14,10
chrX:43749001-43751200,23,35,28,31,21,0,11,0
chrX:44143801-44145800,74,0,0,38,79,19,68,75
chrX:45823602-45825399,43,0,70,10,0,0,63,20
chrX:46551401-46552200,20,20,28,54,40,85,20,26
chrX:47129699-47130032,74,10,94,71,66,23,47,38
chrX:47420601-47421000,0,24,13,32,3,0,23,15
chrX:47489401-47491400,191,264,285,164,192,98,238,235
chrX:47496201-47498889,16,13,29,31,0,0,25,23
chrX:47499002-47503600,13,52,0,11,18,0,33,33
chrX:47551153-47552400,0,24,27,12,0,0,9,0
chrX:47556134-47556394,14,2,28,30,49,14,49,22
chrX:47632699-47633041,47,156,70,100,40,14,33,186
chrX:47633855-47634586,146,321,245,284,45,0,237,91
chrX:47805602-47808399,284,466,259,205,572,609,205,256
chrX:48615801-48618600,154,274,109,215,107,182,330,187
chrX:48782401-48783600,0,0,0,56,23,0,12,24
chrX:48863801-48864651,21,20,0,12,41,23,15,0
chrX:48867402-48868599,57,0,55,23,0,0,0,48
chrX:48876401-48878200,0,0,0,59,9,10,0,10
chrX:48919541-48919921,44,133,125,60,117,87,61,11
chrX:48919961-48920656,69,367,262,151,86,126,91,52
chrX:48972901-48973106,0,28,1,0,8,21,15,0
chrX:49019001-49020600,0,0,11,10,41,12,0,4
chrX:49103201-49104000,58,138,261,142,219,136,279,39
chrX:49127402-49131799,0,0,24,78,48,26,72,76
chrX:49136401-49138200,16,11,0,62,74,0,13,54
chrX:50577601-50577800,0,19,31,53,0,60,0,27
chrX:50979201-50980000,0,19,0,13,0,15,57,0
chrX:51484201-51485400,19,0,13,13,0,0,8,62
chrX:53184601-53185201,134,39,161,166,96,0,234,62
chrX:53186200-53186401,4,14,49,9,23,0,85,11
chrX:53186600-53186801,10,1,0,34,66,0,44,0
chrX:53361602-53364200,2190,1804,2237,1026,1869,663,2192,1589
chrX:53372002-53372329,377,616,213,125,249,128,338,74
chrX:53930401-53930826,60,231,125,126,101,41,148,230
chrX:53935401-53935600,34,41,164,34,3,21,32,87
chrX:54416801-54417000,9,0,28,9,37,0,6,0
chrX:54508801-54510000,39,0,0,123,21,0,0,10
chrX:54633201-54634400,104,11,22,38,102,83,50,57
chrX:54639299-54639977,65,95,83,29,39,29,40,0
chrX:54641614-54641805,0,53,43,6,0,27,76,0
chrX:56228401-56229400,38,0,12,39,63,0,64,103
chrX:56366402-56369400,0,0,27,43,82,89,0,8
chrX:56498723-56499915,46,0,0,35,16,0,0,22
chrX:56573001-56573400,0,0,7,19,6,25,14,33
chrX:56595001-56596200,161,266,106,116,41,38,91,43
chrX:56600001-56600600,0,87,56,10,0,30,8,13
chrX:57117201-57117801,397,165,253,210,387,314,301,278
chrX:57607273-57607645,0,24,0,39,20,30,2,0
chrX:57607939-57608332,78,73,21,34,67,0,38,7
chrX:57646601-57646800,8,0,0,0,12,0,9,11
chrX:57651001-57651999,83,362,233,98,76,61,57,123
chrX:57821729-57822295,33,49,28,12,0,15,0,0
chrX:57901043-57901305,278,221,192,165,178,62,203,129
chrX:57902001-57902200,102,115,120,89,159,100,137,45
chrX:57902801-57903000,89,229,184,67,79,198,139,129
chrX:57903207-57903597,353,282,309,196,274,169,216,269
chrX:57904243-57904728,165,151,112,136,226,191,309,126
chrX:63934001-63934400,0,62,0,12,9,0,34,47
chrX:64152601-64153599,28,101,0,101,104,0,48,40
chrX:64849601-64851999,0,0,75,0,92,0,7,80
chrX:65743002-65746799,170,366,204,167,135,60,294,110
chrX:68580801-68581400,0,12,0,9,6,0,15,0
chrX:68864601-68869599,0,16,0,12,61,0,56,65
chrX:68871401-68873800,21,19,26,0,0,0,39,20
chrX:68901201-68902400,37,25,0,23,87,0,43,48
chrX:68902601-68903800,62,0,0,13,75,0,14,73
chrX:69024201-69029199,52,24,0,38,13,29,31,29
chrX:69030601-69033227,62,12,14,37,36,0,8,26
chrX:69033601-69034600,0,17,0,0,10,25,0,33
chrX:69036601-69037800,0,3,0,49,6,0,0,54
chrX:69080601-69084199,75,0,213,9,19,213,223,198
chrX:69152201-69156399,18,27,0,39,23,24,17,36
chrX:69158401-69159599,19,35,15,26,62,30,64,83
chrX:70219801-70220930,113,24,41,113,134,0,102,57
chrX:70262801-70263001,19,66,0,40,23,0,29,11
chrX:70438402-70439600,44,49,0,83,32,0,16,38
chrX:70979001-70979200,22,0,0,22,13,63,7,0
chrX:70979320-70979763,35,110,0,33,41,0,64,26
chrX:71047601-71049000,92,25,0,72,122,0,82,115
chrX:71055559-71055811,181,407,194,413,375,535,421,320
chrX:71177006-71178000,0,32,27,26,39,0,0,0
chrX:71778251-71778999,1035,160,81,728,540,710,381,267
chrX:75731961-75732316,76,7,0,57,59,0,27,52
chrX:75781401-75782400,35,0,0,30,54,19,44,0
chrX:76148355-76148695,72,0,0,28,157,0,1,30
chrX:76183401-76184039,0,109,14,298,209,57,368,107
chrX:76184801-76185000,39,112,41,123,56,116,160,22
chrX:76185201-76185400,17,51,28,130,64,15,136,37
chrX:76192401-76192800,82,144,0,175,31,89,211,148
chrX:78513601-78518200,54,0,0,62,0,54,14,80
chrX:80812146-80812441,211,13,13,58,116,197,40,257
chrX:81315601-81318200,19,0,0,252,60,51,26,0
chrX:81324201-81324999,13,0,5,42,38,30,36,71
chrX:81331601-81333400,18,0,0,85,49,28,14,10
chrX:81347601-81349000,56,50,0,183,71,0,1,42
chrX:81354401-81356000,90,26,29,146,21,85,72,23
chrX:81366401-81368400,0,0,7,52,0,0,12,14
chrX:81390202-81391000,0,0,0,20,0,3,15,22
chrX:81392001-81393000,0,0,0,54,0,81,23,104
chrX:90523601-90525600,0,0,0,50,19,15,31,0
chrX:99939401-99940000,55,0,0,19,27,41,67,20
chrX:100416402-100419800,66,138,25,11,9,0,0,0
chrX:100600601-100600800,51,227,70,40,91,256,50,90
chrX:100606201-100607600,14,2,0,21,0,0,5,0
chrX:100625401-100626200,22,79,28,18,62,142,1,44
chrX:100906201-100907600,142,93,0,39,136,13,131,34
chrX:100939201-100939755,57,31,0,94,21,60,15,0
chrX:100946401-100947600,14,21,0,196,0,11,0,55
chrX:100993802-100996599,288,438,409,556,380,127,278,219
chrX:101164801-101165128,57,41,42,71,0,131,208,103
chrX:101549001-101549200,0,0,0,9,16,13,15,0
chrX:102339102-102340073,0,0,39,11,65,146,0,0
chrX:102958001-102958600,28,101,84,166,135,54,133,196
chrX:102959001-102960200,561,378,785,339,604,368,726,496
chrX:102962201-102962400,28,159,238,137,136,75,231,133
chrX:102962601-102963000,239,373,457,384,467,220,532,536
chrX:102964001-102964200,245,254,299,272,408,323,486,295
chrX:102975401-102979599,56,144,109,35,23,58,30,42
chrX:102984202-102987000,33,0,0,45,19,16,0,8
chrX:103098800-103099800,0,0,0,12,54,0,6,21
chrX:103250601-103251800,0,25,100,85,41,78,31,66
chrX:103530801-103531436,222,178,15,245,188,794,256,354
chrX:103531601-103531800,13,42,42,43,41,84,116,46
chrX:103535401-103537000,179,138,68,204,107,465,293,225
chrX:103537401-103537600,0,21,36,40,63,83,23,21
chrX:103538639-103538991,95,0,28,22,38,46,22,27
chrX:103542601-103543000,22,0,0,18,12,0,12,11
chrX:103556890-103557305,55,23,64,51,52,60,58,27
chrX:103697801-103699000,57,0,0,16,41,0,2,0
chrX:104162801-104163800,20,0,27,55,53,0,94,11
chrX:107659833-107660200,22,24,0,156,34,6,0,14
chrX:107662201-107663000,84,0,0,238,119,64,28,0
chrX:107668801-107670600,83,0,0,420,138,135,0,41
chrX:107674577-107675109,7,37,0,196,118,10,0,0
chrX:107675848-107676393,0,0,0,215,173,26,0,41
chrX:107676773-107677571,14,16,26,50,67,0,10,6
chrX:107706401-107707600,0,121,231,8,0,28,0,0
chrX:110187801-110190000,0,0,16,13,0,0,97,31
chrX:112877201-112878400,0,0,0,13,18,23,16,0
chrX:115317202-115319200,38,0,0,109,54,31,173,119
chrX:115344201-115346400,151,183,171,960,184,540,546,600
chrX:115346601-115346800,0,0,18,10,15,0,47,24
chrX:115362401-115363200,106,62,0,102,46,0,14,115
chrX:115367201-115368599,43,0,23,3,17,0,0,0
chrX:115371801-115374000,23,0,142,31,42,91,15,22
chrX:115449202-115450400,10,0,0,7,0,0,74,22
chrX:115451801-115452200,90,0,0,32,20,0,15,26
chrX:115459202-115461599,0,0,26,58,39,0,64,0
chrX:116104401-116106400,490,868,233,710,499,669,840,508
chrX:116727001-116727200,53,188,89,8,23,293,83,44
chrX:116928001-116929600,0,26,56,4,41,0,46,23
chrX:118693402-118700000,256,150,195,748,135,169,580,67
chrX:118704401-118705600,0,0,13,24,21,0,6,0
chrX:118717639-118718304,13,0,0,18,6,15,15,4
chrX:118802201-118803800,102,167,148,105,160,0,115,34
chrX:118804001-118804539,31,0,0,23,80,12,26,50
chrX:119457801-119458200,300,177,178,125,169,92,129,116
chrX:119493402-119497800,65,0,0,63,60,0,0,19
chrX:119532985-119533202,0,19,5,14,37,0,8,7
chrX:119769304-119769698,0,18,28,4,27,16,66,45
chrX:119773401-119778000,54,22,25,35,18,0,33,120
chrX:119779202-119785600,76,0,0,81,52,25,19,18
chrX:120418602-120420799,39,96,57,31,0,0,27,44
chrX:120514001-120514600,0,0,42,25,20,0,3,0
chrX:120517801-120518800,0,24,27,64,17,0,39,7
chrX:120578201-120580200,41,49,0,170,79,83,82,84
chrX:120734201-120739400,46,42,173,39,0,82,0,15
chrX:120739601-120739800,3,0,12,2,0,32,0,0
chrX:120747802-120757599,43,32,18,24,0,0,0,28
chrX:123582201-123582800,0,0,0,19,9,60,24,0
chrX:123941001-123941600,28,0,0,12,0,0,15,41
chrX:123951601-123952001,21,0,0,15,7,0,15,0
chrX:125205290-125205977,48,0,0,15,0,34,9,48
chrX:125779601-125782999,20,33,0,23,0,0,14,39
chrX:127137202-127138568,0,2,0,38,16,29,7,0
chrX:127139201-127140400,89,94,0,42,62,33,47,0
chrX:129597601-129598200,51,138,248,87,92,62,94,38
chrX:129599201-129600000,108,62,26,6,20,60,122,113
chrX:129659001-129660599,11,0,29,13,0,0,16,0
chrX:129797801-129800200,1147,1901,2582,661,1146,1140,1507,1241
chrX:130111781-130112178,121,0,50,81,43,29,71,43
chrX:130113601-130116000,46,98,0,125,62,57,14,76
chrX:130419001-130419401,10,0,38,25,0,0,18,0
chrX:133298201-133298600,28,270,39,20,16,0,26,15
chrX:134524400-134526200,454,876,1202,737,447,392,641,418
chrX:134527402-134529599,85,100,150,176,81,87,102,98
chrX:134860001-134860400,0,0,49,107,52,68,69,86
chrX:134860801-134862355,246,134,138,255,495,218,296,153
chrX:134999444-135001599,25,0,0,133,41,12,71,78
chrX:135008602-135012600,2754,3945,3961,1299,702,1551,2334,1882
chrX:135019401-135020000,305,396,258,386,398,232,499,584
chrX:135023801-135025200,1313,887,992,965,603,1285,1730,833
chrX:135030201-135030935,116,74,76,24,10,66,79,44
chrX:135035001-135035400,377,915,685,332,216,376,386,307
chrX:135036201-135036400,325,619,333,117,71,189,179,326
chrX:135041168-135042000,62,36,13,47,37,19,77,0
chrX:135388601-135390156,23,25,28,28,0,55,8,92
chrX:135392801-135394400,0,112,0,23,52,0,16,32
chrX:135406401-135409799,15,0,0,11,13,26,21,0
chrX:135515801-135517000,8,25,0,25,0,0,16,19
chrX:136258802-136262999,62,27,0,14,97,0,78,48
chrX:136584201-136589400,0,33,28,13,178,0,0,0
chrX:136615402-136620600,0,50,28,39,64,0,16,0
chrX:136819801-136820000,9,0,0,13,15,0,8,11
chrX:136823200-136823401,10,12,0,107,59,60,59,60
chrX:136825401-136826600,164,25,120,233,372,90,224,149
chrX:136828201-136830200,152,45,137,450,425,102,196,101
chrX:136835906-136836170,0,0,0,36,5,12,38,0
chrX:147894401-147894999,48,0,0,6,0,16,27,17
chrX:149551601-149551800,137,107,43,91,94,151,175,55
chrX:149552001-149552200,114,61,97,47,139,63,62,106
chrX:149555401-149555600,145,137,112,190,198,99,309,95
chrX:149927401-149927600,152,47,131,58,80,101,157,85
chrX:149928401-149928600,42,63,53,59,47,123,83,29
chrX:151976401-151976800,4,24,0,19,0,0,18,9
chrX:151980802-151987399,39,43,85,83,45,0,102,0
chrX:152816801-152817426,16,0,8,12,0,0,30,21
chrX:152819201-152820200,17,24,12,15,0,0,8,0
chrX:153443601-153443800,0,0,0,6,10,0,9,17
chrX:153511801-153512400,110,12,35,227,13,26,55,53
chrX:153988202-153993399,0,50,0,30,0,0,5,22
chrX:154336201-154337000,0,0,0,8,32,30,37,88
chrX:154382201-154382400,0,4,0,3,0,0,9,22
chrX:154382801-154383000,12,0,28,6,13,0,7,53
chrX:155372201-155372400,12,9,0,0,0,9,7,0
chrX:155433601-155436599,22,0,0,124,24,118,31,0
chr13:19785401-19785600,16,0,0,17,12,0,31,21
chr13:19790401-19796799,76,41,0,227,105,25,13,74
chr13:20358202-20361600,0,0,0,5,27,26,14,0
chr13:21180578-21181200,0,12,27,36,15,19,76,21
chr13:21897201-21898000,0,0,0,4,55,0,13,196
chr13:21899001-21899600,6,12,0,0,25,41,21,119
chr13:21901402-21903999,73,12,14,32,49,118,102,1132
chr13:23440002-23441799,0,20,0,12,0,0,14,20
chr13:26410601-26414400,0,148,0,25,62,0,15,0
chr13:26422801-26426999,18,13,93,28,0,0,26,24
chr13:26508709-26509400,22,3,0,0,10,64,0,22
chr13:26515483-26516240,22,0,0,6,41,93,132,32
chr13:26518002-26519199,0,45,0,0,0,16,21,146
chr13:27042402-27045600,9,26,160,73,0,209,13,46
chr13:27052685-27055799,23,228,207,237,0,61,35,18
chr13:27308602-27312800,0,6,0,14,0,0,17,24
chr13:27379602-27381799,0,46,28,0,63,0,0,22
chr13:27463601-27463800,24,0,14,17,8,0,0,0
chr13:27473000-27473400,42,5,28,0,12,0,0,0
chr13:28296801-28297800,0,0,0,66,46,0,38,43
chr13:28602801-28603600,19,0,0,0,20,150,10,0
chr13:28651401-28652800,41,0,0,106,42,94,95,0
chr13:28684200-28685200,40,14,14,12,0,29,0,0
chr13:28719717-28720067,0,0,14,0,19,21,10,0
chr13:28734401-28735799,0,0,57,15,28,0,15,109
chr13:29654754-29655536,37,0,27,0,0,80,0,102
chr13:30141002-30144274,97,74,24,60,80,142,47,66
chr13:30164056-30164597,0,24,27,12,0,0,10,51
chr13:30172201-30174800,23,33,4,116,64,30,45,22
chr13:30186401-30187600,197,166,69,163,32,7,93,66
chr13:30191800-30193001,158,194,439,283,135,207,232,277
chr13:30311402-30315800,414,21,0,271,277,235,268,300
chr13:30331201-30331800,84,24,27,56,34,0,45,53
chr13:30332201-30332600,22,0,0,52,136,12,80,79
chr13:30333201-30333801,20,12,0,0,20,0,29,40
chr13:30335048-30337599,38,24,0,97,17,50,92,103
chr13:30408430-30408648,9,42,38,18,98,1,8,26
chr13:30441201-30442800,0,0,0,47,41,0,14,44
chr13:30447401-30448000,37,28,26,128,186,116,263,57
chr13:30453601-30454200,119,558,228,293,156,55,104,221
chr13:30707801-30709399,0,0,0,18,70,19,124,85
chr13:30778201-30779400,16,49,0,21,0,0,14,0
chr13:30783602-30790199,29,21,24,61,45,0,34,47
chr13:30831516-30836799,23,0,0,13,21,0,0,23
chr13:30870397-30870953,0,2,0,21,0,7,8,30
chr13:30876801-30878200,33,0,0,8,0,0,14,97
chr13:32790801-32791000,19,46,15,22,7,19,0,36
chr13:32791202-32793999,37,100,186,196,3,27,0,16
chr13:36298602-36299031,19,152,0,62,0,29,23,62
chr13:36413601-36415000,0,25,0,26,69,30,20,22
chr13:36420201-36422200,0,0,0,25,63,0,60,61
chr13:36427849-36428800,27,24,0,13,17,0,0,37
chr13:36837401-36837600,10,12,18,93,43,0,27,0
chr13:36838000-36838200,64,0,2,90,16,20,58,20
chr13:36839202-36840399,116,242,426,297,361,116,491,481
chr13:36840831-36841091,3,0,43,40,20,50,51,80
chr13:37086002-37093200,86,0,0,42,19,28,0,10
chr13:37106401-37107400,0,0,0,44,17,59,28,8
chr13:38364801-38365000,0,24,0,10,0,0,23,25
chr13:40069001-40071000,17,19,40,0,41,79,0,0
chr13:40074201-40074999,8,0,66,0,0,7,19,0
chr13:40670201-40674999,236,1363,1549,198,579,1083,89,292
chr13:40698001-40699000,0,0,0,0,20,29,15,43
chr13:40714201-40714600,58,78,28,95,76,0,15,0
chr13:40786001-40787800,53,23,0,0,19,0,20,133
chr13:40928401-40929400,20,75,42,25,21,29,20,49
chr13:41085801-41086800,38,24,0,115,87,0,138,11
chr13:41271201-41272800,0,0,0,37,63,38,0,20
chr13:41281401-41283200,10,0,26,0,37,10,0,0
chr13:41289401-41290600,156,25,0,57,42,0,2,50
chr13:41473001-41473312,37,30,0,25,20,45,0,0
chr13:42752801-42754600,0,0,0,30,17,0,258,54
chr13:44306400-44306955,0,7,0,0,10,15,9,21
chr13:44411602-44419600,0,0,59,27,32,0,16,92
chr13:44588201-44588800,0,3,27,46,54,0,0,37
chr13:44726002-44727799,80,0,0,25,76,0,14,65
chr13:44872201-44873600,8,2,0,8,17,24,5,0
chr13:45291401-45293001,66,39,11,62,59,0,13,23
chr13:45295402-45301600,148,50,23,288,153,0,205,18
chr13:45302600-45303200,22,0,0,21,9,60,15,0
chr13:45318801-45323799,97,114,231,186,109,89,191,43
chr13:45426001-45426800,0,6,0,12,0,0,23,41
chr13:48050001-48051000,118,284,139,296,86,124,233,103
chr13:48109202-48111999,0,45,0,215,0,55,28,0
chr13:48113002-48114800,45,0,26,68,83,3,14,0
chr13:48141401-48146400,14,0,55,236,20,0,41,0
chr13:48159315-48159537,11,0,0,19,16,0,12,0
chr13:48171602-48175600,83,58,0,213,21,0,16,0
chr13:48209201-48211000,16,14,0,135,61,35,1,0
chr13:48278201-48279600,18,0,28,36,71,0,27,38
chr13:48291801-48293200,242,66,46,75,146,94,8,321
chr13:49295401-49295600,0,22,0,0,16,0,15,6
chr13:49614802-49619200,19,86,0,11,18,26,36,31
chr13:49635545-49635848,25,74,61,34,16,21,24,64
chr13:49642049-49642448,72,0,0,0,20,0,43,43
chr13:49857201-49860399,0,10,11,5,0,0,3,0
chr13:49951401-49952400,22,0,0,59,31,15,27,21
chr13:51218601-51220800,0,50,57,0,0,0,15,79
chr13:51911802-51914599,46,0,114,144,172,116,112,93
chr13:52343417-52346399,209,185,326,224,544,318,225,355
chr13:52347601-52350199,69,8,269,252,213,277,88,113
chr13:52352801-52353600,45,0,0,57,16,30,0,22
chr13:52355801-52357200,73,0,31,146,61,0,33,154
chr13:52371202-52375399,18,0,109,323,0,33,95,292
chr13:52452001-52452200,104,137,61,18,10,51,10,28
chr13:53074002-53076199,141,0,0,13,190,0,95,86
chr13:53076601-53077200,193,24,0,22,397,0,37,77
chr13:61182801-61186400,0,0,0,121,39,0,14,20
chr13:71869202-71870200,44,0,0,25,0,25,113,0
chr13:73018400-73018801,105,38,122,128,113,85,54,85
chr13:73998002-73999600,23,0,0,104,0,0,31,44
chr13:74005402-74006799,0,0,0,93,21,0,15,22
chr13:74032601-74033200,0,0,0,44,0,7,4,21
chr13:74040002-74042999,22,24,0,248,20,29,27,0
chr13:74050402-74053000,11,25,0,182,21,0,0,0
chr13:74054401-74059200,14,47,0,499,184,0,14,41
chr13:74072857-74077200,19,0,0,360,0,0,31,18
chr13:74086802-74094000,43,0,53,627,49,85,29,0
chr13:74095802-74100599,0,23,26,633,39,0,29,34
chr13:74112001-74119199,0,47,0,651,0,57,89,0
chr13:74134760-74135357,0,33,0,0,0,7,8,2
chr13:74825002-74826399,0,2,2,2,0,0,0,6
chr13:75504001-75509200,46,0,0,13,42,0,182,45
chr13:75511601-75515000,35,122,0,0,18,0,21,0
chr13:76851201-76857200,62,19,0,15,57,0,43,0
chr13:77347601-77352399,0,0,0,20,65,0,59,69
chr13:77459402-77462599,0,36,89,0,21,120,178,0
chr13:77766602-77768000,23,146,28,97,0,44,15,0
chr13:77890949-77891999,0,164,35,15,0,0,49,15
chr13:80202801-80204400,23,0,0,2,32,0,28,44
chr13:80214129-80215814,12,0,0,9,20,0,15,22
chr13:80234602-80236999,0,19,0,12,42,0,32,20
chr13:80246402-80248200,10,0,0,9,14,0,14,7
chr13:80275601-80278199,11,0,0,54,99,0,102,33
chr13:80325801-80327800,0,0,0,25,21,0,16,23
chr13:80329201-80330200,0,45,0,38,20,0,15,21
chr13:80344602-80346599,0,49,0,62,0,91,10,23
chr13:80468201-80471600,0,0,0,37,0,26,17,19
chr13:80571401-80571800,92,16,0,75,54,50,100,33
chr13:80696001-80696400,7,0,0,12,10,0,35,0
chr13:81048401-81048600,161,0,0,16,101,135,9,6
chr13:81058401-81059799,1770,105,57,150,1073,562,286,306
chr13:93222601-93223800,525,876,1273,850,480,429,1168,308
chr13:94418601-94420600,0,16,0,8,0,0,26,23
chr13:94507001-94508600,11,0,0,47,52,0,11,0
chr13:94535401-94536400,22,24,0,0,16,0,0,55
chr13:94545602-94546999,85,0,28,0,59,2,111,73
chr13:94666201-94667800,0,2,0,13,74,91,102,0
chr13:95304401-95304799,0,0,0,41,0,44,33,32
chr13:96085201-96085400,41,5,0,6,0,10,0,0
chr13:96996001-96996600,40,0,0,51,165,0,31,57
chr13:97474201-97475200,0,0,57,12,0,15,14,21
chr13:98026201-98027600,0,0,57,13,0,30,15,52
chr13:102778601-102780600,23,45,0,20,21,0,72,43
chr13:102876601-102876800,19,0,0,9,32,0,31,18
chr13:102878336-102878981,39,55,22,151,10,93,94,96
chr13:106182202-106183399,0,0,0,19,9,0,76,180
chr13:106538801-106539400,0,30,84,1,23,1,13,29
chr13:106723001-106723200,5,0,0,18,0,19,15,12
chr13:106723601-106724400,22,0,0,4,0,25,0,10
chr13:106905801-106906999,53,0,0,52,83,0,101,0
chr13:106919538-106919803,34,12,0,22,20,58,38,79
chr13:109330822-109333200,92,0,0,0,160,56,96,20
chr13:109336002-109337599,73,47,0,0,63,0,81,20
chr13:109348374-109349999,21,74,0,12,20,28,0,0
chr13:109424000-109424401,23688,31035,18591,26424,31224,23780,49795,16150
chr13:109870027-109870333,0,0,0,5,10,29,0,19
chr13:110129891-110130122,32,12,0,0,34,0,20,15
chr13:110130401-110130800,74,4,0,0,52,60,2,11
chr13:110131001-110131200,11,12,0,0,17,0,9,9
chr13:110139841-110140116,28,60,114,24,28,35,57,42
chr13:110520403-110521288,55,127,0,72,3,120,78,78
chr13:110521988-110522488,0,12,0,9,20,0,14,0
chr13:110564602-110565692,22,24,70,72,115,45,177,131
chr13:110747801-110748600,0,44,0,6,27,0,10,65
chr13:110819201-110820000,0,24,0,0,20,60,0,38
chr13:112183002-112184200,0,11,28,41,149,30,100,99
chr13:112188201-112189800,571,321,187,300,500,148,1833,1168
chr13:112213202-112214000,102,0,0,41,27,26,224,89
chr13:112219201-112219600,0,0,0,23,20,0,22,22
chr13:112230001-112230600,14,0,0,10,16,29,222,11
chr13:112232401-112232800,71,0,0,24,42,0,226,83
chr13:112593201-112593400,0,16,0,10,10,0,13,21
chr13:112596001-112596800,83,0,0,58,182,0,33,142
chr13:113173201-113175200,23,26,0,87,63,106,190,43
chr13:113366001-113366600,14,0,35,34,2,32,0,46
chr13:113367001-113367200,17,0,58,0,10,0,0,44
chr13:113931001-113931435,136,52,0,139,29,15,62,0
chr13:113934602-113937399,117,141,83,267,276,77,370,191
chr13:113937602-113939599,176,176,0,282,318,118,550,136
chr13:113941621-113942263,75,27,28,54,67,0,139,39
chr13:113946801-113948800,463,369,352,585,354,304,1097,537
chr13:114135711-114136001,0,26,0,1,10,0,11,63
chr13:114339002-114341399,17,23,62,38,19,0,0,97
chr12:666724-667118,2,0,0,2,13,0,7,1
chr12:690201-691200,0,325,27,166,179,89,66,117
chr12:701995-702209,0,12,0,40,37,8,0,9
chr12:703002-704999,56,698,140,638,219,304,177,403
chr12:712002-714200,3,233,0,483,150,91,15,105
chr12:716565-716835,0,19,0,66,0,5,7,2
chr12:722202-723000,20,33,81,131,55,131,28,44
chr12:723601-731399,268,4318,535,2124,1402,1667,540,1234
chr12:737201-737800,0,106,15,73,37,60,11,0
chr12:738201-739800,0,125,89,166,19,47,11,39
chr12:743201-744600,0,146,0,53,30,0,7,16
chr12:751088-751498,57,161,79,39,192,96,61,22
chr12:1939402-1940470,190,227,376,557,619,230,811,333
chr12:2944001-2945200,123,35,42,394,195,0,140,62
chr12:3047602-3048400,0,0,0,20,2,0,24,6
chr12:3049202-3050682,26,19,0,27,20,0,39,0
chr12:3054401-3054800,0,24,56,12,0,0,21,51
chr12:3055002-3056600,43,0,86,10,0,0,125,2
chr12:3775601-3775800,8,0,12,26,10,0,15,0
chr12:4034601-4039600,0,0,9,12,6,0,20,36
chr12:4483801-4485599,0,76,26,82,44,81,70,18
chr12:5049201-5049400,0,12,0,14,0,4,7,0
chr12:5050602-5054400,408,639,169,273,229,195,153,22
chr12:6149601-6150201,105,167,78,79,74,208,4,44
chr12:6167631-6168131,17,121,113,0,18,55,39,0
chr12:6171333-6172070,13,45,10,0,0,0,16,0
chr12:6182192-6182590,4,0,0,14,3,0,4,6
chr12:6188402-6190600,59,0,0,679,193,121,22,41
chr12:6241001-6242399,0,36,33,13,0,0,13,0
chr12:6284602-6288399,11,0,0,12,20,0,0,22
chr12:6292401-6298200,0,18,0,19,7,22,12,84
chr12:6345360-6345804,17,164,25,30,0,29,33,0
chr12:6345920-6346100,0,58,32,23,0,21,5,0
chr12:6414601-6418599,884,267,356,389,889,538,1266,557
chr12:6476201-6477199,43,62,55,32,20,0,0,0
chr12:6734801-6735200,133,122,194,258,142,148,104,114
chr12:6735402-6738799,787,1448,869,1480,1651,894,1776,1480
chr12:7340601-7341400,47,13,14,63,0,0,0,11
chr12:7570002-7575400,88,70,0,0,44,96,0,0
chr12:8026536-8026955,57,96,78,36,27,226,51,112
chr12:8527002-8528199,0,52,53,19,87,75,76,87
chr12:8628402-8630800,1398,564,195,196,105,147,143,160
chr12:8670401-8672740,0,0,0,11,67,0,14,6
chr12:9015601-9016400,63,248,38,69,36,175,60,77
chr12:9029802-9031999,65,21,0,92,0,0,0,51
chr12:9032201-9034000,56,0,26,97,41,21,0,36
chr12:9133100-9134366,87,86,4,63,229,240,173,264
chr12:9318201-9318400,74,0,0,33,10,14,43,72
chr12:9319400-9320600,220,100,274,323,169,444,472,218
chr12:9326802-9328799,80,75,37,194,32,95,239,66
chr12:9331113-9331799,42,0,0,36,10,29,94,0
chr12:9332601-9335400,92,50,114,153,61,227,347,211
chr12:9336001-9336400,31,0,23,17,0,0,106,61
chr12:9340348-9346399,90,19,0,143,16,83,144,96
chr12:9710402-9712599,16,219,28,40,60,0,47,15
chr12:9814176-9814493,10,0,13,6,0,0,10,0
chr12:10068022-10068179,0,61,42,24,7,0,33,0
chr12:10600801-10601800,1312,390,549,1301,1056,728,1369,1008
chr12:11508401-11510000,23,81,29,27,41,0,8,44
chr12:11592601-11593400,19,49,28,85,20,0,8,0
chr12:11594401-11597600,133,235,17,408,43,114,175,69
chr12:11598201-11599200,0,31,53,128,20,59,77,4
chr12:11601202-11603200,17,88,111,74,41,39,0,0
chr12:11607201-11608400,23,98,0,92,0,0,0,36
chr12:11617601-11618600,76,138,98,80,19,15,19,27
chr12:11642401-11642800,0,12,28,24,0,0,0,12
chr12:11646601-11646800,0,0,23,17,21,0,0,24
chr12:11901402-11903400,20,13,0,16,0,0,0,23
chr12:12270801-12271000,34,5,20,112,0,0,33,13
chr12:12272802-12273972,124,183,84,363,59,104,43,176
chr12:12281802-12284199,89,23,0,50,19,0,0,17
chr12:12294002-12295599,21,23,0,121,10,0,16,0
chr12:12313823-12314590,0,11,27,44,0,0,13,0
chr12:12581601-12588199,29,0,0,5,0,26,6,0
chr12:12703402-12707400,221,84,59,138,120,55,57,0
chr12:12844802-12847000,0,0,0,22,9,30,15,0
chr12:12874585-12874965,19,0,0,0,0,38,15,11
chr12:12918801-12919400,0,18,22,24,0,0,17,187
chr12:12920944-12923200,0,73,0,38,89,13,11,377
chr12:13221602-13224599,71,49,0,149,102,89,158,309
chr12:13435402-13437422,39,29,3,25,33,27,0,2
chr12:14909402-14911400,113,0,29,118,30,59,26,43
chr12:15904001-15904400,204,343,476,332,438,165,191,148
chr12:16328601-16329601,77,58,0,20,43,27,30,23
chr12:16828801-16830200,75,121,85,100,48,0,43,22
chr12:17076202-17077000,54,24,0,24,30,0,0,0
chr12:18796802-18798600,56,0,0,15,91,0,59,0
chr12:19736001-19738000,14,0,0,164,57,59,57,0
chr12:19743401-19747200,62,0,21,176,41,82,121,22
chr12:19757226-19758467,122,24,0,140,95,0,181,0
chr12:26080601-26081799,30,99,48,11,23,0,0,0
chr12:26117409-26117554,0,141,49,15,19,0,26,38
chr12:26844801-26847000,39,0,0,104,84,0,22,22
chr12:26853335-26853729,0,0,27,3,0,0,21,36
chr12:26855801-26856000,39,0,0,2,0,0,7,22
chr12:26856201-26857200,37,0,0,45,0,0,15,27
chr12:26969001-26969400,369,24,115,175,83,165,297,408
chr12:27076202-27078051,116,27,195,223,63,29,82,104
chr12:27185002-27187799,137,36,415,153,203,0,43,97
chr12:27188801-27189200,57,12,0,41,4,48,11,0
chr12:27190221-27195600,410,87,738,291,627,181,139,187
chr12:27200001-27201200,12,0,28,35,18,28,0,0
chr12:27238326-27238638,0,0,20,7,20,0,0,10
chr12:27973346-27974195,45,5,0,0,23,0,31,0
chr12:29134801-29135000,0,77,0,0,11,22,2,15
chr12:29135389-29135651,0,24,0,0,10,30,30,4
chr12:29932065-29933000,0,24,25,0,62,0,31,0
chr12:31008201-31008801,207,50,25,38,70,23,49,48
chr12:31009400-31009601,211,31,13,72,80,12,117,14
chr12:31269601-31270200,61,72,48,25,19,0,82,0
chr12:31274801-31275600,22,48,48,41,21,22,57,36
chr12:31279601-31279800,9,4,0,11,0,0,7,9
chr12:31756201-31761373,30,16,9,0,7,0,0,0
chr12:31796402-31798199,0,17,0,25,153,120,0,151
chr12:32002802-32003999,91,320,631,214,67,0,111,135
chr12:32012402-32013884,0,55,27,53,20,0,15,36
chr12:32018601-32019000,34,10,0,19,0,14,21,0
chr12:32020401-32021800,54,134,70,80,99,83,147,128
chr12:32023601-32024000,0,111,0,18,10,30,30,0
chr12:32024802-32028800,23,71,51,152,60,31,111,133
chr12:32030202-32034799,41,67,76,163,44,27,42,60
chr12:32039000-32041000,23,0,0,13,16,0,16,0
chr12:32047400-32048400,19,0,0,0,39,0,31,21
chr12:32051001-32053000,20,26,0,28,21,0,14,0
chr12:32068704-32069799,0,0,28,12,0,30,7,44
chr12:32384401-32385800,0,22,10,22,21,0,14,0
chr12:32650600-32651800,30,96,55,62,0,135,152,61
chr12:32673801-32676600,0,18,10,18,7,16,0,12
chr12:41575402-41577999,178,271,337,1186,370,1136,209,215
chr12:41579000-41579600,130,67,69,276,66,259,60,66
chr12:41584601-41585400,377,437,238,663,326,635,166,287
chr12:41794038-41796199,41,0,0,168,133,0,51,0
chr12:45140001-45140200,36,0,0,0,53,30,36,38
chr12:45469002-45470800,0,0,83,24,2,0,14,0
chr12:45673201-45675399,75,0,0,91,105,121,218,131
chr12:45687801-45688400,0,21,0,54,0,0,11,20
chr12:45694801-45695800,0,0,0,21,8,59,20,5
chr12:45705002-45708200,396,94,279,611,114,329,648,236
chr12:45708401-45708800,122,92,28,103,0,30,3,41
chr12:45712201-45713999,115,49,53,164,0,0,145,52
chr12:46153201-46154999,0,99,0,45,12,0,0,44
chr12:46378601-46379321,0,0,0,0,65,65,15,44
chr12:46380002-46380600,635,267,294,431,675,247,582,295
chr12:46942459-46943599,63,85,0,0,12,0,15,0
chr12:46943802-46944799,34,99,38,16,0,0,0,10
chr12:46956001-46957400,85,36,0,35,15,91,59,36
chr12:46958401-46958600,12,24,0,12,10,13,0,0
chr12:46958802-46960200,179,50,44,31,69,0,56,22
chr12:47296201-47297000,0,0,43,23,41,0,24,58
chr12:47590700-47592200,82,49,142,99,0,0,38,91
chr12:47612201-47613299,21,0,83,51,0,0,47,0
chr12:48033801-48034000,0,37,41,5,0,0,0,14
chr12:48035001-48035400,16,69,19,18,10,60,12,11
chr12:48036402-48038800,46,74,138,8,6,0,22,55
chr12:48445402-48449600,665,0,257,493,1066,141,808,170
chr12:48794198-48796799,31,38,0,32,24,0,34,22
chr12:48797001-48797200,63,5,0,7,0,0,41,10
chr12:48803201-48804600,81,0,0,37,94,88,62,8
chr12:48976286-48976662,0,0,3,0,22,6,1,4
chr12:49284801-49285000,10,24,0,20,45,0,51,0
chr12:49782801-49786399,274,599,213,478,133,0,275,329
chr12:50169802-50171200,8,0,0,39,13,19,0,6
chr12:50295401-50298399,76,19,128,301,255,130,384,256
chr12:50302800-50305200,46,0,13,272,19,180,59,34
chr12:50310001-50310800,60,0,0,140,9,0,19,0
chr12:50311801-50312800,53,0,0,68,0,0,8,37
chr12:50313401-50313800,34,0,0,121,28,0,35,13
chr12:50751801-50752800,0,11,0,0,59,0,54,45
chr12:50824602-50825999,14,45,28,31,67,24,31,129
chr12:50828201-50829200,70,0,27,29,19,201,112,82
chr12:50933800-50934000,46,67,25,21,82,12,11,6
chr12:50938401-50938800,25,34,43,53,62,3,7,37
chr12:50942401-50943400,34,147,5,36,64,65,42,65
chr12:51222601-51223000,66,49,0,69,13,26,15,0
chr12:51225001-51226400,60,25,51,191,73,0,68,81
chr12:51884711-51885071,11,4,0,0,16,0,38,31
chr12:51926116-51926402,80,327,304,122,25,19,52,104
chr12:51940402-51942199,40,11,3,21,0,0,0,0
chr12:52002001-52003472,184,235,185,143,94,90,160,121
chr12:52005765-52006186,50,227,33,31,17,29,73,56
chr12:52370202-52373199,22,24,0,7,12,29,111,0
chr12:52522361-52523010,0,62,106,0,0,185,61,0
chr12:52620401-52622200,0,17,26,0,103,0,0,20
chr12:52626201-52627600,0,0,2,4,69,0,0,14
chr12:53243602-53244999,18,32,85,21,42,0,17,22
chr12:53352202-53356400,6,0,7,3,5,33,26,0
chr12:53434002-53436599,0,29,0,4,10,0,10,0
chr12:53678647-53679195,18,0,0,10,30,11,8,54
chr12:54655002-54655400,8,24,0,0,84,23,0,20
chr12:54734601-54734800,0,0,22,4,6,9,11,0
chr12:54735801-54737200,23,0,15,18,59,0,62,34
chr12:56046002-56047800,0,20,0,9,0,21,14,18
chr12:56145801-56148199,394,525,333,440,513,180,571,390
chr12:56192887-56193800,6,20,28,2,12,0,18,0
chr12:56195402-56200400,156,130,27,203,219,0,212,29
chr12:56400507-56401355,0,24,0,47,41,0,12,0
chr12:56497801-56499000,0,0,0,92,57,0,7,20
chr12:56659052-56659800,0,47,0,56,20,29,0,0
chr12:56705202-56711200,17,78,55,71,24,11,31,69
chr12:56962202-56962800,22,0,85,41,20,0,28,33
chr12:57868863-57869170,2,0,69,8,13,0,13,0
chr12:59066001-59068199,23,0,85,11,21,91,11,22
chr12:59093902-59094186,12,12,14,15,21,0,30,0
chr12:59119601-59119801,28,10,0,12,6,21,9,10
chr12:61471801-61472000,101,87,159,0,130,30,0,90
chr12:62640002-62643200,0,26,0,37,0,57,9,0
chr12:62942001-62943400,23,0,0,33,0,30,0,22
chr12:64169602-64173799,87,75,101,113,80,91,30,24
chr12:64175276-64176000,175,56,69,31,34,20,7,88
chr12:64181084-64181208,0,0,9,17,27,0,8,0
chr12:64181519-64181688,0,1,23,6,0,15,15,16
chr12:64699201-64703599,0,14,57,264,0,17,63,63
chr12:64706002-64707399,0,2,0,37,0,0,24,22
chr12:65667402-65669600,0,21,28,5,0,0,0,6
chr12:66002801-66004400,583,2712,1614,648,902,522,978,1003
chr12:66258201-66259200,0,171,27,16,20,0,11,0
chr12:67388202-67389871,0,0,0,12,0,9,46,12
chr12:67394402-67395399,0,0,0,5,16,59,20,0
chr12:67429402-67432400,0,0,0,12,32,0,15,104
chr12:67676602-67679399,79,73,41,298,330,77,202,129
chr12:67680602-67682599,438,114,404,277,707,185,314,583
chr12:67685601-67686000,23,37,42,13,67,0,0,22
chr12:67689401-67689600,65,1,93,24,19,19,37,31
chr12:67704601-67706999,114,66,44,113,200,42,49,101
chr12:67883801-67884800,17,0,0,62,87,0,230,33
chr12:67885401-67886001,49,0,0,74,85,14,26,44
chr12:67890602-67892711,63,20,58,108,272,121,87,64
chr12:67919002-67922399,40,0,0,40,32,0,21,39
chr12:68800001-68800401,0,24,0,22,30,15,0,0
chr12:69058601-69063400,14,23,0,40,19,0,0,41
chr12:69290601-69294200,0,0,0,27,0,121,26,67
chr12:69417001-69417600,0,24,0,63,0,13,54,0
chr12:69425601-69426000,41,49,44,54,51,0,85,87
chr12:69443000-69443201,35,0,0,20,2,0,0,11
chr12:71731400-71732401,0,24,11,19,20,17,8,0
chr12:76035271-76035468,3,12,25,22,30,9,31,7
chr12:76308201-76309600,0,0,0,30,51,0,76,22
chr12:76310001-76310601,0,0,0,23,4,0,75,58
chr12:76313201-76313600,0,0,28,0,10,0,19,31
chr12:76632800-76634800,101,49,14,72,79,51,66,75
chr12:76636001-76638199,0,0,0,27,15,30,13,0
chr12:76685001-76685999,22,0,0,12,20,142,41,0
chr12:76692431-76693400,0,49,97,53,0,0,71,0
chr12:76718402-76720999,23,21,0,26,0,0,5,0
chr12:76745602-76749399,0,0,14,3,130,30,27,0
chr12:79514202-79516199,14,26,0,135,16,31,0,23
chr12:79521602-79524599,44,24,83,195,37,0,24,65
chr12:79531201-79533199,23,0,18,218,41,0,0,66
chr12:79554801-79555599,99,89,43,156,51,0,126,84
chr12:79565402-79567999,232,156,192,984,42,241,115,109
chr12:80083201-80085000,8,23,106,77,69,131,0,0
chr12:80776801-80779000,26,25,48,31,220,65,195,22
chr12:80780801-80782000,1,19,0,52,6,4,62,12
chr12:80782801-80783799,0,0,0,48,10,29,31,21
chr12:83136401-83136800,0,24,0,0,20,30,35,13
chr12:87819801-87820000,156,82,405,30,9,68,0,42
chr12:88241802-88244599,167,0,25,189,230,60,14,125
chr12:88307402-88311199,45,0,0,6,20,0,27,0
chr12:88381401-88382400,1845,101,55,277,183,716,468,450
chr12:88383398-88383800,331,0,6,36,17,31,61,77
chr12:88388201-88389800,612,49,41,64,30,0,187,65
chr12:88391001-88392001,107,0,1,36,54,59,20,42
chr12:88392401-88393000,102,0,27,38,0,0,23,16
chr12:88400402-88401785,22,0,0,15,0,30,0,44
chr12:90106737-90107126,46,29,0,0,10,37,15,14
chr12:90128802-90130000,0,11,0,42,23,0,7,43
chr12:91098202-91100399,69,28,256,126,349,0,220,0
chr12:91370200-91370800,43,0,15,20,94,0,15,0
chr12:91934801-91938399,0,47,86,12,0,49,0,0
chr12:91977402-91979200,0,8,56,0,41,0,52,0
chr12:92227801-92228400,16,0,0,8,20,0,27,14
chr12:92242855-92243600,20,24,0,12,0,0,13,66
chr12:92505504-92506255,17,0,0,0,3,44,0,3
chr12:92510002-92514600,0,0,25,38,18,63,33,0
chr12:92514801-92516647,74,33,109,0,45,109,45,26
chr12:92581001-92582000,14,0,94,0,52,59,72,0
chr12:92582401-92583320,38,0,0,8,97,14,51,73
chr12:92584601-92586000,60,0,36,11,69,60,127,12
chr12:92596554-92596795,44,12,42,0,20,0,36,17
chr12:92597848-92598414,244,8,557,9,132,14,216,40
chr12:92600601-92608999,87,41,187,49,115,83,147,12
chr12:92610001-92610600,0,0,27,0,2,29,27,0
chr12:92942401-92944329,23,0,0,6,10,0,4,0
chr12:92968001-92975400,88,24,0,87,50,14,15,75
chr12:92977201-92979200,206,52,0,23,376,59,91,226
chr12:92988249-92988597,0,0,0,7,21,0,9,9
chr12:92995001-92996400,127,0,0,39,0,0,15,40
chr12:92997001-92997400,13,30,0,4,10,0,15,0
chr12:93292601-93293201,122,24,0,22,70,0,48,137
chr12:93297001-93297600,22,48,0,0,83,90,127,164
chr12:93301801-93303203,23,0,0,49,48,0,62,32
chr12:93536002-93537400,0,0,0,63,34,0,40,18
chr12:93612202-93613799,0,0,0,29,21,31,14,18
chr12:93619201-93619400,0,0,0,6,7,0,17,32
chr12:94010002-94014400,19,0,0,78,18,26,68,0
chr12:94030202-94034199,35,0,14,84,71,23,24,34
chr12:94046802-94048999,13,0,28,24,21,21,70,9
chr12:94073402-94076000,31,0,0,0,21,0,29,22
chr12:94099697-94099998,0,0,0,23,23,21,17,11
chr12:94534202-94536399,23,0,0,59,0,121,27,0
chr12:94544201-94545800,35,0,0,20,30,0,0,20
chr12:94551201-94551800,279,514,231,112,147,73,77,94
chr12:94552202-94553799,587,686,423,240,568,436,153,310
chr12:94557601-94558200,139,213,92,117,107,11,134,75
chr12:94560864-94561169,1,68,28,66,31,71,36,0
chr12:94566401-94566600,0,87,42,55,11,0,50,6
chr12:94701601-94703400,21,0,0,10,19,0,0,44
chr12:94703802-94707399,408,0,46,249,251,99,52,303
chr12:94721001-94721800,27,0,0,4,0,45,31,0
chr12:94733801-94734200,16,0,0,50,20,21,0,0
chr12:94741000-94742166,13,0,28,28,14,48,0,40
chr12:94761202-94765000,39,0,0,64,20,120,15,44
chr12:94795002-94796399,0,25,57,13,0,0,0,60
chr12:96186001-96188799,20,0,57,28,15,121,26,65
chr12:96272001-96272400,0,12,16,406,26,25,34,124
chr12:96274201-96274800,2,37,77,294,20,60,42,11
chr12:96275001-96275400,23,13,74,143,10,0,0,12
chr12:98552801-98553000,0,3,74,43,13,0,26,54
chr12:100146601-100147400,28,22,160,65,96,0,111,246
chr12:100151001-100151801,21,19,0,29,20,0,12,44
chr12:100152000-100152600,17,45,0,27,62,0,6,11
chr12:100154525-100155279,41,76,28,37,20,28,121,29
chr12:101853602-101862771,82,29,68,15,213,0,37,26
chr12:101863601-101867400,0,24,0,0,41,0,15,16
chr12:102539001-102541599,0,0,0,13,21,30,8,0
chr12:104108602-104109600,1016,1572,1803,863,1179,1121,1690,843
chr12:104114401-104114600,0,0,24,25,0,14,0,6
chr12:104180802-104183641,0,0,84,0,0,16,5,16
chr12:104351001-104351200,0,96,198,18,9,0,24,9
chr12:104351401-104352528,80,676,569,110,4,60,92,201
chr12:104353180-104359553,18,364,248,188,183,164,171,287
chr12:104361600-104362200,0,18,59,18,29,0,22,0
chr12:104381402-104382800,46,143,83,39,63,0,62,93
chr12:104407802-104409999,0,96,142,72,42,0,15,44
chr12:104411602-104415599,59,117,81,169,60,0,99,87
chr12:104768002-104769799,0,58,26,0,39,0,24,44
chr12:105401201-105402200,28,0,55,93,0,59,0,0
chr12:105433401-105435000,40,0,56,36,0,0,13,0
chr12:105459601-105462201,77,0,0,101,42,0,0,22
chr12:105465802-105470000,25,82,0,259,103,0,39,42
chr12:105473001-105475800,0,0,0,97,19,27,14,0
chr12:105477802-105481399,43,23,26,88,0,0,26,67
chr12:105483201-105492000,0,0,48,297,60,34,54,102
chr12:105507001-105507800,0,0,0,14,21,0,8,41
chr12:105553602-105556399,112,50,0,262,46,55,211,0
chr12:105574201-105575000,80,24,5,32,42,0,43,33
chr12:105575401-105576000,28,24,0,41,18,0,55,48
chr12:105674202-105676199,0,0,0,35,21,23,4,26
chr12:105764600-105765000,0,37,14,25,0,0,17,9
chr12:105769601-105770000,0,22,17,45,0,2,7,0
chr12:105773001-105774000,4,194,0,43,0,0,40,42
chr12:105783402-105785600,16,0,12,0,21,121,0,0
chr12:105818402-105823199,164,23,0,28,32,0,0,20
chr12:105832601-105837000,19,0,24,22,18,26,0,19
chr12:105930202-105937399,86,23,40,60,9,213,14,41
chr12:105954768-105956000,117,38,34,37,16,266,31,21
chr12:105982001-105984401,0,23,0,12,0,28,29,20
chr12:106020801-106023001,0,25,0,13,21,30,0,0
chr12:106044792-106045800,45,0,48,10,16,0,0,0
chr12:106149000-106149800,71,0,0,0,45,17,31,66
chr12:106187401-106189200,32,23,70,27,79,60,46,0
chr12:106193401-106194000,11,0,27,12,74,180,4,44
chr12:106195202-106196304,18,0,14,0,21,30,0,0
chr12:106989601-106989999,7,18,65,52,0,0,0,0
chr12:108605201-108606999,0,49,0,36,79,89,0,39
chr12:108644038-108644135,0,0,0,26,26,0,13,3
chr12:108742201-108747600,16,0,0,41,51,64,5,47
chr12:108772001-108775799,68,43,42,28,5,0,3,0
chr12:109273201-109273799,0,233,67,12,20,19,11,54
chr12:109539201-109540200,40,4,0,48,56,0,94,0
chr12:109544402-109546400,98,91,55,92,120,27,177,17
chr12:109777201-109778000,22,156,0,25,0,0,49,0
chr12:109836402-109842599,583,485,1057,645,289,404,391,414
chr12:110273401-110274200,22,6,0,43,0,121,20,0
chr12:110277801-110278400,15,49,0,104,79,0,31,77
chr12:110279980-110280076,7,0,0,13,0,0,12,16
chr12:110370401-110372400,20,45,111,15,164,87,142,5
chr12:111356002-111357600,11,0,47,13,0,12,0,0
chr12:111638400-111638600,0,11,14,12,0,0,11,11
chr12:111903904-111904247,62,0,0,39,20,60,5,23
chr12:111924601-111926000,89,0,0,228,171,124,159,233
chr12:112158001-112159600,19,0,112,105,0,31,43,37
chr12:113786579-113787400,0,24,0,63,83,0,0,44
chr12:113792001-113792200,11,18,28,17,58,0,12,20
chr12:113795401-113795800,34,12,28,89,50,0,41,62
chr12:113802801-113803800,77,76,27,49,56,45,61,40
chr12:113808200-113808601,358,165,157,390,232,168,420,280
chr12:115012601-115014799,19,0,12,5,0,0,0,3
chr12:115313801-115314800,532,16,12,57,177,91,183,65
chr12:115322200-115322801,659,0,121,15,155,45,129,20
chr12:115323401-115323801,150,24,0,22,20,0,58,43
chr12:115334001-115334400,8,0,84,27,0,0,9,92
chr12:115335201-115335400,21,0,0,0,0,46,9,4
chr12:115952400-115953801,0,96,57,203,0,30,0,40
chr12:116537388-116537654,58,37,0,12,60,0,26,31
chr12:116542401-116544000,157,15,26,58,74,0,29,123
chr12:116544201-116545136,120,24,17,22,0,0,0,0
chr12:116545601-116546401,82,13,14,10,46,0,30,1
chr12:116592133-116592492,0,12,0,1,8,0,21,38
chr12:116655601-116656000,0,47,0,35,15,15,34,0
chr12:117032202-117034800,1157,679,704,837,1184,694,979,815
chr12:117037601-117038200,39,0,0,19,2,0,9,7
chr12:118422361-118423208,172,257,217,363,93,139,136,162
chr12:118432801-118433400,0,98,14,72,83,0,14,0
chr12:118433801-118434000,8,25,0,38,16,0,4,20
chr12:118436601-118436801,20,25,28,4,26,0,15,0
chr12:120283600-120283800,0,1,0,8,11,0,11,44
chr12:120286602-120288200,35,26,0,18,114,15,23,67
chr12:120676602-120681400,93,7,26,101,98,57,34,62
chr12:121086401-121089999,0,0,13,3,0,0,3,26
chr12:121112201-121112800,35,0,0,13,0,0,7,6
chr12:121201802-121203599,10,90,116,108,19,28,146,70
chr12:121208998-121209259,33,0,0,13,18,15,0,30
chr12:121598601-121599400,41,31,0,108,37,115,81,58
chr12:121600801-121601600,64,0,0,74,73,0,44,20
chr12:121609802-121611800,11,0,3,42,19,0,24,31
chr12:121614801-121617400,19,0,0,0,10,20,0,7
chr12:121619001-121621400,32,27,0,38,19,0,2,0
chr12:121865601-121867000,0,9,0,9,24,30,28,0
chr12:121880601-121881000,20,0,0,74,20,0,47,0
chr12:122076444-122076715,0,6,0,5,7,0,7,0
chr12:122656201-122657000,19,49,0,0,12,0,14,22
chr12:122659201-122660447,0,24,0,0,20,0,20,3
chr12:122669201-122670308,59,18,0,1,16,0,63,0
chr12:122676402-122683999,306,136,0,90,709,90,235,198
chr12:122722495-122722688,7,0,0,9,15,0,0,11
chr12:122864601-122864800,43,0,0,61,25,22,12,11
chr12:122909002-122910999,119,22,0,123,10,75,184,14
chr12:123276802-123279400,0,21,9,32,0,0,8,18
chr12:123548802-123556199,11,0,0,62,20,0,38,0
chr12:124317202-124319199,23,0,0,6,0,31,39,2
chr12:124602402-124606800,92,0,73,14,0,0,27,76
chr12:124616001-124618599,151,0,269,0,0,25,45,0
chr12:124642601-124643000,15,0,0,10,0,0,3,16
chr12:124660002-124661799,134,0,50,25,19,103,100,18
chr12:124662322-124662558,31,0,0,6,9,0,13,0
chr12:124663155-124666007,260,0,148,26,19,101,253,111
chr12:124667623-124670199,7,0,277,19,0,0,58,138
chr12:124705401-124706200,28,71,28,17,20,15,28,123
chr12:124706401-124709200,112,0,25,0,42,5,26,105
chr12:124719053-124723399,58,0,24,62,53,0,184,82
chr12:124888601-124889000,0,62,48,4,4,0,0,0
chr12:124890401-124891400,7,71,61,6,20,29,0,21
chr12:124908001-124908400,21,30,0,37,73,93,14,42
chr12:124909518-124909895,82,12,33,107,9,148,7,8
chr12:124921404-124921820,0,25,56,6,0,0,11,0
chr12:124932001-124933600,81,10,0,39,30,0,52,37
chr12:124938656-124938789,0,46,0,11,21,0,34,68
chr12:124939533-124940121,21,32,83,60,27,25,129,20
chr12:124940690-124940909,4,46,0,40,11,29,26,10
chr12:128787602-128790799,62,57,0,5,8,0,13,9
chr12:128830525-128830877,0,0,0,70,41,0,20,5
chr12:128843570-128843862,0,12,0,12,10,0,0,31
chr12:131147801-131148400,17,0,0,7,2,0,25,21
chr12:131671201-131674600,66,83,0,0,32,0,87,44
chr12:131803401-131805000,21,0,0,71,52,0,48,0
chr12:131808938-131809276,0,7,0,12,41,30,0,0
chr12:131812001-131812200,49,18,0,0,19,0,5,0
chr12:131822001-131822400,87,0,0,35,20,11,0,55
chr12:131887401-131888400,44,21,0,12,64,29,13,21
chr12:132444948-132446365,0,0,0,10,89,25,64,18
chr12:132476022-132477210,309,11,57,31,73,65,36,38
chr11:269336-269813,0,0,21,0,10,15,1,66
chr11:276601-276800,0,37,0,0,33,0,9,22
chr11:316246-316608,65,93,258,144,90,112,562,493
chr11:316965-317318,328,207,500,87,382,459,875,569
chr11:531001-531400,66,0,36,15,0,49,8,29
chr11:575158-575435,21,33,71,43,67,100,55,80
chr11:575455-575561,34,45,55,11,70,146,33,66
chr11:629100-629570,228,57,130,322,296,45,74,74
chr11:816033-816324,24,62,237,20,22,42,38,128
chr11:1039914-1042799,133,4,0,53,106,57,113,88
chr11:1056601-1057000,45,14,0,0,29,39,19,22
chr11:1264575-1264710,13,27,2,22,0,14,11,0
chr11:1271200-1271600,22,85,83,205,92,21,84,51
chr11:1316401-1320599,0,48,31,21,28,0,43,24
chr11:1322402-1325200,20,0,0,120,0,0,31,61
chr11:1330001-1331600,23,26,0,31,63,76,0,0
chr11:1341201-1342799,40,0,0,24,144,0,16,0
chr11:1502002-1511400,154,199,34,962,193,111,97,177
chr11:1512501-1519599,0,81,26,888,38,267,117,113
chr11:1519604-1522399,12,169,0,428,0,60,23,101
chr11:1522801-1526401,0,99,26,408,64,114,85,67
chr11:1527801-1529599,45,23,26,313,54,28,0,65
chr11:1534601-1538199,21,41,26,353,39,206,100,0
chr11:1806202-1815000,13,28,0,7,12,17,9,0
chr11:1941802-1944600,46,0,25,7,0,5,0,0
chr11:2004001-2004788,5,0,27,23,41,0,0,0
chr11:2014001-2014800,70,156,56,44,173,28,12,140
chr11:2095402-2101200,34,0,0,14,0,57,18,0
chr11:2285802-2287600,21,91,126,27,157,60,72,182
chr11:2289402-2290800,23,22,0,13,42,0,1,22
chr11:2325759-2327600,283,153,146,222,280,61,131,160
chr11:2880401-2881200,10,0,0,18,29,30,62,138
chr11:2930829-2931192,0,0,0,8,17,9,4,10
chr11:3169181-3169486,22,8,0,0,13,58,27,0
chr11:3169652-3169877,33,21,0,41,0,56,0,11
chr11:3582601-3585200,104,25,28,24,64,0,86,79
chr11:4203800-4204200,3,0,6,15,0,0,27,44
chr11:4672202-4673000,23,16,0,12,0,47,51,22
chr11:6191202-6194999,62,24,0,38,41,30,62,16
chr11:6301801-6305800,65,0,0,60,21,87,4,127
chr11:6307801-6308201,12,0,28,0,0,15,7,0
chr11:6384778-6386163,0,49,12,26,41,16,108,52
chr11:6427801-6428200,15,24,17,0,8,0,13,0
chr11:6443202-6443884,432,0,87,240,283,208,22,204
chr11:6667402-6669199,45,49,0,71,0,0,66,0
chr11:6669602-6678199,578,1165,797,880,1026,391,2028,512
chr11:6678397-6678710,60,75,54,23,59,0,72,33
chr11:6679401-6679600,54,147,77,73,63,85,150,61
chr11:6687401-6687999,22,0,21,25,0,28,65,28
chr11:6690319-6691199,11,0,27,28,20,0,48,55
chr11:6692996-6696999,113,39,0,165,21,23,74,69
chr11:6702598-6704400,0,67,83,219,435,14,274,154
chr11:6705801-6707000,112,11,0,127,286,30,108,176
chr11:6707401-6709600,0,0,40,335,292,30,309,268
chr11:7686801-7688401,64,0,0,23,0,88,0,74
chr11:8608402-8609400,0,0,0,12,24,0,11,33
chr11:8610601-8611200,22,37,125,34,20,0,0,11
chr11:8934401-8935799,169,41,0,33,57,30,76,0
chr11:9550002-9553025,203,29,11,89,37,23,50,30
chr11:9615221-9615353,76,0,16,16,0,46,7,20
chr11:9618010-9618275,29,0,23,52,0,0,23,43
chr11:9619801-9620000,30,0,23,19,0,0,40,8
chr11:10297783-10299000,116,362,750,151,113,192,185,214
chr11:10299201-10299600,47,37,77,11,18,36,31,122
chr11:10301735-10302070,33,132,136,13,41,116,19,79
chr11:10911002-10915200,1236,459,482,905,1613,631,1012,994
chr11:10916704-10921200,167,7,166,334,123,195,153,163
chr11:10924602-10928399,34,49,0,118,20,37,47,110
chr11:10940802-10943400,42,0,0,0,0,30,16,22
chr11:11231200-11232800,86,26,0,21,0,0,31,23
chr11:11635801-11637200,89,0,0,13,23,0,34,2
chr11:12547401-12548600,75,99,28,47,72,0,29,40
chr11:12552640-12553400,19,0,0,21,20,0,15,0
chr11:12555801-12558199,104,137,106,103,141,0,148,45
chr11:13013282-13013480,17,65,48,47,10,0,34,21
chr11:13015801-13016200,0,81,0,19,14,0,5,3
chr11:14368801-14369999,26,0,26,61,67,0,44,17
chr11:14370801-14371400,0,15,20,31,0,0,0,25
chr11:14373602-14375600,235,257,203,91,41,0,140,133
chr11:14376802-14377799,91,32,85,36,41,0,0,21
chr11:14386402-14387999,14,0,0,85,19,25,16,0
chr11:14407202-14418399,167,128,457,483,230,332,173,65
chr11:14435601-14436400,0,0,0,50,29,0,28,60
chr11:14437601-14437800,46,21,0,23,0,47,106,0
chr11:14438801-14440000,112,123,202,179,120,90,298,0
chr11:14894001-14899800,1187,1231,2743,304,1512,1469,1975,1196
chr11:18191201-18192000,0,16,0,0,12,11,3,0
chr11:18368002-18370000,95,94,115,169,79,91,26,84
chr11:18410277-18411000,0,24,0,6,9,0,0,31
chr11:18527602-18528017,16,55,28,0,53,0,40,90
chr11:18657601-18657800,0,76,14,0,33,20,9,22
chr11:18666601-18670399,0,148,0,6,15,0,0,16
chr11:19349202-19350200,35,24,48,9,20,0,0,0
chr11:23111602-23113799,55,0,0,26,0,30,38,0
chr11:23880000-23880200,9,12,0,0,31,0,7,11
chr11:26991602-26993000,50,169,54,81,136,299,15,10
chr11:27011601-27014490,99,70,0,26,0,0,26,0
chr11:27293801-27295199,20,0,0,5,17,30,17,0
chr11:27328401-27329801,16,0,12,40,0,0,91,36
chr11:28529038-28530036,200,0,55,38,56,9,104,69
chr11:28632102-28632999,17,11,0,31,17,0,6,0
chr11:30341801-30344999,43,193,77,81,61,31,56,106
chr11:30345879-30346715,72,0,28,19,20,0,15,43
chr11:30363801-30365400,105,175,80,150,386,57,77,257
chr11:30365801-30366000,22,12,0,8,21,30,20,22
chr11:30371001-30371200,0,0,17,14,10,0,14,0
chr11:32108669-32110141,0,0,27,24,20,26,89,0
chr11:33253801-33254600,0,7,0,0,18,0,5,16
chr11:35029002-35037999,40,29,0,53,49,0,37,26
chr11:35051372-35051674,55,0,29,28,0,0,10,0
chr11:35056302-35060600,237,0,0,378,29,25,84,18
chr11:35061648-35069600,237,25,73,208,54,299,123,150
chr11:35073601-35074200,22,0,16,5,0,0,3,0
chr11:35105202-35112645,0,24,0,6,20,0,46,0
chr11:35118801-35119600,0,0,0,13,18,0,43,11
chr11:35130801-35131800,0,0,0,12,72,5,4,1
chr11:35839400-35840201,17,0,0,12,20,0,14,18
chr11:35888802-35889800,65,137,0,0,61,0,0,21
chr11:36239402-36242000,0,0,0,35,60,0,24,15
chr11:36247401-36250399,13,49,0,12,12,29,15,0
chr11:36252757-36254199,0,21,0,0,0,59,59,16
chr11:36466601-36467600,215,169,129,66,69,29,153,55
chr11:36467801-36468400,161,49,0,65,0,0,121,49
chr11:36469200-36469401,0,34,41,34,29,0,43,88
chr11:36469800-36471200,192,173,163,135,57,91,153,160
chr11:36478601-36478801,3,23,0,29,44,27,86,52
chr11:44029201-44034000,28,0,0,12,0,0,24,20
chr11:44625905-44626056,0,41,14,4,10,0,0,0
chr11:44631801-44639400,124,471,592,25,62,90,117,253
chr11:44965990-44966341,0,31,0,0,10,0,15,11
chr11:45773401-45774000,0,4,14,0,10,0,14,0
chr11:46597147-46598199,162,116,84,116,28,29,296,278
chr11:46600001-46600200,11,24,63,47,16,0,25,24
chr11:46600291-46601000,0,31,68,45,16,0,153,110
chr11:46601181-46601600,61,174,227,67,47,56,140,176
chr11:47186973-47187333,10,31,20,14,1,0,39,0
chr11:47454105-47454862,28,47,78,132,0,22,18,89
chr11:47599201-47600200,615,223,300,551,813,33,212,360
chr11:47606200-47606600,466,461,393,319,381,100,98,356
chr11:47606665-47608799,1914,1579,1707,1553,1676,321,563,2096
chr11:47611001-47613000,714,607,619,954,463,102,196,368
chr11:57155001-57157799,58,0,0,90,38,27,34,16
chr11:57162601-57163639,0,0,28,14,21,0,11,0
chr11:57195602-57197200,16,0,0,24,0,0,69,39
chr11:57202201-57208199,80,0,33,111,24,95,55,156
chr11:57216402-57217999,19,0,0,83,17,0,100,0
chr11:57218601-57220199,0,0,14,100,0,31,41,20
chr11:57221401-57223200,40,0,0,150,0,24,83,0
chr11:57240202-57243599,0,0,0,63,41,53,31,39
chr11:57292402-57296638,25,152,39,186,23,109,26,61
chr11:57429602-57436799,86,317,333,36,39,85,59,83
chr11:57437601-57438599,67,60,70,0,0,0,0,23
chr11:57439001-57440199,0,86,42,20,19,0,14,47
chr11:57440796-57442600,21,100,13,33,19,0,0,0
chr11:57444002-57446600,0,25,57,39,35,0,0,0
chr11:57453401-57453801,13,136,30,0,0,0,6,16
chr11:57536602-57537799,30,0,55,37,78,0,45,163
chr11:57569350-57569577,0,0,5,0,22,0,14,30
chr11:57629401-57629600,16,145,165,30,36,52,43,58
chr11:58494601-58495000,36,0,0,14,35,3,13,40
chr11:58512801-58513801,20,0,0,12,0,0,31,21
chr11:58629202-58630238,23,149,125,19,18,30,30,63
chr11:58633001-58633600,17,24,8,11,0,0,0,0
chr11:59697802-59699399,4,7,0,0,72,3,11,76
chr11:60157401-60158000,28,0,0,5,18,2,0,7
chr11:60165402-60167800,580,297,0,46,457,313,171,536
chr11:60878201-60879400,0,13,13,13,0,0,23,22
chr11:61021722-61022027,0,0,28,34,10,0,10,0
chr11:61031601-61032199,34,18,6,38,88,0,15,22
chr11:61401201-61401400,0,0,0,3,7,0,12,22
chr11:61584801-61585999,59,0,0,44,21,57,0,20
chr11:61971288-61972279,0,19,27,80,1,0,0,21
chr11:61972518-61973043,55,24,0,43,25,0,15,19
chr11:61978809-61978941,18,0,0,10,0,9,3,20
chr11:61980581-61983800,115,0,0,212,106,31,39,28
chr11:61985401-61986480,112,0,28,73,32,0,39,21
chr11:61999001-61999600,59,24,27,67,13,29,93,83
chr11:62396661-62396939,32,38,0,0,0,12,11,10
chr11:62674399-62674733,0,37,0,34,12,12,37,55
chr11:63518202-63519199,481,309,536,224,205,300,387,613
chr11:63520834-63520936,21,28,100,14,38,0,72,89
chr11:63521801-63522200,401,191,300,31,213,82,216,127
chr11:63567048-63567643,1318,13220,6078,1021,686,2942,5003,1830
chr11:63778601-63779600,56,194,0,90,20,0,21,65
chr11:63802317-63804999,32,0,0,104,10,0,0,27
chr11:63919820-63920435,22,22,46,7,0,21,0,22
chr11:63960602-63962999,46,11,0,121,181,0,91,87
chr11:64169801-64170000,8,12,35,57,102,0,103,30
chr11:64176801-64177000,125,7,72,85,69,55,79,76
chr11:64177801-64178800,82,98,120,106,163,98,252,197
chr11:64983801-64985399,4,15,0,0,10,0,8,0
chr11:65384513-65384674,5,6,13,0,4,4,0,1
chr11:65453269-65453530,70,0,96,0,9,5,0,0
chr11:65467403-65467701,24,0,0,11,22,0,23,3
chr11:65471446-65471639,0,0,14,23,0,15,4,0
chr11:65477165-65477832,20,0,0,38,8,6,94,22
chr11:65492459-65493380,16,48,0,65,0,0,2,22
chr11:65494516-65494858,0,49,0,25,20,24,0,11
chr11:65496213-65497133,0,75,0,8,56,105,40,6
chr11:65566019-65566345,141,59,14,36,138,0,298,138
chr11:65652326-65652873,81,142,79,59,112,221,62,102
chr11:65743405-65744903,60,68,13,150,74,0,29,0
chr11:65802401-65804000,0,49,56,0,8,9,0,11
chr11:65814229-65814497,27,24,0,48,75,0,78,55
chr11:65814585-65815041,75,0,78,32,15,18,43,78
chr11:65815717-65815797,0,12,0,3,11,0,25,32
chr11:65889321-65889791,17,10,5,2,64,0,20,33
chr11:65981801-65982400,18,24,0,47,0,0,37,0
chr11:65985401-65987400,0,58,55,28,68,51,99,87
chr11:66252401-66252600,0,44,0,3,17,12,0,0
chr11:66308801-66309999,157,133,26,21,31,173,54,57
chr11:66321601-66323400,13,23,0,3,0,78,7,0
chr11:66418071-66418431,0,23,0,201,10,0,39,25
chr11:66419671-66420001,2,2,0,29,13,0,1,42
chr11:66606802-66610999,451,1062,1043,1065,881,365,482,652
chr11:66611601-66613600,325,686,512,490,398,320,476,473
chr11:66739389-66740999,91,0,0,38,19,0,58,0
chr11:66743291-66743727,176,104,333,242,104,156,87,126
chr11:66961201-66965799,13,75,0,19,31,18,28,6
chr11:66966001-66973400,11,0,0,12,50,87,61,32
chr11:67098802-67101000,124,0,0,14,99,30,13,111
chr11:67102602-67104400,5,0,23,51,27,0,0,10
chr11:67110801-67111801,2,32,14,88,243,39,61,77
chr11:67591201-67593999,12,0,0,37,19,27,0,0
chr11:67620852-67620878,11,0,11,10,0,8,11,13
chr11:68308001-68308600,0,24,28,11,10,22,0,0
chr11:68309455-68310236,11,11,113,9,0,0,0,15
chr11:68945750-68947200,41,194,43,160,97,17,97,21
chr11:68962202-68964200,23,91,11,98,0,0,0,0
chr11:68965601-68966200,0,24,0,12,0,0,14,45
chr11:68966401-68967000,51,95,27,92,0,0,0,48
chr11:69022001-69022800,22,0,28,2,20,0,28,22
chr11:69030382-69030640,0,0,27,16,0,55,0,38
chr11:69034601-69036400,32,17,26,50,19,99,74,94
chr11:69037201-69042399,101,76,250,193,99,92,317,513
chr11:69043401-69045400,14,29,55,40,24,59,0,14
chr11:69173201-69175000,40,0,0,178,19,0,14,65
chr11:69249791-69253465,38,0,0,12,80,0,0,42
chr11:69373802-69378200,65,0,0,33,0,0,154,19
chr11:69449829-69450016,41,0,15,36,0,23,0,16
chr11:69637756-69638605,27,77,118,12,139,50,88,41
chr11:69638752-69639704,0,12,99,0,31,0,158,22
chr11:70029201-70030000,0,0,14,67,20,0,15,0
chr11:70208201-70208600,11,86,81,82,111,135,146,99
chr11:70209801-70210862,69,143,35,102,74,206,175,132
chr11:70230800-70231800,0,14,0,12,0,0,16,66
chr11:70242801-70245599,20,64,10,23,15,60,394,191
chr11:71543001-71545200,82,93,36,57,81,43,56,86
chr11:71546092-71546444,31,39,49,19,66,31,126,49
chr11:71551201-71552600,14,25,0,39,63,0,28,22
chr11:71655401-71657200,21,11,0,16,0,0,14,0
chr11:72553401-72553600,43,49,0,29,0,18,0,0
chr11:72553739-72554200,15,61,0,64,97,0,0,44
chr11:72558201-72558400,36,22,24,28,10,0,6,10
chr11:72564201-72565000,81,116,28,206,50,15,47,91
chr11:72574802-72575200,863,1967,1504,1030,777,2630,788,685
chr11:72575401-72575600,394,799,715,549,282,799,326,256
chr11:72680602-72682400,53,91,46,71,51,121,89,70
chr11:73371802-73373399,16,135,29,108,0,60,1,23
chr11:73398802-73399799,62,0,155,78,41,108,65,26
chr11:73783401-73785399,0,0,0,25,19,27,16,23
chr11:73866001-73867399,69,0,127,195,21,44,91,87
chr11:73868601-73870000,148,265,215,212,155,38,162,288
chr11:74694600-74695200,0,0,20,19,20,0,23,0
chr11:74979601-74981400,352,1546,1883,735,266,256,227,332
chr11:75020201-75020600,44,0,0,58,131,57,144,109
chr11:75022202-75024000,21,0,0,7,19,0,29,0
chr11:75029801-75032622,33,23,0,64,54,0,32,110
chr11:75035602-75036800,0,49,0,3,8,0,106,24
chr11:75432601-75433400,22,22,0,6,0,0,14,0
chr11:75528401-75528800,59,0,0,37,0,30,29,40
chr11:75574201-75574800,261,783,667,219,136,188,115,114
chr11:75575201-75578199,188,832,884,314,53,29,74,156
chr11:76155401-76156000,17,86,0,11,19,0,47,21
chr11:76176002-76177000,19,0,0,6,20,29,0,92
chr11:76218601-76219200,22,0,51,35,48,0,8,88
chr11:76224202-76226000,21,0,26,0,0,0,14,44
chr11:76559602-76562199,221,475,192,206,156,61,295,298
chr11:76601601-76606800,7,0,0,43,0,0,10,45
chr11:76643601-76644400,0,24,0,54,20,0,31,17
chr11:76649801-76650400,11,57,0,74,45,0,74,20
chr11:76752002-76754199,65,32,28,18,39,30,15,0
chr11:76756201-76756800,42,0,0,21,31,0,11,21
chr11:76799488-76799602,93,405,174,29,76,58,116,37
chr11:76819601-76820999,39,244,57,13,545,174,44,87
chr11:77499201-77503999,21,0,0,24,19,0,0,20
chr11:77504801-77507399,0,0,72,32,7,30,16,45
chr11:78080659-78081282,45,24,0,9,31,90,7,37
chr11:82818400-82818800,84,81,92,90,91,64,82,6
chr11:85643201-85643800,0,0,51,70,59,0,0,19
chr11:85821402-85829199,34,25,0,85,203,46,137,135
chr11:85843802-85845600,75,0,56,83,56,3,134,44
chr11:85937602-85938800,78,76,111,74,52,30,45,22
chr11:85953400-85954400,816,2526,3017,1141,524,443,507,904
chr11:86071601-86072399,22,108,203,69,41,96,58,128
chr11:86077201-86078600,20,48,0,0,0,44,7,0
chr11:86280001-86280400,56,24,74,95,51,69,55,72
chr11:86286802-86288000,478,697,380,539,752,412,1169,881
chr11:86288602-86290000,43,57,23,58,111,0,53,46
chr11:86291601-86292350,75,71,23,43,82,0,81,21
chr11:86361000-86361400,0,0,0,10,8,64,42,0
chr11:86370802-86371799,0,0,0,38,36,29,10,0
chr11:86675802-86679599,22,0,0,616,41,30,78,82
chr11:86686802-86689800,107,0,0,390,131,0,27,174
chr11:86691802-86697399,25,36,0,729,307,55,162,130
chr11:86698401-86700000,23,0,0,277,0,6,51,104
chr11:86715601-86715801,6,0,14,78,134,0,129,82
chr11:86717602-86722399,200,47,0,953,750,256,422,446
chr11:86722486-86722722,1,0,0,26,8,0,16,39
chr11:86769201-86769800,22,0,0,41,65,0,55,21
chr11:86784001-86786200,0,0,0,26,21,30,0,76
chr11:87346274-87346661,16,51,0,16,39,9,96,0
chr11:87347801-87348200,35,30,0,52,138,60,214,48
chr11:87366402-87370399,0,0,29,37,10,47,0,0
chr11:87396601-87398400,0,23,26,35,0,0,20,0
chr11:88188201-88189000,0,0,124,6,39,0,15,0
chr11:88208602-88209400,23,16,606,0,20,0,15,9
chr11:88281401-88282400,22,0,0,44,41,120,61,18
chr11:88282601-88284401,78,158,123,120,91,74,203,141
chr11:88284600-88285800,104,151,20,42,31,85,120,101
chr11:88341601-88343599,20,0,0,43,0,118,103,0
chr11:88344001-88346400,143,0,4,54,36,90,116,66
chr11:88348822-88349600,0,12,0,6,0,0,10,11
chr11:88352002-88358799,162,0,25,149,37,26,196,69
chr11:88362601-88364600,80,0,29,50,21,11,12,0
chr11:88375201-88376800,0,0,0,87,30,0,86,60
chr11:88378401-88379000,22,0,27,67,79,14,13,6
chr11:88383402-88385199,18,0,0,69,61,60,57,62
chr11:88391801-88393000,41,25,0,60,62,30,94,0
chr11:88397602-88399599,331,0,25,70,79,371,266,290
chr11:88401402-88406400,216,24,74,203,418,89,403,399
chr11:88410011-88411999,484,25,114,262,286,291,601,531
chr11:88420055-88420390,5,0,0,31,40,59,178,21
chr11:93079601-93083000,0,72,195,0,41,0,31,0
chr11:93115202-93118999,0,62,63,9,20,0,0,33
chr11:94117601-94118201,22,33,83,23,0,0,0,23
chr11:94119201-94119600,5,0,0,8,0,0,12,30
chr11:94120002-94121422,33,25,13,38,0,0,0,22
chr11:94412201-94412400,36,49,56,30,56,14,25,0
chr11:94539401-94540000,15,16,0,0,13,0,7,0
chr11:95065540-95065622,0,8,14,3,10,0,0,6
chr11:95074201-95077399,23,0,71,21,21,0,16,46
chr11:95080602-95086200,133,210,166,180,0,44,133,0
chr11:95140201-95140400,0,13,0,6,0,21,7,44
chr11:95141001-95141200,9,33,0,0,18,0,40,11
chr11:95149624-95149971,13,39,0,0,0,15,19,0
chr11:95247402-95250400,44,24,27,73,20,0,27,0
chr11:95278801-95284400,0,45,0,52,61,0,11,8
chr11:95305401-95309200,22,24,0,80,99,75,94,0
chr11:95318002-95319799,21,23,0,12,0,0,0,18
chr11:101253445-101253822,0,0,25,15,0,120,25,0
chr11:101440802-101447399,256,107,61,228,262,613,252,172
chr11:102085752-102086625,66,0,27,93,67,0,14,73
chr11:102345783-102346248,36,25,0,44,21,0,7,10
chr11:102382002-102387000,321,261,83,1158,391,227,196,181
chr11:102390202-102391400,80,23,0,267,52,128,0,0
chr11:102392201-102392800,22,19,0,129,0,0,14,0
chr11:103527602-103533799,0,40,57,31,0,49,12,18
chr11:103585802-103590199,0,158,106,63,0,17,45,44
chr11:103591201-103592400,39,23,0,31,0,154,28,0
chr11:103608402-103610799,0,74,26,22,0,0,14,0
chr11:103622401-103628999,19,75,24,11,18,235,6,38
chr11:103673401-103674800,0,306,288,40,147,570,276,185
chr11:104771402-104773599,0,68,0,22,33,0,6,0
chr11:104879601-104881200,83,13,0,60,37,91,0,0
chr11:106049801-106050000,51,9,0,17,1,0,30,19
chr11:107302000-107302400,7,81,0,95,16,0,53,33
chr11:107318395-107318698,88,161,70,188,230,120,89,143
chr11:107967201-107968000,338,44,120,31,564,190,762,792
chr11:108153889-108154285,60,208,177,180,121,162,202,126
chr11:108501200-108501400,18,10,40,116,29,29,38,82
chr11:108501601-108501800,16,45,0,63,75,21,39,22
chr11:108964602-108967999,20,22,0,11,41,0,0,0
chr11:110471001-110475000,83,26,44,247,38,118,91,133
chr11:110476002-110482000,161,49,133,228,82,35,117,34
chr11:110488202-110495399,43,94,26,12,19,28,59,52
chr11:110496202-110499200,26,24,27,0,102,0,46,69
chr11:111330001-111331200,0,45,0,16,21,47,0,0
chr11:111565001-111565201,40,17,41,28,4,0,36,0
chr11:111584202-111587600,10,22,0,43,0,26,0,0
chr11:111886801-111887200,0,12,0,27,0,0,10,22
chr11:112364201-112365800,1905,786,314,848,1587,392,1912,911
chr11:113401600-113402400,10,1,0,0,51,6,15,0
chr11:113667979-113668921,11,180,13,122,51,31,50,21
chr11:113669400-113670401,22,75,42,66,34,0,40,21
chr11:113673002-113676399,30,99,56,74,116,20,161,108
chr11:113681200-113683400,39,25,142,182,15,0,47,22
chr11:113685402-113686599,17,74,20,25,0,173,31,10
chr11:113721677-113722600,17,0,56,57,20,54,31,44
chr11:113723401-113723600,0,0,0,39,10,0,10,15
chr11:113725402-113732200,60,144,25,713,111,215,70,69
chr11:114455201-114456000,0,0,7,73,75,44,38,18
chr11:114484001-114484200,1,0,0,35,0,1,6,1
chr11:114565801-114567200,85,0,25,61,0,0,65,0
chr11:115883601-115884400,0,0,56,8,87,25,0,0
chr11:115980002-115981400,18,0,0,0,21,30,14,0
chr11:116112601-116113200,22,24,0,35,0,29,15,0
chr11:116132001-116133600,0,0,0,12,30,0,16,23
chr11:116162002-116163599,11,0,0,21,10,0,26,0
chr11:116232201-116233000,0,0,0,26,31,39,25,8
chr11:117977435-117977649,49,0,4,6,34,32,34,22
chr11:117979170-117979578,56,19,0,5,20,29,0,66
chr11:117979664-117980377,18,18,0,11,37,29,31,61
chr11:117981414-117981601,22,0,0,6,13,0,0,14
chr11:118128201-118130800,34,0,28,10,0,15,0,0
chr11:118274002-118278599,0,0,17,19,18,0,38,86
chr11:118828201-118830000,0,8,0,12,7,0,7,10
chr11:118843801-118844000,11,12,0,22,9,0,0,10
chr11:118845002-118847799,0,0,36,125,42,0,11,4
chr11:118851968-118852800,12,24,0,85,0,0,23,0
chr11:118860001-118860600,7,0,0,32,4,0,5,0
chr11:118872428-118872707,5,24,0,227,10,0,0,0
chr11:118987601-118989000,73,0,0,42,67,85,31,67
chr11:118992401-118992800,34,0,31,62,110,55,135,99
chr11:119062602-119064599,226,110,185,292,183,138,504,229
chr11:119530801-119532000,5,5,0,3,6,0,0,8
chr11:119578401-119581400,542,39,27,322,275,11,167,623
chr11:119584252-119584722,22,0,0,7,25,0,12,8
chr11:119589401-119592200,41,0,25,11,42,0,14,0
chr11:119594001-119597000,22,19,44,20,20,0,24,0
chr11:120208655-120209094,23,0,28,13,8,0,0,0
chr11:120233801-120234000,51,30,28,100,72,45,0,11
chr11:124079771-124080072,11,0,0,26,38,0,66,46
chr11:124080445-124081103,42,27,0,56,20,67,71,22
chr11:124902001-124902400,0,0,0,23,19,10,43,0
chr11:124942401-124944400,301,0,59,231,315,447,194,43
chr11:124946401-124947600,25,0,0,13,21,30,45,0
chr11:125055200-125055801,327,0,0,10,23,0,61,0
chr11:125435201-125436400,62,0,113,107,107,0,27,62
chr11:126129602-126131199,117,26,136,74,32,0,104,0
chr11:126131601-126141999,404,84,463,580,171,288,570,135
chr11:126185201-126185400,0,0,32,17,6,15,0,22
chr11:126186001-126187201,177,64,80,24,163,118,49,151
chr11:126187801-126188000,6,0,8,2,18,0,7,10
chr11:126188157-126189985,10,86,57,24,20,0,0,42
chr11:128304817-128305386,0,0,28,6,69,59,0,47
chr11:128610988-128611377,21,0,0,8,31,0,8,0
chr11:129280027-129280669,23,13,99,11,14,30,31,65
chr11:129861750-129862238,504,473,449,292,389,297,648,255
chr11:130063601-130065600,8,13,0,6,10,0,0,0
chr11:130521201-130524400,90,167,89,64,43,88,62,102
chr11:130525801-130526200,0,0,17,9,63,29,23,18
chr11:130527001-130529599,19,72,28,48,171,324,121,400
chr11:130530001-130530200,30,0,28,19,3,0,7,20
chr11:130531601-130531800,0,3,26,12,0,0,12,0
chr11:130532001-130532400,0,40,0,16,10,213,42,34
chr11:130532801-130534200,41,160,41,50,142,74,108,170
chr11:130549329-130552600,102,0,0,63,4,297,270,66
chr11:130552801-130553401,0,0,0,12,25,0,18,24
chr11:130554001-130556000,71,13,3,32,71,193,178,81
chr11:130579802-130582600,0,50,10,0,0,0,14,16
chr11:130583802-130586399,0,0,0,19,24,30,16,0
chr11:130598802-130603399,54,0,0,19,31,54,14,66
chr11:130606034-130618000,178,312,266,151,279,284,321,226
chr11:130623402-130624799,14,25,0,13,0,27,28,6
chr11:130633202-130638599,0,0,0,31,0,64,39,47
chr11:130645401-130651599,46,0,23,62,17,85,89,108
chr11:130652590-130655399,83,0,0,30,19,0,0,16
chr11:130718602-130722199,21,0,53,24,39,0,14,20
chr11:130725402-130727599,233,68,0,37,500,309,138,290
chr11:130825001-130828599,59,0,26,0,19,0,22,20
chr11:130872001-130874740,4192,7621,6049,5202,3501,3476,3264,2443
chr10:133347-133726,0,0,75,12,9,0,35,17
chr10:269201-270200,0,0,27,60,20,0,15,0
chr10:968401-968600,4,12,14,33,56,20,49,0
chr10:3052201-3052400,9,16,0,31,7,0,0,0
chr10:3056202-3057599,20,25,0,48,0,0,15,0
chr10:3406616-3407000,0,0,0,6,11,0,29,9
chr10:3407201-3407400,5,0,24,0,0,43,0,5
chr10:3525402-3530799,48,0,0,50,0,0,44,101
chr10:3859401-3863799,46,0,0,0,12,26,13,89
chr10:3942674-3943371,0,36,0,42,52,35,41,0
chr10:3948967-3949202,15,0,0,85,41,0,23,25
chr10:4094401-4095400,41,13,0,23,0,29,0,0
chr10:4107201-4110199,0,0,0,50,32,0,15,21
chr10:4121569-4122303,0,0,6,6,3,0,7,0
chr10:4195200-4195800,32,0,0,32,8,29,0,0
chr10:4196201-4197600,23,25,0,11,0,110,23,0
chr10:4253402-4255799,78,62,0,154,88,61,14,0
chr10:4639801-4640600,0,0,0,12,40,87,0,19
chr10:4646002-4648199,0,25,0,16,15,30,0,0
chr10:4848673-4848867,9,13,8,27,19,37,17,0
chr10:4849675-4849981,0,31,0,4,64,29,7,48
chr10:4851801-4852800,17,220,51,91,138,77,70,0
chr10:4853512-4853546,5,2,0,7,12,0,6,4
chr10:4865801-4868799,67,0,0,314,102,0,9,21
chr10:4902445-4903800,20,0,0,0,55,0,14,66
chr10:4939002-4949000,1255,686,296,1945,590,316,2163,900
chr10:4949324-4949719,49,65,53,38,28,0,10,19
chr10:4951201-4951400,36,1,0,40,0,24,15,0
chr10:4951601-4951800,30,15,37,38,10,0,2,23
chr10:4952201-4952600,0,120,0,65,30,26,33,0
chr10:4956401-4958199,997,1416,327,582,651,249,942,729
chr10:5032802-5034000,14,29,0,29,39,90,52,10
chr10:5116601-5117000,254,0,0,78,58,20,532,237
chr10:5146924-5149000,31,0,46,26,54,0,98,33
chr10:5291681-5292249,0,0,0,5,0,117,18,9
chr10:5461001-5463200,0,46,0,48,15,0,13,22
chr10:5475002-5481799,0,0,12,0,0,26,7,29
chr10:5485001-5485400,0,0,0,12,17,40,452,267
chr10:5530401-5540399,14,0,0,0,41,19,279,87
chr10:5558202-5561199,0,0,0,7,24,89,24,0
chr10:6001401-6002000,0,12,14,33,0,57,15,16
chr10:6119201-6119801,0,0,0,31,9,29,47,0
chr10:6120001-6120401,7,0,14,12,0,30,30,0
chr10:6120601-6121599,20,35,0,10,113,47,66,23
chr10:6128880-6129234,37,28,0,34,87,342,43,222
chr10:6133201-6133400,6,0,12,0,0,54,4,28
chr10:6133601-6133800,0,14,0,37,30,152,15,11
chr10:6136364-6136583,0,18,0,27,39,54,6,24
chr10:6137801-6138200,0,95,52,51,17,22,47,48
chr10:6141274-6141559,53,484,78,37,125,263,292,476
chr10:6141590-6141822,0,26,2,0,5,21,7,29
chr10:6260401-6260600,23,0,0,3,20,41,0,25
chr10:6265601-6266200,0,35,0,47,87,15,20,57
chr10:6365001-6366999,44,35,0,27,38,0,16,0
chr10:6381001-6387599,236,75,0,245,407,0,68,134
chr10:6396654-6397047,93,0,0,24,66,0,7,22
chr10:6398489-6398690,44,25,28,13,38,0,8,25
chr10:6400087-6400115,3,0,0,0,12,0,6,4
chr10:6401446-6401750,7,15,0,14,79,0,7,11
chr10:6406201-6406600,63,67,0,39,258,0,38,140
chr10:6418001-6418600,0,11,0,41,31,90,0,21
chr10:7547240-7548400,246,0,4,599,165,2,90,133
chr10:7550031-7550587,0,9,0,53,9,0,0,87
chr10:7551402-7552999,57,109,8,25,21,0,0,0
chr10:8136202-8138999,37,0,0,26,11,27,31,40
chr10:8369401-8370599,0,0,0,13,8,28,0,6
chr10:10797222-10797610,5,0,0,0,5,59,0,28
chr10:11667201-11670199,31,24,27,0,0,0,0,21
chr10:11672201-11675200,22,0,0,12,4,0,6,21
chr10:11695401-11700600,23,33,19,39,0,51,32,113
chr10:11707401-11714399,20,22,142,0,0,0,14,81
chr10:11796991-11800194,23,99,0,16,39,0,0,0
chr10:11897452-11899799,10,0,0,5,19,46,0,0
chr10:12123800-12124400,168,244,142,82,127,198,225,119
chr10:12839402-12840999,43,73,0,139,21,60,13,25
chr10:12842801-12843600,13,54,0,88,47,0,10,0
chr10:12843801-12844000,12,35,0,17,0,0,1,15
chr10:12844201-12846399,170,193,232,269,60,30,72,41
chr10:12847600-12848001,52,83,56,136,52,16,0,57
chr10:12848602-12850399,77,108,96,343,41,74,81,135
chr10:13146400-13147400,170,174,254,226,120,130,205,109
chr10:13268601-13269600,44,47,20,8,0,102,15,14
chr10:13276801-13277000,2,1,23,67,10,59,14,16
chr10:14505602-14509400,34,43,28,35,0,60,31,0
chr10:14872602-14873999,16,0,54,59,70,24,79,50
chr10:15013306-15014599,0,0,0,12,31,30,13,45
chr10:15182601-15183200,19,0,27,5,12,0,77,21
chr10:15184802-15190400,41,118,10,71,7,110,115,40
chr10:15775600-15776000,40,94,99,65,30,115,167,0
chr10:16583801-16584000,30,16,6,8,14,15,0,0
chr10:17132201-17133000,58,40,44,218,92,150,139,32
chr10:17134402-17135199,36,13,28,174,85,74,46,0
chr10:17204201-17204600,0,0,0,12,0,23,33,42
chr10:17208634-17208875,0,24,0,2,0,0,36,22
chr10:17212797-17213339,40,17,51,68,63,22,39,8
chr10:17802401-17803800,0,0,0,11,63,99,39,0
chr10:17805002-17807200,0,0,0,0,21,43,9,15
chr10:17918400-17918800,157,0,0,0,26,0,116,159
chr10:20332201-20333000,0,24,28,31,0,0,55,0
chr10:20629801-20632115,3,0,0,0,47,0,24,37
chr10:21488401-21489600,44,62,28,13,116,0,126,125
chr10:21510379-21511247,0,0,27,25,17,0,18,22
chr10:21746001-21747200,114,184,42,179,80,54,185,97
chr10:21749002-21752999,364,502,407,453,296,174,248,284
chr10:21753601-21753800,16,40,19,21,23,0,9,13
chr10:21754000-21754801,22,47,14,78,9,0,80,22
chr10:22245402-22248599,1108,172,456,646,886,785,612,1175
chr10:22249201-22250000,70,124,28,163,65,90,77,152
chr10:22251263-22251414,98,12,19,52,32,91,22,53
chr10:23362001-23364999,0,19,0,25,20,0,0,43
chr10:23430801-23434800,23,0,22,13,0,0,28,23
chr10:24569800-24570800,22,24,0,22,0,0,7,33
chr10:24793601-24794800,17,25,0,13,21,0,16,22
chr10:24811601-24812600,58,0,0,133,263,59,66,210
chr10:26571801-26572000,33,53,30,6,0,0,12,17
chr10:26573001-26575999,322,196,762,322,283,201,471,126
chr10:26951001-26951400,0,10,0,72,0,48,55,62
chr10:26951801-26952599,0,0,0,153,61,0,173,44
chr10:27547601-27547800,0,2,14,6,10,0,7,0
chr10:27607602-27609200,16,86,29,67,0,0,0,0
chr10:27614602-27615600,11,110,0,41,41,0,35,30
chr10:27616801-27617000,0,12,14,0,11,2,22,0
chr10:27620401-27622000,21,0,20,32,8,6,13,0
chr10:27622201-27623800,45,0,20,8,0,0,16,0
chr10:27624802-27627199,60,0,0,50,19,0,0,20
chr10:28500001-28501000,55,0,0,64,61,89,28,50
chr10:28504002-28507599,59,0,220,334,103,21,33,177
chr10:28518401-28518600,89,13,0,45,73,104,27,11
chr10:28520800-28521800,1241,1746,2042,1045,1189,935,1318,1564
chr10:28626600-28627401,22,44,0,7,0,0,25,0
chr10:28655249-28655701,61,24,83,22,19,0,39,0
chr10:29740601-29741400,0,231,0,72,0,0,65,19
chr10:29782002-29786199,62,205,109,252,230,108,26,396
chr10:29825801-29826000,0,12,2,71,0,0,0,24
chr10:29826202-29829600,0,0,12,2384,60,0,116,1323
chr10:29946201-29952399,46,951,161,47,314,147,102,54
chr10:29957402-29958854,0,0,0,34,41,57,0,40
chr10:29993001-29993600,0,58,14,0,15,0,0,23
chr10:30124001-30125400,0,50,2,50,42,180,21,0
chr10:30127001-30127672,37,49,0,0,0,0,2,66
chr10:30170601-30171401,0,0,50,12,19,22,11,22
chr10:30230802-30231999,0,19,42,12,0,0,13,22
chr10:30394802-30400199,64,17,30,31,59,21,16,31
chr10:30411201-30425000,164,22,51,221,94,27,85,20
chr10:30431474-30431713,34,0,56,35,0,0,18,198
chr10:30462402-30464800,0,50,44,34,0,14,0,0
chr10:30753602-30756115,45,0,0,19,20,89,0,3
chr10:30788001-30789200,23,0,8,12,0,133,13,0
chr10:30790802-30792999,46,0,28,26,0,0,15,44
chr10:30803080-30805999,615,0,54,133,168,167,126,360
chr10:30806202-30807599,321,0,0,107,182,199,108,123
chr10:30810602-30814999,1281,0,57,319,277,313,168,300
chr10:31594401-31595200,0,0,0,16,10,53,4,17
chr10:31599001-31601800,175,0,25,9,115,88,168,235
chr10:31728801-31729600,22,19,0,25,0,15,9,0
chr10:31758975-31759446,604,118,273,663,177,180,335,244
chr10:31759498-31759849,200,0,139,167,37,66,105,68
chr10:31759944-31760497,119,19,92,140,22,75,109,80
chr10:31929401-31929617,10,0,0,26,50,47,0,58
chr10:31999002-32005542,175,171,169,237,62,0,148,180
chr10:32891601-32892401,357,771,410,344,56,334,232,114
chr10:32893201-32894000,267,445,83,159,189,381,266,131
chr10:33085802-33089199,20,0,138,135,0,0,56,64
chr10:33134061-33134848,88,12,18,75,30,0,2,44
chr10:33339601-33339800,113,0,0,0,47,52,13,22
chr10:33376202-33378800,23,0,0,26,35,0,13,45
chr10:33381002-33384199,23,15,142,113,548,0,36,79
chr10:33857802-33863799,26,0,33,76,296,142,204,26
chr10:33876001-33878000,23,0,0,25,41,146,43,26
chr10:34822001-34822666,22,6,0,15,36,0,0,21
chr10:34991740-34992723,0,0,0,10,41,0,13,27
chr10:34993802-34998999,23,42,28,123,157,61,166,128
chr10:35004512-35007999,36,39,0,118,19,0,61,20
chr10:35573802-35576199,0,23,0,158,0,0,42,10
chr10:35659601-35659800,0,0,27,31,0,0,40,15
chr10:35663801-35665400,169,180,29,173,173,120,236,58
chr10:37736747-37737120,14,35,9,0,0,0,0,44
chr10:37860401-37861399,99,158,27,202,143,71,116,101
chr10:37865601-37866800,1,19,0,48,80,19,0,43
chr10:42757201-42757600,82,43,56,47,54,65,0,11
chr10:42758401-42758800,49,121,152,64,49,125,44,0
chr10:42777201-42777400,17,0,48,81,10,39,29,11
chr10:42779001-42779999,110,168,111,229,204,320,130,220
chr10:42781900-42782256,24,21,51,65,7,135,28,87
chr10:42875401-42876400,74,94,11,12,0,0,107,21
chr10:43409811-43410260,18,14,0,12,0,30,0,2
chr10:43413201-43414000,10,0,0,12,0,0,15,31
chr10:43425801-43428599,20,22,25,0,15,0,23,0
chr10:43690125-43690494,147,0,0,63,30,0,38,53
chr10:43697601-43700799,66,0,11,78,202,12,33,9
chr10:43702801-43703400,8,0,14,35,0,0,11,0
chr10:43707202-43709199,35,0,0,38,0,0,57,11
chr10:44280116-44281683,30,48,0,0,49,0,40,125
chr10:44311092-44311326,28,0,2,4,0,0,0,6
chr10:44316001-44317400,71,0,18,189,9,22,47,0
chr10:44324601-44326999,279,90,298,1158,230,47,186,240
chr10:44334202-44335800,59,75,56,593,155,31,24,34
chr10:44341001-44341800,22,0,0,256,20,0,14,33
chr10:44343001-44343200,20,0,0,91,60,0,78,46
chr10:44343801-44344400,17,23,0,301,107,60,69,152
chr10:44351802-44353199,56,102,267,689,253,47,121,270
chr10:44356202-44357600,37,25,85,284,40,16,43,54
chr10:44358202-44358600,45,0,0,73,0,0,23,11
chr10:44362894-44363600,46,0,0,177,7,0,10,22
chr10:44390601-44391200,118,24,4,36,40,0,9,21
chr10:44395001-44395200,6,0,39,0,15,0,0,15
chr10:44395401-44401600,407,50,138,146,425,85,173,252
chr10:44402401-44403209,138,19,28,13,72,75,46,43
chr10:44458402-44460799,39,11,26,0,101,28,12,41
chr10:44463402-44465999,77,89,28,61,192,30,45,139
chr10:45702401-45705399,712,460,561,373,810,647,568,670
chr10:46075602-46083600,0,0,0,27,21,31,8,11
chr10:46138202-46139599,66,25,28,0,82,0,27,0
chr10:46182801-46183000,11,0,0,12,9,0,29,9
chr10:46209402-46210800,23,0,0,21,17,0,52,22
chr10:46218801-46219800,0,0,16,32,30,0,15,124
chr10:46333001-46334400,1389,1118,454,1635,1739,864,1356,1124
chr10:46335401-46335800,141,114,138,77,257,131,123,95
chr10:46844601-46846400,83,23,0,12,0,0,7,0
chr10:47204602-47209399,50,101,106,81,46,76,288,229
chr10:47214601-47215199,0,30,0,10,0,55,54,10
chr10:47226001-47227000,230,295,851,329,251,494,823,524
chr10:47230201-47232000,43,58,0,54,98,24,527,222
chr10:47233001-47233400,0,0,28,16,41,0,86,43
chr10:47360001-47362401,276,50,0,36,59,23,131,0
chr10:47556801-47561000,502,123,194,302,190,49,299,280
chr10:47993202-47994799,136,0,0,13,43,0,46,0
chr10:48034401-48035799,829,413,916,1138,702,385,628,963
chr10:48036401-48037600,579,784,333,1726,1566,838,1353,993
chr10:48041593-48042199,477,268,324,736,369,223,284,214
chr10:48044801-48045200,132,79,58,307,110,102,29,42
chr10:48047201-48047800,139,344,213,940,191,131,209,144
chr10:49328801-49329800,0,0,0,70,20,15,11,10
chr10:50647401-50648000,44,6,0,50,14,0,28,57
chr10:50648801-50649400,9,20,26,60,0,20,11,40
chr10:50650401-50651000,147,49,93,65,98,23,95,78
chr10:50651402-50654911,31,57,97,160,77,145,72,61
chr10:50669402-50673399,334,169,0,250,104,87,24,249
chr10:50989000-50989201,59,12,0,152,86,142,85,54
chr10:52319018-52319416,0,16,0,10,50,0,0,11
chr10:58299201-58300029,0,23,27,49,0,80,40,10
chr10:58508201-58508601,0,24,28,40,10,0,0,100
chr10:58833601-58834617,10,0,56,22,0,0,44,0
chr10:61779402-61780885,22,48,0,3,40,58,30,10
chr10:62105001-62111800,60,0,50,57,65,0,49,0
chr10:62127801-62129000,0,0,0,13,41,0,31,22
chr10:62129801-62132800,0,0,55,50,0,29,27,39
chr10:62152273-62154000,23,36,0,0,21,0,0,30
chr10:62156201-62160000,22,18,0,32,119,0,110,38
chr10:62278001-62279199,0,0,0,11,21,30,21,43
chr10:62810304-62810598,0,2,0,12,0,5,30,0
chr10:62934201-62934625,0,0,22,15,18,60,0,0
chr10:63629275-63629879,22,0,0,12,19,59,8,11
chr10:68251000-68252001,43,22,85,25,31,0,0,13
chr10:68252201-68252600,0,24,15,9,0,0,0,22
chr10:68270801-68272000,195,262,240,276,281,121,121,120
chr10:69062330-69062684,0,22,0,30,0,60,25,0
chr10:69065629-69066373,0,23,0,69,122,26,49,10
chr10:69070838-69071007,90,47,0,35,12,0,28,17
chr10:69073917-69074273,17,21,0,19,24,0,0,0
chr10:69644417-69648199,11,129,28,22,150,0,0,148
chr10:69649801-69652599,20,22,0,0,19,0,0,48
chr10:69992129-69992476,270,49,85,71,326,26,84,142
chr10:70040819-70042600,21,0,0,21,58,28,101,0
chr10:70188001-70195800,104,382,795,197,42,46,258,158
chr10:70197002-70198199,0,25,84,99,0,0,91,0
chr10:70573601-70574000,26,19,0,0,8,0,15,0
chr10:70578499-70578732,10,0,0,17,0,0,29,14
chr10:70582602-70586799,62,27,0,14,0,0,0,42
chr10:70587802-70591799,143,26,44,0,104,0,124,272
chr10:70607201-70610800,0,0,26,36,0,0,7,20
chr10:70615402-70619399,47,26,44,74,0,0,33,23
chr10:70625402-70626999,21,0,41,45,17,31,31,18
chr10:70644801-70645600,44,0,20,6,0,0,15,0
chr10:70659001-70660001,59,0,0,0,20,0,12,21
chr10:70892802-70893800,11,0,14,12,0,0,0,21
chr10:72019601-72019800,17,31,0,7,23,0,31,0
chr10:72021002-72021800,128,14,112,0,0,147,244,40
chr10:72025201-72025600,62,22,0,0,0,120,38,11
chr10:72025802-72028921,554,474,0,13,136,271,662,176
chr10:72029402-72031799,0,0,13,24,9,0,62,20
chr10:72055001-72055400,0,0,0,10,6,4,7,0
chr10:72092401-72093400,667,637,534,686,1143,979,1060,708
chr10:72238001-72240200,463,477,253,811,625,457,450,575
chr10:72266801-72269999,0,0,0,5,17,12,9,0
chr10:72272540-72273186,0,65,52,29,29,66,32,22
chr10:72279401-72287799,50,0,0,56,0,0,26,24
chr10:72297075-72298441,20,35,0,34,0,59,43,43
chr10:72319623-72321399,0,26,0,16,4,0,47,0
chr10:72327238-72327557,11,12,18,50,0,29,0,2
chr10:72675801-72677799,17,0,29,6,0,0,4,0
chr10:73362601-73363200,326,493,1014,359,265,205,243,367
chr10:73418602-73420017,474,488,199,395,755,30,694,594
chr10:73628401-73628600,82,18,99,131,31,30,96,92
chr10:73888798-73889580,11,0,56,6,15,21,1,0
chr10:73897401-73903999,9,32,0,16,0,0,13,19
chr10:75186002-75188999,49,34,44,149,57,77,18,100
chr10:75194401-75196400,0,0,29,150,60,0,45,0
chr10:75201601-75205399,102,111,176,173,104,60,133,132
chr10:75206001-75206200,31,41,0,0,17,0,5,11
chr10:75237892-75238799,23,25,0,13,0,104,0,48
chr10:75417201-75418400,7,0,0,33,27,0,16,3
chr10:75424401-75425000,77,0,0,43,84,65,65,82
chr10:76576179-76576866,155,0,56,186,64,175,57,44
chr10:76581201-76581601,83,0,0,120,0,30,21,11
chr10:76582202-76584874,475,0,138,597,113,58,166,0
chr10:77935401-77936400,20,24,0,22,0,29,9,46
chr10:77967401-77968400,22,29,0,38,20,0,0,21
chr10:78081201-78081800,15,14,14,16,22,8,40,41
chr10:78739402-78746999,90,0,28,51,0,45,0,0
chr10:78816401-78819199,16,22,25,0,42,0,14,16
chr10:78868801-78869400,16,86,0,13,20,16,0,10
chr10:78923402-78928300,43,0,0,49,40,0,0,21
chr10:79317560-79318819,0,76,14,0,0,0,54,43
chr10:79319014-79319328,0,0,35,0,31,15,38,0
chr10:79335002-79337399,10,50,0,0,0,0,42,20
chr10:79344863-79345163,28,12,0,10,17,22,0,81
chr10:79345436-79345576,0,20,42,12,0,7,19,19
chr10:79358601-79360599,17,32,111,27,0,0,18,55
chr10:79374138-79376259,0,24,0,48,17,0,15,40
chr10:79448545-79450313,34,11,131,17,34,17,69,43
chr10:79451402-79452999,52,0,112,29,0,28,0,27
chr10:79453602-79455200,93,99,106,55,90,145,139,85
chr10:79833001-79834200,308,638,712,337,485,161,340,416
chr10:79835402-79836200,45,6,84,30,127,148,72,170
chr10:79838401-79838600,40,42,161,85,25,31,34,94
chr10:80103601-80106999,96,0,0,25,37,148,24,83
chr10:80148001-80148200,429,279,466,584,525,208,538,545
chr10:80224801-80227134,52,0,164,120,12,13,142,67
chr10:84155002-84159999,141,236,157,139,0,0,46,21
chr10:84160401-84161800,2,36,28,13,0,69,43,38
chr10:84520801-84522000,17,25,0,13,0,0,0,10
chr10:85535201-85536600,33,0,0,26,0,30,0,20
chr10:86644002-86645199,43,49,111,110,37,0,59,66
chr10:86737801-86738200,17,996,673,503,98,68,168,152
chr10:86742401-86743200,105,201,152,249,77,0,103,47
chr10:86743601-86745000,46,418,379,290,57,0,86,32
chr10:86747316-86748894,44,410,327,247,0,31,37,22
chr10:86934401-86934999,69,24,123,275,84,259,401,32
chr10:87044037-87044402,155,157,28,237,157,163,153,66
chr10:87044801-87045200,0,49,33,164,65,95,79,60
chr10:87374124-87374600,12,0,14,15,0,13,14,19
chr10:87465601-87465800,37,34,80,112,1,26,35,42
chr10:87470001-87470400,0,55,8,17,0,0,15,15
chr10:87481002-87482600,50,36,14,110,21,31,31,44
chr10:87487001-87487800,94,37,28,107,97,0,93,3
chr10:87488601-87489400,49,13,26,66,16,38,46,53
chr10:87973401-87976999,0,99,73,73,39,0,130,88
chr10:87978601-87979800,23,25,0,0,21,0,108,0
chr10:88024801-88029600,14,23,0,0,6,28,0,0
chr10:88057601-88073000,207,125,57,156,295,182,270,223
chr10:88079402-88084600,0,0,9,13,85,30,16,0
chr10:88086201-88096199,119,32,37,101,13,0,175,0
chr10:88096402-88099800,40,0,0,0,4,0,77,39
chr10:88149802-88151199,16,22,0,5,21,0,41,44
chr10:88165402-88167400,23,22,0,86,0,0,0,23
chr10:88170001-88171800,43,108,173,28,76,14,0,88
chr10:88174791-88175149,0,77,58,131,10,90,9,30
chr10:88187201-88188400,5,0,28,35,3,0,0,22
chr10:88192602-88196638,42,0,22,51,0,0,29,0
chr10:88227002-88228999,23,26,0,246,315,91,86,63
chr10:88232001-88234999,98,68,0,175,255,59,15,104
chr10:88235801-88237000,50,47,0,88,54,52,94,20
chr10:88238201-88239599,12,11,46,104,42,80,47,22
chr10:88249401-88250000,68,0,43,22,9,0,15,0
chr10:88253202-88257000,45,24,28,192,62,0,47,22
chr10:88266002-88268400,28,62,40,186,92,57,124,115
chr10:88271164-88271605,0,0,27,59,9,0,33,0
chr10:88271894-88272137,17,0,0,45,5,0,4,38
chr10:89029001-89038600,1090,125,231,397,619,95,685,627
chr10:89047373-89048000,0,0,0,27,10,0,7,32
chr10:89051401-89052800,0,25,0,13,15,0,7,22
chr10:89073601-89074600,35,0,0,25,31,59,49,42
chr10:89078609-89081000,46,23,0,58,19,47,14,132
chr10:89113402-89118799,24,0,0,54,81,85,128,7
chr10:89119602-89124800,0,0,19,35,21,0,48,0
chr10:89209401-89209600,7,37,0,17,10,0,6,0
chr10:89423401-89424000,44,112,72,101,0,52,13,25
chr10:90226401-90228400,68,45,0,0,63,0,120,148
chr10:90288001-90289799,59,0,0,10,0,0,31,10
chr10:90718400-90718600,20,0,14,10,0,0,23,56
chr10:90723002-90726199,19,36,35,62,245,50,284,334
chr10:90959601-90961999,43,11,0,81,82,0,7,0
chr10:90993320-90993644,0,12,13,0,10,0,9,0
chr10:91348601-91351999,111,16,56,31,195,0,0,19
chr10:91520202-91521999,45,73,0,63,0,24,14,33
chr10:91540454-91542788,34,0,0,84,0,0,16,20
chr10:91551602-91553399,0,0,26,86,4,46,0,15
chr10:91554402-91557600,43,0,0,46,13,0,0,79
chr10:91560401-91561600,44,0,0,30,4,59,0,0
chr10:91569201-91569801,0,0,26,23,42,0,14,0
chr10:91574602-91576599,104,13,0,187,24,31,43,0
chr10:91596002-91599399,40,0,0,227,18,47,14,19
chr10:91612402-91614999,0,0,9,338,0,61,16,86
chr10:92032402-92033999,69,96,192,339,41,145,339,197
chr10:92429402-92433199,45,24,0,35,0,15,15,0
chr10:92581201-92582400,0,11,0,0,6,0,16,20
chr10:92656601-92656800,0,17,0,16,1,0,12,1
chr10:92678001-92678800,46,62,0,198,0,25,75,38
chr10:92679401-92679600,24,0,0,43,17,15,10,0
chr10:92680401-92682000,90,7,83,441,21,31,87,227
chr10:93554202-93556800,0,0,0,10,82,0,26,86
chr10:93968479-93969000,34,19,0,0,0,15,10,0
chr10:95121801-95122600,20,60,0,25,0,0,72,0
chr10:95133200-95133400,22,0,19,22,31,0,15,11
chr10:95660315-95661400,79,140,28,121,195,70,137,105
chr10:96590401-96590600,26,45,47,30,1,13,10,0
chr10:96591601-96592599,85,231,229,152,150,59,184,374
chr10:96830733-96831080,98,117,43,144,191,30,196,131
chr10:97311201-97312000,60,0,0,0,0,14,35,42
chr10:97325801-97326200,17,126,165,12,27,0,31,33
chr10:97708802-97710399,0,0,82,96,21,0,31,62
chr10:97720201-97720400,30,0,0,84,0,15,69,0
chr10:97723002-97725400,1079,309,75,1483,1000,28,1256,163
chr10:97728801-97729400,22,0,0,38,20,0,16,0
chr10:97762402-97763999,0,75,0,39,10,31,54,0
chr10:97764202-97765666,0,153,0,26,20,211,18,0
chr10:97819802-97822799,0,49,27,12,20,29,0,21
chr10:98276401-98276600,104,0,51,28,141,1,49,11
chr10:98363600-98364000,0,22,0,0,10,0,17,11
chr10:98367201-98368600,16,0,46,39,34,24,123,10
chr10:98380401-98381201,151,37,19,67,140,30,215,54
chr10:99760800-99761401,0,18,0,50,0,0,8,6
chr10:99763201-99764000,0,0,0,8,20,42,28,41
chr10:99769402-99770400,22,24,0,10,34,0,15,0
chr10:99774601-99774800,11,0,0,25,13,12,6,0
chr10:99853401-99854200,63,0,28,4,40,31,57,102
chr10:99872401-99873001,19,49,0,19,15,0,23,0
chr10:100485298-100485928,406,309,122,159,340,363,262,369
chr10:100579201-100580000,38,24,0,55,41,0,15,0
chr10:101051602-101054600,0,4,16,25,0,0,15,0
chr10:102072712-102073400,19,24,0,19,20,0,10,56
chr10:102102401-102102800,1,0,28,13,0,41,22,9
chr10:102127601-102128599,16,0,0,108,61,0,90,87
chr10:102444201-102445600,10,0,12,5,21,0,34,16
chr10:102664401-102664600,83,18,24,65,39,0,85,74
chr10:102665801-102666800,141,166,89,341,20,0,41,164
chr10:102668689-102668890,12,0,8,5,0,0,0,4
chr10:103858401-103860799,104,50,0,42,62,23,32,45
chr10:103861001-103861801,11,24,0,10,62,0,15,39
chr10:103870002-103872999,425,808,444,880,674,1085,1017,518
chr10:103875001-103875200,149,128,78,124,50,58,73,75
chr10:103965885-103966084,3,10,0,1,0,1,46,23
chr10:104127001-104127801,137,94,62,59,32,0,61,64
chr10:104128201-104128400,38,0,0,10,0,40,23,27
chr10:104339584-104340339,0,37,63,70,0,0,3,25
chr10:105648201-105651400,57,0,0,29,0,63,33,65
chr10:105655601-105657600,8,32,0,131,0,281,0,0
chr10:105678001-105678200,16,13,40,36,16,0,0,0
chr10:105682801-105683200,16,7,0,99,41,218,33,22
chr10:109929550-109931800,23,0,0,9,9,13,46,202
chr10:110147402-110154400,31,0,0,11,38,0,0,10
chr10:110289743-110290133,0,86,11,119,40,30,65,22
chr10:110512834-110513172,0,12,0,35,0,0,7,13
chr10:110514201-110514500,0,15,16,35,15,0,1,0
chr10:110522201-110523000,54,70,86,137,25,44,106,55
chr10:110539002-110540399,18,25,80,0,38,0,30,73
chr10:110543201-110547600,184,301,228,141,120,148,177,191
chr10:111014201-111018000,891,639,979,1105,745,1060,1069,844
chr10:111102402-111103600,0,47,84,0,0,85,115,22
chr10:111128202-111131399,23,0,0,24,39,0,125,23
chr10:111136002-111138799,112,0,0,70,19,88,350,61
chr10:111475601-111476200,11,0,0,11,10,0,68,83
chr10:111506002-111508399,243,125,137,101,92,0,0,45
chr10:111998602-112000399,10,11,220,54,2,10,0,0
chr10:112095817-112096135,0,31,8,17,76,30,0,0
chr10:112132352-112132732,53,405,74,917,418,760,463,140
chr10:112140026-112142000,11,383,98,1066,35,222,408,17
chr10:112217601-112218400,155,879,207,126,214,281,630,232
chr10:112227600-112227801,3,52,1,21,7,30,44,35
chr10:112834749-112835058,22,5,0,28,57,30,18,44
chr10:112841639-112842000,0,0,31,66,46,80,0,11
chr10:112842202-112845400,368,162,83,365,223,177,122,83
chr10:112850201-112855600,718,432,621,922,1371,791,899,776
chr10:112857202-112859600,111,133,53,150,42,71,77,97
chr10:112907922-112909200,0,24,0,50,20,0,15,0
chr10:112911601-112914971,25,49,6,96,23,153,31,68
chr10:112915201-112916600,0,9,0,71,59,0,47,30
chr10:112918602-112920399,21,20,23,112,19,81,0,20
chr10:112938402-112939399,0,0,0,38,15,0,15,21
chr10:112948098-112948159,0,7,0,6,27,0,14,41
chr10:112949259-112949646,106,277,37,40,221,70,81,295
chr10:113273252-113273528,0,0,0,8,0,37,9,23
chr10:113274110-113274644,28,0,30,5,0,0,41,0
chr10:113356001-113357401,23,0,28,16,0,0,33,0
chr10:113442201-113444999,41,0,0,16,0,0,8,61
chr10:113473602-113476999,76,0,44,66,55,13,14,29
chr10:114042501-114042652,0,12,14,0,0,42,0,21
chr10:114057001-114062600,83,73,10,0,15,88,133,40
chr10:114063002-114065600,38,97,28,10,0,61,277,0
chr10:114811801-114812000,11,37,0,0,16,23,0,0
chr10:114812401-114812800,11,71,114,25,6,90,0,0
chr10:114815401-114818599,210,151,326,213,127,190,13,55
chr10:114819401-114819558,51,343,473,52,42,73,9,62
chr10:117395602-117419599,35,0,44,40,32,0,24,0
chr10:117608602-117611399,96,18,0,89,0,16,8,20
chr10:117663000-117664201,21,49,28,33,41,30,16,19
chr10:117717001-117717600,8,27,0,0,16,0,15,0
chr10:117720402-117722200,131,23,96,22,19,0,46,44
chr10:118002579-118003600,0,0,60,49,20,60,3,0
chr10:119181400-119181800,15,24,0,26,0,0,13,0
chr10:119197201-119199919,20,0,75,0,11,0,0,19
chr10:119460801-119462599,56,0,83,76,29,0,26,31
chr10:119482802-119484200,56,0,28,5,0,0,0,32
chr10:119569201-119569629,17,22,0,27,0,120,15,0
chr10:119599401-119599800,159,134,90,95,211,101,182,148
chr10:120182001-120182400,0,26,71,38,0,30,11,0
chr10:120917802-120918400,22,174,0,25,0,3,28,0
chr10:121032001-121033200,46,74,0,55,0,0,0,43
chr10:121036201-121037200,11,0,0,33,0,29,0,21
chr10:121037801-121038999,77,98,0,9,0,114,0,0
chr10:121061601-121063600,131,0,55,184,0,138,10,0
chr10:121076202-121081199,14,73,18,16,0,0,0,21
chr10:121083602-121085800,0,1009,151,199,0,187,15,86
chr10:121088401-121088601,0,19,7,9,0,37,0,0
chr10:121137201-121138601,0,25,57,50,0,30,0,0
chr10:121172401-121172600,0,68,4,24,0,17,0,0
chr10:122258401-122259400,0,0,53,111,10,0,63,0
chr10:122263802-122265200,0,25,88,120,0,0,43,44
chr10:122373718-122373881,11,12,16,6,7,9,0,0
chr10:123213001-123213400,11,0,0,7,0,0,28,11
chr10:123240801-123243199,64,19,0,127,207,194,101,83
chr10:123639002-123640999,17,68,0,42,0,0,28,23
chr10:123963892-123964048,23,25,48,7,18,0,10,11
chr10:123965048-123965335,0,28,37,25,22,2,0,58
chr10:123966801-123968119,72,75,107,24,119,59,0,38
chr10:123995400-123996166,60,24,42,59,42,60,63,86
chr10:123997417-123998219,220,115,196,61,275,130,130,180
chr10:124094178-124094224,0,0,10,0,7,29,0,4
chr10:124094482-124094691,61,0,0,21,27,111,10,92
chr10:124097601-124099000,37,0,28,31,49,91,60,56
chr10:124138179-124139164,0,24,0,0,17,0,15,21
chr10:124394600-124395401,41,0,56,25,0,0,7,32
chr10:124902602-124905000,129,172,102,30,128,52,29,177
chr10:124906402-124914000,147,161,126,160,156,60,102,309
chr10:125783979-125784426,18,0,24,8,11,39,15,40
chr10:126902200-126903400,364,39,184,257,215,123,407,394
chr10:126904429-126904823,28,96,0,78,45,86,134,94
chr10:129020601-129020800,25,0,0,4,132,15,40,19
chr10:129021201-129024399,559,0,0,35,1347,38,304,255
chr10:129834001-129834200,49,19,0,15,32,0,24,16
chr10:130127402-130129799,82,23,44,273,88,118,121,226
chr10:130135199-130135330,0,9,17,5,16,15,13,25
chr10:130185201-130185600,0,24,28,31,24,0,77,0
chr10:130193202-130194600,0,18,0,74,9,0,31,22
chr10:131962660-131962798,64,16,43,116,59,133,64,0
chr10:131992401-131993600,62,74,24,47,0,147,0,48
chr10:131994201-131994600,0,0,36,24,41,24,22,0
chr10:132004998-132005400,45,19,21,114,10,61,25,12
chr10:132006801-132007800,58,65,0,85,123,41,46,47
chr10:132008802-132012200,127,205,466,178,480,464,214,464
chr10:132015737-132016400,22,0,0,31,20,0,10,0
chr10:132429001-132430999,44,75,81,35,0,59,47,23
chr10:132432401-132432600,11,6,0,0,5,0,0,11
chr10:132458002-132460799,41,182,0,92,61,149,167,40
chr10:132477002-132479000,83,0,51,3,0,31,0,0
chr10:132488801-132489600,14,0,0,25,0,30,35,0
chr10:132492201-132499400,43,47,0,48,0,57,44,41
chr10:132527202-132528827,82,0,45,138,31,0,35,153
chr10:132532741-132533142,15,0,0,19,16,23,14,22
chr10:133012617-133013224,22,56,0,6,20,0,0,0
chr10:133235363-133235804,56,49,0,0,21,113,23,0
chr10:133259231-133259624,0,41,15,25,10,0,0,0
chr10:133378368-133378678,0,6,0,4,18,44,12,22
chr10:133437657-133439144,86,138,19,211,114,0,19,21
chr10:133441401-133443399,167,114,126,368,139,170,113,162
chr17:796601-797600,177,370,215,539,148,95,112,156
chr17:1239001-1240815,0,11,0,27,42,0,18,10
chr17:1254807-1256000,23,0,55,6,0,0,0,13
chr17:1304829-1305581,40,0,0,81,140,90,90,55
chr17:1306457-1307053,112,6,0,91,12,122,150,146
chr17:1313544-1313945,30,12,29,14,7,43,64,0
chr17:1315601-1316468,22,9,0,26,16,0,0,50
chr17:1318001-1319200,0,39,15,10,9,45,27,31
chr17:1331401-1333000,35,23,86,74,74,0,36,0
chr17:1342002-1342799,0,0,0,72,0,11,15,4
chr17:1412582-1414600,0,217,86,254,27,0,52,14
chr17:1493450-1493784,48,76,172,85,78,70,138,112
chr17:1629774-1630521,304,97,0,25,182,171,105,133
chr17:1693801-1694600,57,6,43,12,0,0,34,18
chr17:1697801-1698400,19,13,0,38,10,0,28,21
chr17:1904802-1907200,0,15,13,10,3,0,0,6
chr17:1928825-1931000,42,0,0,5,8,0,42,22
chr17:2404145-2404415,13,0,0,3,27,25,9,0
chr17:2404504-2404664,0,0,5,21,0,3,41,0
chr17:2716401-2718000,2,13,14,46,21,53,172,62
chr17:3709602-3713599,41,0,51,121,32,31,103,17
chr17:3920601-3922600,62,735,100,3545,109,0,78,348
chr17:4411377-4411800,17,0,8,0,5,0,5,0
chr17:4494401-4494600,27,1,15,57,37,0,84,61
chr17:5031689-5031923,22,35,9,2,0,14,12,7
chr17:5096918-5097237,44,0,0,7,20,38,46,8
chr17:5259783-5261048,52,24,0,73,45,0,15,99
chr17:5272201-5272800,0,37,27,38,28,0,0,81
chr17:6138202-6140199,23,42,163,59,0,7,76,0
chr17:6140801-6141200,0,21,8,15,10,0,0,0
chr17:7046744-7047128,17,0,0,13,48,0,20,22
chr17:7063002-7065000,146,0,29,50,329,170,99,87
chr17:7072201-7073000,81,0,0,0,51,30,25,0
chr17:7132596-7133125,52,0,0,25,21,30,35,43
chr17:7144202-7147400,57,0,0,5,105,57,149,353
chr17:7183686-7185000,92,98,226,183,19,85,161,85
chr17:7458401-7458600,9,0,12,13,0,0,11,9
chr17:7834929-7835418,17,0,0,34,31,0,12,32
chr17:7835467-7837296,246,283,274,255,153,112,75,124
chr17:7966401-7970916,0,22,0,0,6,0,4,13
chr17:8029000-8029601,1,48,0,1,1,2,1,0
chr17:8125755-8126176,52,0,46,27,4,30,46,17
chr17:8138614-8139165,9,35,26,64,0,0,16,76
chr17:8192156-8192682,11,143,42,32,41,0,39,29
chr17:8212516-8213303,0,15,0,15,0,0,30,11
chr17:8273763-8274600,338,204,512,490,246,84,283,223
chr17:8275346-8276223,339,385,622,276,331,113,289,244
chr17:8280801-8281600,107,49,161,119,139,0,30,31
chr17:8283802-8286800,398,798,806,441,292,172,176,496
chr17:8353601-8355200,23,0,23,39,87,0,36,23
chr17:8388401-8389800,8,20,0,37,26,13,47,36
chr17:8776201-8778800,11,25,0,2,0,0,16,0
chr17:8788402-8791200,46,0,0,92,19,0,37,20
chr17:8872001-8876199,225,130,0,0,161,191,225,518
chr17:8876984-8877381,0,12,98,0,15,0,0,89
chr17:8878201-8878400,0,30,37,0,2,0,17,36
chr17:9247001-9248000,0,0,7,52,26,0,40,21
chr17:9907726-9909199,66,221,21,0,34,64,28,45
chr17:10668601-10668801,0,36,0,6,0,6,7,10
chr17:12644001-12644801,14,19,0,307,32,60,27,0
chr17:12649801-12650400,0,24,0,153,0,0,6,21
chr17:12656401-12656800,45,0,0,58,16,60,15,12
chr17:13031401-13032599,3,0,0,9,110,26,173,59
chr17:13490602-13492799,0,0,28,7,21,0,27,22
chr17:15154401-15157800,20,99,56,25,102,26,0,0
chr17:15179202-15180799,47,26,0,25,0,0,13,6
chr17:15343601-15344201,49,0,0,12,15,15,0,20
chr17:15351187-15352999,0,2,0,0,24,0,7,10
chr17:15422601-15422800,18,0,12,7,0,15,0,12
chr17:15433125-15433483,142,70,35,16,77,29,58,44
chr17:16354801-16355000,15,12,5,10,20,52,24,33
chr17:16363601-16365200,26,49,11,12,32,0,57,23
chr17:16395833-16399999,80,0,0,14,0,8,73,24
chr17:16535331-16536080,15,52,192,20,0,42,0,116
chr17:17408001-17410799,0,9,0,40,30,83,89,12
chr17:17431801-17436599,64,180,115,85,243,531,332,55
chr17:17445273-17445578,9,0,20,10,34,0,11,15
chr17:17613402-17614399,14,99,27,125,90,17,151,0
chr17:17619201-17619400,0,30,10,10,7,12,15,17
chr17:17633201-17633600,7,3,70,0,0,60,14,23
chr17:17635616-17642424,0,77,50,5,27,13,70,19
chr17:17839944-17840554,7,11,112,61,0,0,10,20
chr17:18402402-18403800,23,0,0,13,0,0,8,10
chr17:18821202-18821800,55,0,14,87,0,0,15,13
chr17:19101001-19101201,45,55,14,69,0,0,50,0
chr17:19120002-19123000,4,4,5,0,12,29,0,0
chr17:19397401-19401200,45,0,77,35,10,0,43,0
chr17:19609801-19614000,144,0,31,174,51,41,43,115
chr17:19635201-19635400,0,19,8,0,17,0,0,35
chr17:19641802-19644199,93,43,57,54,65,42,79,45
chr17:21194201-21195599,81,329,230,117,130,238,96,103
chr17:21275788-21276078,0,4,0,2,11,0,8,0
chr17:27319201-27325799,216,344,24,407,99,182,109,230
chr17:27353606-27354071,8,0,33,0,21,0,17,0
chr17:28203201-28203600,0,12,0,6,10,0,7,5
chr17:28646146-28646559,4,31,6,12,0,0,0,0
chr17:28877401-28878201,75,0,28,37,49,30,90,29
chr17:29057801-29063399,66,82,72,52,15,11,92,73
chr17:29210201-29216400,0,0,115,26,8,0,19,27
chr17:30960500-30960664,186,39,0,59,132,54,146,144
chr17:31549649-31550372,22,24,13,21,62,27,77,51
chr17:31561530-31562328,33,56,179,114,45,52,57,15
chr17:31564837-31565295,16,0,28,12,20,0,31,0
chr17:31568581-31568991,18,24,28,30,0,0,59,0
chr17:31580463-31580983,22,0,76,53,43,0,74,33
chr17:31582192-31582623,80,24,28,53,30,29,80,0
chr17:31657802-31663599,26,0,0,14,0,34,12,0
chr17:31691202-31698599,11,0,82,12,0,29,0,0
chr17:31825000-31826800,102,0,0,12,34,0,106,20
chr17:32060201-32060400,0,13,43,6,0,0,9,0
chr17:32071201-32072599,18,0,0,9,5,8,33,0
chr17:32388801-32389000,53,33,15,444,144,147,76,53
chr17:32394601-32394800,14,0,21,48,0,30,16,11
chr17:32397655-32398088,247,213,219,620,481,229,288,235
chr17:32399803-32400183,384,118,84,480,187,69,59,306
chr17:34651602-34653199,19,26,0,51,0,0,0,44
chr17:34653601-34653999,43,7,0,0,0,0,7,20
chr17:34739801-34740799,0,24,0,51,17,0,15,0
chr17:34761201-34762000,60,0,0,12,0,0,8,61
chr17:34763802-34765399,59,23,0,43,0,0,36,23
chr17:34820202-34822800,66,80,0,57,17,30,0,0
chr17:35381001-35382600,66,0,17,13,0,0,34,0
chr17:35389401-35391600,62,17,0,13,21,0,59,67
chr17:35971002-35974800,73,291,197,562,323,390,224,44
chr17:36091932-36092586,54,18,28,30,114,59,103,136
chr17:36094401-36097000,23,38,0,0,17,36,29,11
chr17:36098001-36100800,0,22,25,26,19,83,31,93
chr17:36198944-36199432,22,0,12,0,39,0,12,105
chr17:36208317-36208935,0,0,56,0,0,23,16,15
chr17:36611601-36615399,22,6,0,102,20,0,15,33
chr17:36616002-36616600,0,17,0,19,26,0,12,37
chr17:36625002-36626399,23,20,23,63,30,30,20,0
chr17:36629128-36630400,0,24,0,0,20,0,21,23
chr17:36633201-36633463,26,0,0,19,23,0,18,33
chr17:36672802-36674400,45,0,86,48,43,0,0,102
chr17:36674601-36676799,0,21,0,5,42,0,0,19
chr17:36683601-36683800,14,12,0,21,2,0,0,5
chr17:36742001-36743199,0,5,4,18,64,0,21,3
chr17:36768408-36769296,22,0,0,0,36,0,10,51
chr17:36770601-36771000,87,0,14,0,24,56,0,35
chr17:36771202-36775400,112,27,31,14,282,0,30,85
chr17:37079401-37084000,0,15,25,73,18,0,47,40
chr17:37480801-37481600,21,13,28,17,20,0,49,77
chr17:37482402-37484200,158,64,36,59,19,28,89,65
chr17:37484601-37484800,0,17,0,0,0,28,11,11
chr17:38680601-38681200,0,12,43,46,31,24,47,21
chr17:38684602-38688799,332,514,303,269,535,706,364,426
chr17:38691402-38692200,34,0,13,8,5,11,15,22
chr17:38695001-38697800,20,22,25,0,0,27,0,20
chr17:38844089-38845258,12,0,0,0,6,0,2,28
chr17:39568601-39569800,123,399,129,141,105,116,244,191
chr17:39894201-39896400,23,25,0,16,0,56,13,0
chr17:40173059-40173276,0,21,20,53,21,42,3,9
chr17:40366601-40367200,0,12,6,19,20,0,16,13
chr17:40509801-40513399,32,0,0,0,19,0,22,10
chr17:40549021-40549906,19,13,55,63,10,29,15,0
chr17:40551243-40551593,88,37,52,3,1,14,20,114
chr17:40551950-40552964,389,0,126,152,207,243,598,319
chr17:40572601-40573200,20,0,13,0,38,0,37,11
chr17:40575601-40578599,22,0,5,50,37,29,139,65
chr17:40608083-40608674,0,25,0,13,31,0,39,0
chr17:40695201-40695400,22,0,0,0,10,0,3,33
chr17:40707201-40709199,0,0,0,57,13,0,72,34
chr17:40727002-40729199,46,0,0,13,21,0,13,6
chr17:42282201-42284199,68,104,14,240,0,51,47,66
chr17:42435402-42437400,122,49,89,292,93,55,171,214
chr17:42446601-42447800,292,39,0,54,266,23,264,160
chr17:42448401-42448800,200,77,28,152,208,15,350,230
chr17:42617202-42619599,3,0,0,22,0,9,27,0
chr17:42622802-42626799,0,26,0,27,16,0,8,0
chr17:42919601-42921999,0,7,13,0,19,0,14,24
chr17:43033202-43037399,25,0,7,71,23,8,56,61
chr17:43039802-43043399,37,0,0,85,9,0,29,20
chr17:43326802-43328999,180,272,163,323,63,0,147,15
chr17:43330801-43331600,44,133,0,77,75,23,66,159
chr17:43332001-43332600,22,62,14,19,115,15,21,54
chr17:43403401-43404001,108,24,12,44,52,0,44,89
chr17:43611401-43611600,71,0,0,6,109,5,0,37
chr17:43614402-43617399,40,0,0,25,168,0,24,0
chr17:43667402-43671799,39,21,40,59,132,87,4,159
chr17:43673001-43673200,3,0,24,6,24,1,0,0
chr17:43673586-43674233,16,74,0,0,23,50,0,10
chr17:43867401-43868800,0,70,85,13,0,0,31,0
chr17:43935601-43936935,0,6,0,53,0,134,118,0
chr17:44168002-44169199,10,227,0,56,54,0,70,71
chr17:44326633-44326924,61,187,2,46,24,114,57,70
chr17:44392801-44393801,97,37,0,19,16,0,40,0
chr17:44575401-44576000,18,0,27,48,12,0,40,19
chr17:44842201-44845200,62,122,83,147,37,0,27,21
chr17:44996602-44998799,118,71,0,7,51,8,6,22
chr17:45003001-45004799,172,47,0,120,83,149,76,276
chr17:45008001-45008600,138,0,0,35,87,26,27,28
chr17:45012402-45014000,33,0,0,31,24,0,13,48
chr17:45172296-45172986,19,0,0,12,0,0,7,22
chr17:45176176-45176255,0,2,0,6,6,0,0,17
chr17:45189001-45189800,11,0,0,14,7,0,51,0
chr17:45383001-45386400,0,0,25,28,41,0,14,0
chr17:45594001-45595200,412,0,53,72,0,30,17,22
chr17:47506001-47509000,0,0,0,20,8,0,6,8
chr17:48025038-48025464,19,0,0,6,3,0,9,0
chr17:48043001-48044000,41,0,27,25,17,0,11,11
chr17:48062201-48062400,20,92,77,140,71,46,94,14
chr17:48067802-48069019,203,457,198,549,272,291,289,122
chr17:48126202-48128199,59,401,248,128,372,55,442,383
chr17:48869001-48869200,152,629,297,331,439,158,197,300
chr17:49482201-49488000,0,47,139,0,151,0,0,25
chr17:49588600-49589400,16,54,34,45,6,0,14,76
chr17:49592401-49592600,0,24,2,49,15,0,12,17
chr17:49699401-49700000,0,0,1,15,31,0,34,11
chr17:49854001-49855000,125,75,24,153,97,0,98,85
chr17:49857402-49863400,268,362,356,588,419,47,267,226
chr17:49864802-49866999,0,25,0,55,0,0,15,19
chr17:49870401-49873799,40,0,0,146,18,0,24,103
chr17:49903201-49904600,0,0,0,13,0,30,15,22
chr17:49934602-49936200,0,78,53,0,125,0,62,20
chr17:50021001-50023399,7,0,0,2,6,0,2,17
chr17:50151563-50152255,26,53,23,35,15,56,63,15
chr17:50257202-50260800,21,0,53,39,9,0,0,0
chr17:50261201-50262800,16,2,26,18,21,0,0,11
chr17:50289985-50290453,46,0,22,44,0,6,15,38
chr17:50327202-50329799,0,50,0,39,39,0,26,11
chr17:50487800-50488600,136,0,14,135,49,285,156,100
chr17:50497800-50498201,31,43,0,10,88,30,12,22
chr17:50918865-50919127,16,0,28,9,16,0,7,55
chr17:50919583-50920004,3,0,35,66,17,0,0,72
chr17:50924601-50927599,35,0,27,83,20,59,15,21
chr17:55175602-55178399,66,96,62,182,172,365,57,85
chr17:55198746-55199767,0,30,1,64,71,0,37,0
chr17:55201002-55202199,5,29,8,74,73,23,6,55
chr17:55225565-55225796,99,12,31,16,0,15,28,19
chr17:55513602-55514600,0,0,14,12,41,0,31,0
chr17:55567001-55568799,13,0,63,60,54,0,65,47
chr17:55570201-55571000,28,0,51,49,26,0,10,0
chr17:55612568-55613199,0,0,16,0,0,27,36,11
chr17:55639001-55643200,301,96,171,135,207,24,195,170
chr17:55648001-55648400,179,0,14,6,77,15,13,55
chr17:55649401-55650800,50,25,0,11,78,0,39,65
chr17:55689201-55695413,18,0,23,99,68,0,12,18
chr17:57032401-57034800,46,23,48,18,19,47,29,55
chr17:57050001-57050899,10,32,0,208,51,0,147,198
chr17:57067402-57069199,45,0,0,31,7,0,31,0
chr17:57132801-57134000,32,52,0,33,9,0,0,0
chr17:57697202-57699799,19,16,28,8,0,61,123,22
chr17:57747451-57753199,0,0,31,4,7,0,0,8
chr17:58518626-58518965,16,48,28,12,71,40,27,167
chr17:59315601-59316400,22,0,0,12,0,0,10,22
chr17:59405802-59407800,8,49,0,164,0,3,16,23
chr17:59412001-59416800,35,23,8,186,52,85,9,20
chr17:59542801-59544600,21,0,0,60,17,0,22,44
chr17:59560969-59561800,0,0,0,40,42,4,12,0
chr17:59851643-59851904,9,0,0,9,16,0,2,0
chr17:60033967-60035201,57,34,27,64,0,29,21,10
chr17:60105602-60108692,180,100,114,180,42,116,172,193
chr17:61414495-61414608,0,12,30,13,0,68,0,6
chr17:62421138-62422200,55,5,0,18,104,0,104,10
chr17:62616802-62620000,38,20,29,151,21,0,33,0
chr17:62622001-62622400,0,26,2,34,29,0,34,23
chr17:63457001-63457200,38,0,9,0,66,0,34,0
chr17:63459801-63463200,635,72,100,89,1031,148,292,271
chr17:63463801-63464001,7,0,17,20,37,0,25,6
chr17:63464201-63465600,60,0,10,28,122,0,73,69
chr17:63596401-63599200,8,50,57,99,0,60,57,40
chr17:63934801-63935400,0,1,18,8,7,4,0,0
chr17:63936601-63937000,0,48,61,0,0,30,62,196
chr17:64286201-64288800,11,0,0,6,7,0,13,7
chr17:64416201-64416600,0,15,0,3,0,0,204,23
chr17:64417601-64419400,0,0,0,25,0,28,516,62
chr17:64470601-64471400,1906,529,403,370,1469,821,2701,2363
chr17:64471601-64471800,481,48,183,119,315,226,447,404
chr17:64723202-64728599,322,0,80,41,192,0,111,243
chr17:64729401-64730800,39,50,0,26,48,0,57,81
chr17:64731202-64734199,40,0,22,17,61,0,58,0
chr17:64739001-64743399,144,21,0,81,0,34,31,19
chr17:64851001-64851400,0,0,0,38,6,30,15,0
chr17:64959400-64960400,160,152,90,233,170,156,96,120
chr17:64978802-64979800,0,0,0,10,0,29,18,21
chr17:64985740-64986378,0,77,21,6,20,0,0,22
chr17:64988533-64988871,0,44,0,0,20,24,0,34
chr17:64989089-64989451,0,42,72,19,10,30,13,0
chr17:64995488-64995879,0,0,25,18,0,20,5,0
chr17:65005001-65006599,0,0,0,25,10,91,9,32
chr17:65057730-65058030,16,0,51,0,24,29,1,28
chr17:65076801-65077000,18,6,0,25,10,0,7,0
chr17:65078201-65080000,59,47,26,48,83,24,68,70
chr17:65085400-65086400,49,0,0,69,20,0,31,55
chr17:65087601-65088599,0,0,14,96,149,55,81,56
chr17:65470602-65473599,17,24,72,45,0,89,46,0
chr17:65521401-65524999,21,0,0,6,19,0,14,0
chr17:68047801-68049000,26,0,17,3,0,0,9,0
chr17:68049801-68051200,0,0,0,39,26,33,15,0
chr17:68052002-68056199,0,0,0,17,46,58,4,0
chr17:68124601-68125201,180,227,395,491,227,85,210,205
chr17:68161918-68162800,265,132,221,425,437,113,174,461
chr17:68165001-68165600,247,91,357,267,236,60,150,204
chr17:68172334-68173000,0,0,0,32,83,15,18,31
chr17:68176602-68177200,117,0,14,206,277,0,22,85
chr17:68820448-68823200,144,0,15,58,147,0,148,72
chr17:68829001-68835800,995,155,88,276,811,174,1506,464
chr17:68854001-68854200,50,0,0,0,27,0,13,71
chr17:68861001-68862400,23,0,0,0,55,0,10,22
chr17:69070401-69071800,3724,2131,1485,1602,12057,4265,4084,6257
chr17:69145601-69145800,0,0,0,12,24,15,7,11
chr17:69573402-69576200,20,0,0,11,19,60,31,12
chr17:70157001-70158200,16,0,0,30,14,0,58,0
chr17:70158209-70161400,23,88,29,99,0,56,521,255
chr17:70164601-70165000,22,159,132,57,15,158,143,146
chr17:70181401-70182400,43,0,33,0,0,27,20,21
chr17:70184714-70186199,0,0,27,22,18,123,83,0
chr17:70191001-70192000,86,24,0,8,75,25,116,0
chr17:70661201-70661800,151,0,0,2,20,11,58,0
chr17:70677601-70679000,163,0,111,13,88,13,104,0
chr17:70869401-70872400,0,0,0,12,0,17,3,17
chr17:70947788-70947961,6,3,2,1,6,9,16,3
chr17:73138202-73146400,0,13,15,0,22,0,25,11
chr17:73271001-73271600,0,74,7,0,20,15,15,0
chr17:73277802-73280400,380,1282,506,230,923,416,1024,332
chr17:74373402-74375199,206,231,123,51,227,281,578,715
chr17:74386002-74389800,17,12,63,12,41,0,27,22
chr17:74390801-74395600,157,0,213,85,0,28,149,125
chr17:74490601-74498199,0,49,0,6,62,30,31,11
chr17:74501601-74505200,0,41,26,12,0,92,0,41
chr17:74520090-74520505,0,30,0,0,63,0,40,46
chr17:74534589-74534917,63,0,14,30,61,67,122,117
chr17:74536622-74536996,23,7,5,0,49,53,36,36
chr17:74639546-74640325,0,25,7,13,21,0,5,0
chr17:74982022-74982570,135,0,22,75,48,24,73,50
chr17:75011823-75012159,0,0,11,12,14,0,6,0
chr17:75201625-75202400,20,21,0,22,17,119,0,21
chr17:75295661-75296137,0,24,46,19,19,0,0,24
chr17:75297489-75297859,0,0,56,25,10,13,56,27
chr17:75309046-75309152,0,4,0,2,14,0,4,0
chr17:76593002-76594311,0,25,0,25,0,0,31,11
chr17:76606202-76607000,22,108,84,494,310,284,253,198
chr17:76607201-76607400,10,30,9,124,50,28,13,11
chr17:76784601-76785400,289,321,241,580,382,156,467,113
chr17:76789237-76789665,428,678,246,378,591,178,695,432
chr17:77220201-77222400,0,122,0,135,0,0,59,44
chr17:77223401-77224600,89,25,42,114,108,97,183,81
chr17:77227665-77229199,18,0,0,74,0,60,0,42
chr17:77242201-77243000,19,0,0,12,0,25,10,0
chr17:77578601-77582196,43,11,0,88,153,0,0,41
chr17:77708801-77710800,0,0,29,25,5,0,10,0
chr17:77768401-77769276,18,0,0,6,40,0,0,11
chr17:77922581-77927400,0,23,0,4,33,0,24,0
chr17:78257850-78258108,23,163,8,0,28,0,5,80
chr17:78352696-78353290,0,0,28,0,20,0,14,10
chr17:78650001-78655200,46,76,57,21,21,0,16,67
chr17:78672401-78673410,152,133,133,59,85,0,31,111
chr17:78930001-78930200,0,0,0,21,0,60,12,30
chr17:79053001-79053801,235,887,271,561,215,406,448,79
chr17:79931525-79931708,0,32,0,15,0,0,7,4
chr17:80123602-80125199,16,49,29,51,19,0,52,0
chr17:80443922-80445399,33,24,0,41,0,0,35,14
chr17:80446402-80448799,28,11,26,93,101,0,69,125
chr17:81011001-81011366,68,106,23,196,94,0,231,153
chr17:81012201-81012400,71,26,15,79,6,0,111,56
chr17:81012801-81013000,46,19,56,124,59,0,100,120
chr17:81299345-81300257,21,81,43,6,32,0,49,6
chr17:81332601-81332800,29,13,23,11,0,0,81,15
chr17:81391260-81393656,8736,4052,10187,4167,15265,4925,11447,20092
chr17:81467402-81470399,85,93,83,134,226,118,636,47
chr17:81675770-81676428,224,980,389,347,321,93,417,145
chr17:81676798-81676972,155,396,308,168,96,90,97,45
chr17:81721602-81724800,272,627,219,362,342,266,410,329
chr17:82076601-82077661,80,116,683,61,46,111,18,21
chr17:82225497-82225867,41,0,23,0,0,0,19,3
chr17:82297423-82297879,10,0,28,0,8,0,40,0
chr17:82334866-82335331,16,0,0,0,21,0,8,39
chr17:82384718-82384866,11,2,0,21,16,33,17,3
chr17:83109823-83110236,22,244,53,6,10,30,15,45
chr17:83110402-83110561,19,74,46,0,0,0,13,18
chr16:41801-42256,11,63,0,45,0,0,23,0
chr16:42401-42800,56,24,0,13,41,0,7,54
chr16:395201-395400,0,14,0,39,26,28,9,16
chr16:807765-808150,25,0,3,3,7,19,27,6
chr16:1150291-1150681,3,0,28,28,0,2,0,1
chr16:1282201-1284400,0,7,28,11,0,30,0,0
chr16:1922880-1924799,0,3,0,13,2,0,15,0
chr16:2652201-2655599,1996,1032,163,555,1427,1022,766,1175
chr16:2872401-2873600,23,11,0,0,9,0,7,0
chr16:3009804-3010456,0,29,123,12,0,0,97,0
chr16:3163001-3164200,121,0,13,36,26,26,14,22
chr16:3348470-3349669,23,25,0,22,16,0,0,43
chr16:4299199-4299351,4,0,0,16,0,3,4,0
chr16:4303801-4304799,44,0,0,12,0,108,55,43
chr16:4307392-4308109,41,18,21,81,26,52,102,108
chr16:4458201-4460400,338,754,428,526,413,248,485,236
chr16:4603401-4604600,127,260,0,269,46,0,152,47
chr16:4605001-4605200,8,74,14,34,0,0,2,0
chr16:4773601-4775800,19,0,24,37,9,0,15,0
chr16:8651801-8652001,7,1,7,35,0,65,15,20
chr16:8655001-8655800,39,0,28,140,79,120,57,12
chr16:8661200-8661400,2,12,0,2,0,0,15,0
chr16:8665201-8666000,312,94,460,349,444,114,651,240
chr16:9134602-9136799,69,0,28,24,9,0,31,22
chr16:9145002-9146799,13,32,50,3,0,0,14,44
chr16:10485401-10486200,45,24,0,251,47,0,33,32
chr16:10490001-10490200,60,0,0,84,59,0,26,0
chr16:10504252-10505400,68,88,0,336,10,120,0,0
chr16:10509515-10510006,36,84,7,136,74,30,45,0
chr16:10511800-10512201,22,0,0,93,16,29,5,33
chr16:10584601-10585600,103,86,0,94,87,29,27,34
chr16:10621346-10623199,0,0,0,6,10,121,7,24
chr16:11189001-11189400,175,74,142,148,102,24,104,128
chr16:11189801-11193999,12,41,54,206,92,33,117,73
chr16:11239602-11241599,44,26,0,62,10,19,0,52
chr16:11527802-11534999,21,0,53,237,59,0,14,0
chr16:11539201-11543199,113,169,244,348,312,110,128,476
chr16:11543602-11544800,23,49,0,114,27,0,0,0
chr16:12643602-12645599,20,19,0,50,0,0,10,11
chr16:12646002-12647999,0,49,0,35,0,118,14,14
chr16:12652001-12652401,22,341,87,137,42,43,70,86
chr16:14040802-14044200,20,0,0,23,0,0,211,158
chr16:14285715-14285951,0,3,0,2,0,0,7,6
chr16:14419801-14421199,0,123,0,31,51,138,55,44
chr16:14954801-14955000,49,57,0,60,14,0,7,12
chr16:14955601-14955800,4,127,1,36,63,0,0,0
chr16:14956001-14956200,58,11,30,93,16,0,2,28
chr16:14956802-14960399,328,141,140,672,281,57,74,47
chr16:14970615-14971044,622,870,526,546,609,589,264,653
chr16:15161802-15164799,67,49,0,0,82,0,55,56
chr16:15382002-15383999,86,65,40,300,192,98,155,87
chr16:16147800-16148000,14,0,0,34,16,25,0,0
chr16:16301601-16302800,68,49,55,32,0,0,7,0
chr16:17476201-17477399,0,15,84,3,0,0,0,22
chr16:18762002-18763999,11,0,0,18,19,0,43,0
chr16:18767402-18768600,14,17,0,17,0,0,59,10
chr16:18772201-18773200,29,0,33,36,20,29,82,14
chr16:18773601-18776831,280,496,245,549,283,428,535,234
chr16:21389602-21390799,87,33,62,115,302,151,53,121
chr16:21395201-21395800,0,0,0,113,51,0,10,21
chr16:21762601-21763800,0,101,153,11,9,0,6,74
chr16:21781802-21787399,16,0,0,52,30,0,34,81
chr16:21825401-21826800,18,0,0,17,42,0,15,10
chr16:22291401-22292800,0,43,54,49,42,0,15,10
chr16:22786002-22789977,0,0,36,90,0,31,12,0
chr16:22922215-22922454,0,131,2,6,0,120,0,55
chr16:23058659-23058876,0,6,12,14,0,13,0,0
chr16:23461942-23462224,0,0,0,23,0,24,36,11
chr16:23578002-23579199,25,105,0,134,110,104,86,140
chr16:25207601-25209800,39,28,57,48,0,0,18,9
chr16:27298402-27306600,49,0,15,111,90,0,33,107
chr16:28092438-28094199,2,46,29,13,0,59,0,10
chr16:28329802-28331356,102,20,20,47,119,27,16,42
chr16:29374401-29375000,89,19,46,124,79,53,15,44
chr16:29640055-29657199,51,27,31,72,47,0,53,49
chr16:29753602-29759799,55,20,0,15,25,12,19,18
chr16:29849401-29849799,22,0,28,30,79,59,7,23
chr16:29852002-29853399,0,0,80,0,9,60,18,22
chr16:30145801-30155199,42,0,17,47,12,0,9,13
chr16:30163201-30168999,34,0,10,4,15,11,18,8
chr16:30564001-30564400,11,11,40,6,20,0,0,1
chr16:30568283-30568522,58,23,64,14,0,45,48,13
chr16:30634229-30634767,102,186,99,79,159,46,128,158
chr16:30796801-30797400,43,0,0,79,39,0,13,16
chr16:30814216-30814691,12,0,0,56,20,0,9,11
chr16:30829015-30830438,959,674,641,886,1071,298,999,783
chr16:30916500-30916524,3,0,0,4,7,0,16,4
chr16:31333401-31334600,387,49,0,0,47,0,122,146
chr16:31334801-31335600,162,0,0,12,20,106,136,63
chr16:31444001-31444200,0,0,0,30,14,0,8,3
chr16:31478601-31478800,0,60,0,7,0,0,5,4
chr16:31480002-31481600,33,138,0,289,8,0,16,51
chr16:31512801-31513656,54,50,0,83,46,0,18,0
chr16:31516401-31517400,22,0,79,96,41,120,97,117
chr16:31519401-31520400,0,39,0,12,0,45,18,11
chr16:46638801-46640000,14,19,0,73,0,0,0,8
chr16:47712601-47714200,0,73,97,17,10,0,0,0
chr16:49407639-49408600,17,0,57,32,62,0,0,65
chr16:50043601-50044000,22,3,52,0,0,30,7,19
chr16:50657202-50657600,0,49,0,143,0,0,15,18
chr16:52754602-52758800,0,0,31,35,63,0,69,0
chr16:53518819-53519287,19,24,0,12,0,0,37,0
chr16:54165001-54166450,0,0,26,12,0,28,25,0
chr16:54305001-54305600,11,18,0,19,0,0,0,16
chr16:54430202-54433199,22,0,22,12,20,0,0,21
chr16:56948802-56953400,0,0,25,54,0,0,14,126
chr16:56985025-56985047,1,3,2,5,0,0,5,19
chr16:57422001-57422888,0,24,56,0,0,0,31,43
chr16:57424402-57425399,0,66,40,41,0,86,41,0
chr16:57667199-57667720,5,0,18,6,20,0,11,12
chr16:58658801-58659292,0,65,107,0,8,0,54,35
chr16:58661000-58661201,0,11,19,8,0,0,0,11
chr16:66198601-66201400,20,0,0,21,19,27,60,0
chr16:66240202-66241465,54,0,0,62,17,180,68,0
chr16:66245201-66246000,60,0,0,6,20,60,19,0
chr16:66247202-66252399,124,0,38,39,35,0,37,45
chr16:66353125-66356000,47,0,58,12,0,39,0,0
chr16:66364417-66364981,0,35,29,100,41,134,118,65
chr16:66406922-66407184,73,182,141,8,10,110,47,47
chr16:66714201-66715799,0,49,133,439,0,0,13,23
chr16:66716977-66718237,22,41,0,383,0,0,24,20
chr16:66926506-66926890,0,0,40,47,38,60,38,68
chr16:66927000-66927403,0,62,28,19,79,0,15,52
chr16:66928310-66928546,0,44,25,14,2,0,13,0
chr16:66930001-66931000,0,19,0,46,0,0,8,21
chr16:67022401-67023200,0,0,0,12,10,22,0,22
chr16:67024401-67025600,23,0,64,19,21,0,0,20
chr16:67103801-67107199,20,11,0,51,9,0,42,44
chr16:67152801-67153400,22,0,3,47,0,0,24,44
chr16:67386601-67388399,86,2,0,207,2,0,44,44
chr16:67422602-67426200,80,99,207,127,98,0,0,41
chr16:68604801-68606001,78,0,0,51,41,0,57,12
chr16:69086801-69087800,177,120,168,225,174,263,189,273
chr16:69097401-69098001,41,11,0,0,13,0,8,0
chr16:69099802-69103399,80,229,86,136,9,149,70,78
chr16:69417002-69418600,0,0,0,55,57,0,44,23
chr16:69469001-69471600,0,50,110,109,46,61,69,41
chr16:69534602-69538194,16,0,0,6,0,241,14,0
chr16:69543202-69544400,14,13,0,6,0,0,0,15
chr16:69553401-69553800,95,0,0,72,50,0,85,16
chr16:69554401-69556200,215,49,83,318,276,74,145,211
chr16:69561001-69561200,0,28,24,15,13,30,38,33
chr16:69944401-69944600,0,2,0,8,9,0,14,11
chr16:69946201-69946800,13,0,0,25,0,0,26,11
chr16:70196002-70199599,0,29,20,103,39,35,44,67
chr16:70213201-70215000,102,73,213,248,98,320,262,99
chr16:70217200-70217600,176,24,28,544,93,60,105,124
chr16:71842401-71842600,18,0,0,10,20,0,4,82
chr16:71842801-71844400,251,2,29,113,122,60,152,104
chr16:72030001-72030400,0,37,0,50,25,11,21,33
chr16:72032001-72033000,112,0,40,116,82,59,54,79
chr16:72035601-72035800,17,0,0,38,18,0,33,11
chr16:72041801-72043000,95,3,84,214,131,30,64,101
chr16:72188602-72192399,45,0,0,64,20,0,86,38
chr16:72207401-72208200,37,0,0,25,41,47,47,92
chr16:74396002-74399399,15,49,25,86,74,0,28,108
chr16:74403401-74405399,474,342,352,476,474,364,751,757
chr16:74442802-74443800,44,0,0,95,104,15,174,62
chr16:74445601-74445800,18,0,0,22,20,53,4,0
chr16:75271002-75273999,0,98,89,60,20,59,161,104
chr16:75279001-75281400,0,0,111,170,0,0,47,94
chr16:75282400-75283001,22,24,0,75,78,15,102,12
chr16:75468001-75469400,0,0,12,3,9,0,14,0
chr16:75762401-75762600,0,0,0,18,57,9,9,0
chr16:75794401-75794800,22,0,0,24,10,0,10,0
chr16:75908801-75910104,52,0,55,29,128,0,22,208
chr16:77555601-77556599,14,0,0,0,37,85,15,0
chr16:77568401-77572000,0,23,0,24,29,0,40,0
chr16:77764001-77764800,22,0,0,25,20,0,0,22
chr16:77767001-77768400,33,9,12,8,0,30,7,20
chr16:79371801-79373600,0,23,26,12,0,0,39,0
chr16:79392802-79396400,86,0,0,12,0,0,14,15
chr16:79411002-79413335,24,0,0,13,80,0,7,23
chr16:79563801-79565000,44,0,55,0,21,0,53,22
chr16:79579201-79581840,39,125,83,4,18,0,57,88
chr16:79582801-79583400,15,0,0,13,0,0,30,27
chr16:79601537-79601969,390,49,75,89,251,295,462,692
chr16:79602140-79602433,598,146,27,42,271,268,248,294
chr16:79628002-79629399,0,0,46,7,21,0,14,44
chr16:79632001-79632601,39,0,0,57,39,0,39,109
chr16:79652402-79654399,71,0,0,70,159,0,171,43
chr16:79656202-79659747,217,63,26,158,170,0,190,144
chr16:80577402-80581999,0,0,59,66,0,0,4,20
chr16:80590601-80592399,45,14,0,12,0,46,0,0
chr16:83840001-83850400,15,0,0,193,42,123,64,0
chr16:84471427-84471804,34,30,60,111,76,64,18,43
chr16:84643202-84643615,0,108,91,6,27,60,27,101
chr16:84643686-84643994,0,49,44,15,57,0,0,21
chr16:84686601-84690199,0,0,26,12,19,0,0,20
chr16:84946601-84950399,0,37,112,298,57,30,11,11
chr16:85153686-85154011,14,0,0,20,0,0,13,5
chr16:85765002-85766799,131,146,56,235,197,28,530,104
chr16:85767001-85768999,286,199,244,158,161,31,335,177
chr16:86059401-86063600,0,27,109,35,0,91,56,42
chr16:86065601-86067000,110,0,36,33,9,0,155,63
chr16:86586215-86586629,0,10,13,75,45,8,59,21
chr16:86589601-86591399,29,0,56,246,17,0,31,44
chr16:86608108-86611929,131,224,248,1125,477,83,178,88
chr16:86631202-86632494,23,0,0,110,5,0,62,22
chr16:86671202-86672600,0,25,0,111,63,30,66,0
chr16:86675601-86677200,54,26,56,175,206,91,51,32
chr16:86692801-86693800,0,24,0,172,104,0,56,72
chr16:87075402-87077799,0,0,0,12,52,0,69,52
chr16:87574802-87576799,44,0,0,13,21,0,43,52
chr16:88231401-88231600,31,0,0,9,35,0,9,8
chr16:88303401-88308600,38,0,0,65,21,0,26,30
chr16:88442029-88443799,0,0,6,22,70,0,0,66
chr16:88553801-88554200,34,24,80,15,26,28,15,81
chr16:88554401-88555216,74,0,72,16,0,24,12,22
chr16:88558602-88559999,41,0,7,18,0,60,46,62
chr16:88565801-88566800,107,17,20,93,182,69,47,104
chr16:88872601-88873201,56,101,68,94,0,118,98,53
chr16:89243534-89243655,25,24,0,12,0,40,15,0
chr15:22640601-22641000,95,0,0,45,24,21,29,28
chr15:22724000-22724400,0,0,33,19,10,0,8,27
chr15:23307455-23308000,0,62,60,34,70,50,15,41
chr15:25641002-25644799,17,18,28,64,62,0,98,55
chr15:25673001-25674000,0,78,55,24,24,59,102,0
chr15:25674801-25675400,0,24,0,41,20,52,15,0
chr15:27678802-27680600,18,0,0,245,86,0,13,0
chr15:28775401-28779200,215,186,197,160,229,481,298,485
chr15:28860802-28862000,0,92,13,0,0,59,26,0
chr15:30423601-30424000,126,186,261,548,326,117,375,364
chr15:30435001-30435200,20,0,0,8,6,0,0,11
chr15:30446201-30446400,0,0,0,47,29,0,38,4
chr15:30447001-30448200,129,117,0,389,187,268,127,64
chr15:30530801-30531200,38,0,27,213,45,0,12,77
chr15:31315801-31321199,201,26,0,73,59,42,257,196
chr15:31324992-31325318,22,10,0,71,69,102,69,242
chr15:31447202-31449599,17,0,0,12,19,0,14,0
chr15:32459001-32459200,62,38,47,65,72,54,47,24
chr15:32478602-32482000,0,49,81,25,18,0,28,0
chr15:32504201-32508000,11,37,176,22,83,30,133,66
chr15:34122593-34123600,12,0,28,12,27,23,0,0
chr15:34126201-34127000,0,0,84,49,40,0,62,23
chr15:34129569-34129849,8,24,29,14,0,0,19,0
chr15:34619801-34622399,15,4,0,28,21,0,13,30
chr15:34643802-34644999,64,19,111,63,23,21,7,97
chr15:34991201-34991910,0,46,56,25,91,0,22,46
chr15:35036401-35037000,0,20,0,7,23,29,13,42
chr15:35042002-35044999,67,0,44,200,53,0,34,8
chr15:35053601-35055000,23,0,0,145,21,0,15,22
chr15:35088801-35089000,41,16,12,22,87,0,8,16
chr15:35170201-35170552,0,0,0,39,20,67,12,27
chr15:37106785-37107621,298,77,48,368,229,14,409,161
chr15:37122800-37123800,5,0,0,34,0,27,0,11
chr15:37124201-37125401,78,25,0,0,0,30,36,10
chr15:40403601-40404025,0,24,50,6,31,0,32,0
chr15:40875763-40877000,46,0,87,26,84,0,43,88
chr15:40877523-40879600,59,23,26,56,165,0,51,69
chr15:40884401-40885400,44,0,0,10,53,29,0,0
chr15:40913602-40920199,29,0,110,223,90,91,95,47
chr15:40922401-40923599,28,49,48,53,0,54,13,36
chr15:40927697-40928042,75,49,20,20,70,32,31,44
chr15:40928357-40928714,58,21,25,5,36,83,23,47
chr15:40941523-40942263,19,0,2,11,21,14,33,29
chr15:40944801-40945600,39,32,43,50,24,50,60,44
chr15:41607000-41607800,22,0,112,30,20,0,20,0
chr15:42102202-42112999,0,17,40,9,0,42,11,0
chr15:43722000-43722601,19,11,27,19,0,0,0,21
chr15:45328601-45329001,39,18,52,137,0,38,47,53
chr15:45336401-45337800,62,20,0,226,78,30,71,0
chr15:45345801-45347200,0,0,12,177,101,22,40,61
chr15:45351001-45351600,22,6,6,54,20,17,11,21
chr15:45424401-45426800,64,82,26,69,6,23,62,0
chr15:45429401-45429600,0,0,44,0,0,54,34,11
chr15:48392001-48396799,14,0,0,0,0,19,29,111
chr15:48397601-48398600,17,4,0,32,27,0,3,37
chr15:48680002-48682000,35,0,0,13,35,23,78,58
chr15:48693201-48697001,227,49,0,157,161,0,133,22
chr15:48703202-48703980,11,0,0,38,59,0,48,6
chr15:48710802-48711516,88,0,0,16,98,0,58,21
chr15:49096201-49096600,38,50,219,70,20,0,24,31
chr15:49104001-49104800,5,50,41,19,0,0,44,44
chr15:49669201-49669800,69,0,14,11,0,0,39,61
chr15:49809801-49810000,48,12,12,0,9,58,52,17
chr15:49810201-49810800,66,40,27,20,70,43,140,53
chr15:49815401-49816599,0,0,0,13,21,59,28,85
chr15:49830201-49830801,63,0,10,11,11,29,100,101
chr15:49831292-49833014,79,2,79,113,14,61,139,110
chr15:49843800-49844201,0,5,0,13,10,0,0,11
chr15:49846802-49849224,43,23,175,293,139,119,220,151
chr15:49855001-49857600,147,33,226,195,210,0,430,207
chr15:50404801-50407400,0,25,0,24,10,0,13,0
chr15:51825001-51826600,23,20,29,51,0,31,0,16
chr15:52727202-52734800,45,0,0,12,20,0,7,22
chr15:52752601-52753800,0,0,0,8,0,59,31,20
chr15:55178801-55180000,0,0,173,116,21,59,14,0
chr15:55513801-55514201,0,22,20,16,10,0,16,22
chr15:55998201-56000488,0,41,55,135,28,0,59,23
chr15:56003601-56004199,228,611,344,271,629,427,262,405
chr15:56004400-56004601,9,18,25,78,38,31,18,39
chr15:57560602-57564200,0,0,0,112,19,0,14,20
chr15:57566602-57567999,0,25,0,42,0,0,20,22
chr15:59692601-59693200,0,73,56,19,29,0,8,13
chr15:59694601-59695400,0,249,146,13,103,30,188,137
chr15:60324602-60326999,0,0,13,12,0,0,14,10
chr15:60418049-60418331,0,2,0,5,0,0,4,11
chr15:61231201-61231600,0,69,0,19,31,11,0,0
chr15:61239001-61239200,2,29,0,12,41,0,10,7
chr15:62175001-62176000,355,73,220,93,57,21,434,149
chr15:63072601-63079199,0,64,36,240,99,65,34,47
chr15:63081802-63083999,39,50,57,0,0,0,15,22
chr15:63114201-63115000,35,44,5,12,0,15,14,29
chr15:63271001-63272600,0,0,8,6,0,0,6,9
chr15:63311801-63313200,62,283,116,122,136,58,153,140
chr15:63313801-63316800,40,0,0,73,32,0,0,104
chr15:63490277-63490566,11,41,43,0,2,30,12,44
chr15:63491099-63491446,10,24,28,20,25,15,16,12
chr15:63497719-63498054,22,12,0,15,13,0,20,60
chr15:63498991-63499263,0,12,0,6,36,43,22,22
chr15:63604402-63607199,317,191,20,1138,265,121,338,621
chr15:64455973-64456227,0,0,15,25,0,5,11,0
chr15:64456755-64457104,0,22,0,24,0,4,9,11
chr15:64728127-64728699,23,21,28,113,0,0,7,23
chr15:64730602-64732188,913,500,179,683,692,298,423,336
chr15:64732201-64732903,146,74,10,102,29,0,37,24
chr15:64735754-64735948,21,0,0,17,13,0,0,10
chr15:64781401-64783400,86,26,0,115,49,31,91,0
chr15:64792309-64792571,14,0,0,2,0,0,15,17
chr15:64801401-64803400,0,0,37,60,65,0,74,43
chr15:64835729-64836009,90,6,56,30,46,0,0,28
chr15:65085371-65085737,20,53,36,3,58,0,9,36
chr15:65087604-65087842,27,24,0,12,62,26,68,49
chr15:65217801-65218800,11,24,0,157,20,7,15,0
chr15:65224001-65224200,0,0,0,10,17,0,13,11
chr15:66268801-66270306,40,0,22,12,41,44,15,19
chr15:66573402-66574884,31,24,0,23,20,0,0,0
chr15:66691402-66695399,5,0,0,33,60,0,82,40
chr15:66785201-66787799,0,97,28,158,42,92,16,0
chr15:66788402-66790600,46,93,57,65,0,30,72,0
chr15:66815001-66816000,20,8,0,20,0,0,0,21
chr15:66817801-66822599,129,7,26,40,131,0,74,62
chr15:66826401-66828400,5,0,0,16,8,7,16,0
chr15:66842110-66842652,15,0,0,16,24,0,28,0
chr15:66846601-66847400,95,11,0,256,12,25,363,53
chr15:66854601-66854800,59,4,4,48,6,32,54,0
chr15:66868601-66869200,40,24,0,117,41,4,0,35
chr15:66876201-66876401,0,0,0,54,13,0,9,17
chr15:66877402-66879000,274,26,14,382,166,25,190,76
chr15:66883307-66883681,24,28,93,65,54,59,20,0
chr15:66886601-66888800,216,147,24,346,96,309,75,38
chr15:66892000-66892800,154,0,25,223,0,47,63,26
chr15:66893602-66895800,703,97,28,474,205,148,216,281
chr15:66897002-66897800,95,96,148,278,83,0,155,206
chr15:66898801-66899400,224,0,0,43,41,71,49,53
chr15:66900801-66902200,236,70,57,210,117,16,94,117
chr15:66903569-66904485,147,35,0,100,11,0,10,0
chr15:67812001-67813000,22,49,0,60,57,23,73,66
chr15:67813201-67813600,0,35,0,76,6,30,16,11
chr15:68510601-68512600,0,0,0,50,5,23,12,0
chr15:68536001-68538199,0,25,0,106,0,13,15,0
chr15:68542602-68544599,29,0,0,104,5,35,0,0
chr15:68566201-68567600,37,25,0,61,0,0,10,0
chr15:68570002-68573200,176,120,29,124,39,114,9,88
chr15:68573401-68573600,0,0,14,12,0,45,0,44
chr15:68574002-68575200,28,39,80,43,46,0,0,81
chr15:69066401-69066600,14,0,0,19,6,0,3,2
chr15:69954602-69959199,0,0,25,11,18,0,14,46
chr15:70029401-70029800,49,74,77,29,14,23,9,323
chr15:70031601-70034400,225,91,722,26,46,16,40,1155
chr15:70035001-70037599,66,135,385,68,57,149,86,856
chr15:70239602-70253200,40,22,0,11,18,26,14,19
chr15:70455401-70456400,44,0,20,0,20,1,3,0
chr15:70568990-70570399,16,41,0,44,61,33,51,12
chr15:70588802-70589999,67,45,0,23,87,75,0,0
chr15:70618201-70618400,37,0,0,9,21,0,11,0
chr15:70625201-70626200,22,0,0,19,80,89,69,0
chr15:70627602-70634400,365,244,302,598,494,148,569,276
chr15:70643202-70644799,66,83,0,68,56,15,59,44
chr15:70646801-70647200,0,71,0,12,20,0,13,19
chr15:70650201-70652600,0,129,26,182,75,71,104,0
chr15:70817201-70817800,0,24,0,56,41,0,31,0
chr15:71055201-71056000,2,0,2,53,41,0,19,3
chr15:71070751-71071588,18,24,41,14,50,39,76,0
chr15:71092602-71094399,0,0,0,6,91,149,27,10
chr15:72739201-72741399,131,172,416,241,126,121,241,175
chr15:72748459-72748858,17,12,255,160,73,60,35,66
chr15:72800001-72801600,19,73,127,31,21,28,0,44
chr15:73899001-73899200,32,0,0,26,6,0,40,50
chr15:73899402-73900571,153,22,0,28,102,60,20,33
chr15:74053985-74054280,58,184,98,182,247,93,795,186
chr15:74059001-74059800,51,64,173,112,84,12,72,32
chr15:74139201-74142000,0,9,0,26,15,0,11,0
chr15:74523802-74526999,47,109,11,178,52,145,92,65
chr15:74529401-74532599,86,36,71,208,30,88,59,97
chr15:74534601-74537200,38,59,57,173,39,30,40,26
chr15:74726258-74727008,0,36,161,6,0,29,15,16
chr15:74949979-74951199,10,37,0,29,0,0,2,1
chr15:74951801-74952800,37,0,0,0,20,0,14,66
chr15:75129940-75130367,15,17,0,41,0,141,11,21
chr15:75131016-75131581,0,6,22,21,40,13,6,50
chr15:75135601-75140999,839,1199,1031,845,703,331,944,956
chr15:75153204-75153489,0,49,0,28,0,15,2,0
chr15:75167601-75169200,16,73,0,60,30,0,66,79
chr15:75214801-75216999,23,3,36,111,114,0,109,57
chr15:75218802-75220399,23,0,29,150,81,31,198,120
chr15:75343801-75344400,17,84,90,39,41,68,61,107
chr15:75666720-75667100,323,288,101,269,157,12,178,126
chr15:77093401-77094000,46,14,0,11,0,90,0,21
chr15:77096201-77096800,0,71,14,13,18,29,0,21
chr15:77502802-77511799,0,29,0,38,24,0,55,104
chr15:77518601-77519400,63,0,0,12,0,30,53,22
chr15:77874906-77877599,24,26,0,0,62,32,39,0
chr15:77930202-77931599,31,25,0,36,19,41,59,0
chr15:77938801-77940200,20,0,0,165,182,160,153,22
chr15:77970201-77971001,0,18,84,7,0,30,0,22
chr15:78327002-78328199,23,7,0,5,21,0,0,0
chr15:78908602-78918999,1196,1341,1157,4011,1027,885,1140,830
chr15:79811202-79813599,46,19,0,12,0,28,54,0
chr15:80052202-80055000,46,0,0,11,11,11,0,0
chr15:80149401-80150200,21,122,25,60,0,76,0,5
chr15:80151096-80151250,1,1,0,9,17,0,0,2
chr15:80188200-80188800,128,58,61,0,26,23,38,0
chr15:80191601-80192000,106,61,56,23,115,17,149,54
chr15:80607402-80610599,0,0,29,0,0,31,43,18
chr15:81157200-81158001,98,0,0,99,13,0,22,0
chr15:82742001-82742799,315,0,41,181,356,166,205,391
chr15:82743404-82743457,8,4,0,9,13,13,4,4
chr15:84377001-84377775,0,25,0,15,0,0,15,2
chr15:84431201-84432010,142,108,150,80,132,189,134,216
chr15:84477001-84478100,0,25,55,74,52,0,26,1
chr15:84486802-84488599,21,70,0,117,41,0,70,2
chr15:84581601-84582902,89,0,2,25,39,30,43,43
chr15:84809720-84812600,133,18,26,209,87,0,161,41
chr15:84874401-84874600,10,22,0,34,0,0,12,0
chr15:84875001-84875601,12,12,56,129,20,17,53,56
chr15:84946802-84949599,62,0,0,47,0,0,26,117
chr15:84950000-84950801,17,0,0,6,21,0,15,0
chr15:84973311-84974800,100,12,0,27,38,0,16,32
chr15:88453801-88455799,68,71,0,0,10,0,0,23
chr15:88612818-88613656,58,24,56,27,126,29,190,411
chr15:88661802-88664741,4,0,0,0,60,58,33,0
chr15:89747001-89747400,43,0,0,31,31,5,86,38
chr15:89754601-89755350,319,60,2,224,484,130,2120,1325
chr15:89756200-89756400,126,0,0,49,257,67,582,514
chr15:89915401-89916400,0,26,14,3,0,7,21,13
chr15:90380601-90381000,18,0,0,119,8,0,33,0
chr15:90381402-90383000,64,0,0,626,162,28,130,11
chr15:93104201-93106400,0,0,0,16,9,17,15,0
chr15:93140601-93141800,5,0,0,17,16,9,18,0
chr15:94123401-94124600,14,0,0,12,0,0,47,43
chr15:95174400-95174801,36,45,0,88,15,30,37,32
chr15:95520800-95521400,0,0,0,25,20,15,28,0
chr15:95625001-95627599,42,25,0,112,82,277,113,45
chr15:95829001-95830400,127,0,0,107,26,0,81,0
chr15:95833001-95833400,16,0,11,8,22,0,0,0
chr15:95842201-95844599,46,0,0,154,19,0,29,0
chr15:95845402-95847200,10,0,0,63,19,0,27,0
chr15:95887801-95888599,54,0,0,38,37,0,54,18
chr15:96352498-96352641,31,12,61,58,50,35,66,73
chr15:98321401-98321600,26,217,73,76,36,349,185,84
chr15:98321801-98322320,35,242,105,141,48,1081,442,252
chr15:98322401-98322800,23,164,184,31,0,776,312,226
chr15:99393252-99393627,6,36,28,37,62,0,26,22
chr15:99403468-99404033,38,0,52,43,90,0,31,37
chr15:99452788-99453223,20,0,0,0,5,12,7,1
chr15:99455010-99455481,14,0,0,11,51,15,28,19
chr15:99490601-99491800,23,0,28,33,13,76,14,0
chr15:99780601-99781600,76,0,0,118,74,0,65,21
chr15:99919401-99919600,36,8,0,6,14,30,15,21
chr15:99954002-99956799,0,13,0,11,42,0,0,16
chr15:100685901-100689799,23,0,14,9,0,30,28,0
chr15:101091594-101091977,22,0,14,83,33,85,44,22
chr15:101104402-101107399,0,0,0,162,20,0,3,13
chr15:101147214-101151999,28,23,0,153,118,113,138,20
chr15:101158402-101161245,0,23,26,84,19,0,58,0
chr15:101162002-101163799,21,32,0,12,88,0,14,15
chr15:101254202-101256999,46,96,129,11,61,27,14,56
chr15:101257602-101258999,0,0,0,13,21,13,15,0
chr15:101278094-101278306,0,12,0,12,26,0,14,0
chr15:101618402-101619599,10,183,13,40,39,7,0,22
chr14:20682445-20682962,17,0,0,15,6,0,18,0
chr14:20683174-20683535,22,47,0,16,53,0,25,11
chr14:20711402-20712200,0,0,0,0,52,28,8,11
chr14:20725601-20728399,16,0,46,0,19,0,60,0
chr14:20878401-20883600,46,0,0,48,21,20,5,45
chr14:20942601-20950800,12,0,0,145,11,0,33,47
chr14:21195601-21195800,76,112,0,5,23,54,99,93
chr14:21864201-21865000,27,0,19,0,0,0,13,62
chr14:22175001-22175600,22,0,0,0,0,62,15,8
chr14:22546380-22546700,27,44,41,9,58,0,12,42
chr14:22622002-22624199,193,1389,207,355,238,465,70,491
chr14:22626201-22627400,55,927,251,167,69,159,31,329
chr14:22627601-22628800,0,0,140,38,18,59,8,109
chr14:22646001-22647600,23,44,0,0,0,25,0,23
chr14:22650600-22651601,19,45,0,25,20,0,39,43
chr14:22656802-22659999,9,62,100,54,57,31,89,111
chr14:22667402-22669599,0,43,16,37,75,30,95,239
chr14:22688402-22692399,17,0,0,71,120,31,86,40
chr14:22850998-22851826,45,0,0,31,89,14,34,96
chr14:22858201-22859399,69,0,4,35,1,0,63,10
chr14:23861201-23862001,11,0,0,0,45,0,19,86
chr14:24243338-24243692,0,114,34,5,0,0,14,40
chr14:24246401-24247800,77,331,137,50,0,52,94,122
chr14:24346801-24347600,11,48,0,52,35,0,15,31
chr14:24380201-24382200,41,0,159,77,24,27,105,40
chr14:24422702-24423064,0,0,0,38,19,30,18,41
chr14:24425308-24425510,89,36,52,77,105,145,160,308
chr14:24517762-24517995,11,12,0,13,30,0,0,0
chr14:24572201-24572400,11,0,0,0,16,0,13,6
chr14:32049001-32050600,23,0,0,24,96,22,38,18
chr14:32059401-32060000,99,9,0,19,51,0,47,0
chr14:33914202-33918800,0,15,0,11,0,27,42,0
chr14:33921601-33923000,23,11,28,22,0,30,208,103
chr14:34648601-34652400,0,0,0,12,15,22,0,77
chr14:34707801-34708000,34,67,64,121,0,0,31,40
chr14:34877300-34877547,0,26,115,32,0,29,30,11
chr14:34882202-34884999,87,0,0,14,11,0,28,12
chr14:34912002-34913400,98,25,0,125,249,72,296,223
chr14:34918001-34919000,7,0,0,9,34,0,43,0
chr14:35319802-35321400,14,0,0,29,6,0,31,18
chr14:35336477-35337232,0,11,64,12,0,74,15,0
chr14:35346675-35348399,15,0,51,8,30,0,0,22
chr14:35372401-35377600,0,8,0,0,0,10,5,7
chr14:35406594-35406759,0,16,0,3,22,7,7,0
chr14:35412602-35420799,49,80,0,152,348,146,67,71
chr14:37175801-37176000,57,11,0,21,0,0,9,0
chr14:37579801-37580789,38,6,7,59,61,13,30,61
chr14:38524601-38527601,67,0,0,32,57,0,9,4
chr14:39140200-39140401,166,87,105,77,73,0,60,84
chr14:39145201-39146200,464,424,387,407,496,294,388,377
chr14:39187002-39188799,40,49,46,74,0,0,14,15
chr14:39194869-39195210,0,49,0,24,0,0,9,66
chr14:39216960-39219799,17,0,15,33,0,0,32,0
chr14:39395601-39395800,7,19,0,19,19,31,13,11
chr14:41605578-41606793,79,99,0,0,0,0,16,33
chr14:44803001-44803401,19,0,0,23,0,15,13,0
chr14:45433801-45434400,0,9,27,14,20,0,0,21
chr14:47730401-47730600,46,0,28,0,64,0,4,45
chr14:49624259-49624315,28,72,20,11,20,6,51,22
chr14:49639202-49643000,1669,961,1564,2047,683,533,2681,1175
chr14:49856801-49858800,59,68,33,96,96,75,95,52
chr14:49868127-49868617,3,15,4,0,0,13,1,5
chr14:49879001-49885199,18,20,0,41,0,0,38,45
chr14:50670210-50670657,0,0,0,19,5,0,17,22
chr14:50838802-50839430,85,73,86,68,101,135,99,244
chr14:50846202-50847039,23,0,0,38,0,0,28,21
chr14:50946201-50948600,161,66,503,142,398,242,273,118
chr14:50964002-50970399,9,20,0,0,0,0,19,18
chr14:51276601-51277000,16,23,14,17,65,45,50,43
chr14:51277601-51278400,0,120,106,171,29,0,101,51
chr14:51283248-51284599,0,19,27,76,113,29,30,56
chr14:51291802-51294400,66,220,19,107,46,144,91,109
chr14:51295601-51296200,11,0,42,7,0,0,0,57
chr14:52072002-52074016,328,26,97,253,293,195,342,114
chr14:52075681-52082599,82,22,25,105,38,0,50,20
chr14:52233801-52237199,0,0,25,63,23,26,0,9
chr14:52251402-52254399,44,0,0,88,16,0,31,0
chr14:52259402-52259999,86,13,37,236,41,118,93,14
chr14:52262965-52263352,150,46,74,249,129,132,205,87
chr14:52279001-52281370,378,100,162,776,429,150,505,99
chr14:52282001-52282600,166,99,52,265,109,29,243,40
chr14:52299601-52301800,1160,107,379,625,603,165,421,175
chr14:52303001-52305400,1613,603,819,700,965,289,857,271
chr14:52306601-52306800,43,0,0,12,20,0,35,64
chr14:52307908-52308359,21,25,0,38,21,0,7,28
chr14:52311578-52312020,26,73,28,141,277,68,176,274
chr14:52312787-52313185,128,45,0,61,260,39,107,252
chr14:52333002-52334400,14,0,25,76,42,0,14,44
chr14:52348201-52356599,37,0,31,28,0,0,17,24
chr14:52998001-52999024,39,11,0,0,19,0,0,22
chr14:53002001-53002800,11,0,0,12,19,0,0,17
chr14:53013801-53014600,205,403,184,73,245,80,226,442
chr14:53017001-53017200,26,60,35,19,32,0,14,79
chr14:53019201-53019400,13,14,0,6,25,0,0,18
chr14:53019601-53021200,54,211,195,140,245,91,91,420
chr14:53027201-53027600,0,12,0,39,18,0,11,44
chr14:53031602-53033399,21,32,73,98,64,49,40,154
chr14:53036000-53036200,25,12,0,6,29,0,3,0
chr14:54562400-54562801,84,40,34,57,157,41,93,98
chr14:54814200-54815600,0,25,75,0,0,0,42,22
chr14:54904801-54905400,23,56,47,47,0,0,37,46
chr14:55078801-55081200,10,0,0,54,9,0,32,0
chr14:55084001-55086000,8,22,25,77,16,190,64,63
chr14:55469801-55470800,19,0,27,44,46,0,15,33
chr14:55482601-55483600,22,49,0,4,39,0,0,21
chr14:55705401-55705600,11,9,0,0,1,130,0,11
chr14:55707347-55707800,0,24,0,25,10,230,5,0
chr14:55712801-55714400,0,0,0,13,28,60,16,0
chr14:55866001-55868600,0,0,0,6,17,0,16,22
chr14:56091402-56095399,17,65,0,50,0,0,16,40
chr14:56099002-56100199,0,25,0,63,16,0,75,43
chr14:56102801-56104000,39,0,113,124,74,30,33,165
chr14:56105401-56106600,39,99,28,127,21,0,14,106
chr14:56107601-56108999,0,4,0,80,67,166,79,56
chr14:57349002-57349999,58,0,59,36,0,29,15,66
chr14:57353000-57353201,9,9,0,6,29,0,17,0
chr14:59376801-59378600,45,32,0,70,41,60,29,20
chr14:59380001-59381200,163,25,113,80,141,114,172,87
chr14:59398401-59399600,19,0,0,82,19,0,16,8
chr14:59405802-59408599,75,109,25,220,49,0,63,20
chr14:59418802-59419599,0,5,0,12,20,0,15,0
chr14:59422002-59422955,22,0,0,30,10,0,47,11
chr14:60174802-60176198,0,40,90,0,0,0,13,22
chr14:60226201-60227600,23,0,0,13,38,0,2,22
chr14:60300601-60300800,0,81,20,62,0,13,59,0
chr14:60574200-60574401,26,0,28,15,0,0,0,17
chr14:60599801-60600800,55,24,0,28,275,0,65,71
chr14:60616001-60617183,15,0,0,34,55,0,13,0
chr14:60617401-60618400,58,0,0,31,0,0,41,11
chr14:60632378-60633400,90,24,0,73,99,0,74,22
chr14:61089201-61089800,22,11,4,70,0,23,42,11
chr14:61090401-61091600,0,11,140,173,21,0,0,22
chr14:61098692-61099704,77,110,84,205,164,14,272,453
chr14:61102122-61102559,5,0,28,59,81,47,17,84
chr14:61103547-61104241,40,24,0,44,84,82,61,26
chr14:61104354-61104685,52,0,0,57,0,15,76,13
chr14:61109802-61112199,111,27,0,91,164,47,12,66
chr14:61124601-61129799,108,42,0,70,121,0,53,113
chr14:61151202-61155199,41,0,0,16,21,0,0,46
chr14:61182201-61185400,19,0,0,37,17,0,43,0
chr14:61798201-61799000,22,0,0,19,10,45,39,20
chr14:63677581-63678994,10,25,57,41,0,0,17,0
chr14:64702888-64703592,23,0,0,26,4,0,0,22
chr14:65745401-65746600,68,60,0,0,60,90,29,0
chr14:65751001-65752200,0,17,0,6,0,0,68,20
chr14:66010201-66012000,21,0,0,50,19,0,11,0
chr14:66037201-66039200,32,0,11,18,0,0,0,2
chr14:67186002-67188799,62,0,25,49,15,27,31,0
chr14:68799801-68801599,129,23,193,161,123,220,331,151
chr14:68803001-68803400,23,49,0,6,30,9,36,22
chr14:68814606-68815068,62,12,42,19,20,44,15,10
chr14:68821141-68821269,0,0,67,33,0,11,34,0
chr14:68822332-68822592,0,24,33,33,0,29,18,19
chr14:68834684-68835057,13,37,32,5,0,60,0,0
chr14:68840602-68842799,16,14,28,65,15,0,38,9
chr14:69004202-69008000,22,0,56,12,0,0,11,0
chr14:69043174-69043276,0,6,0,8,10,0,2,0
chr14:69049766-69049954,103,3,0,67,26,9,19,22
chr14:69361000-69361200,135,68,28,170,18,24,116,75
chr14:69370201-69370400,22,12,59,99,4,0,7,8
chr14:69375601-69378800,234,88,130,511,267,31,36,223
chr14:69463402-69465799,0,0,0,38,0,28,24,45
chr14:69468201-69469800,0,31,5,8,21,0,0,48
chr14:69716460-69716914,0,37,0,12,0,0,15,15
chr14:69719376-69720211,0,116,41,6,4,0,25,0
chr14:69772801-69773400,22,26,56,182,10,121,26,59
chr14:69815401-69816200,22,0,0,23,20,41,15,22
chr14:70569201-70569400,70,126,88,67,56,61,43,56
chr14:71116001-71120000,0,98,230,71,82,39,62,174
chr14:72598601-72598800,17,51,14,0,18,33,18,6
chr14:72599201-72601399,351,186,387,0,63,43,70,108
chr14:72606602-72609599,161,49,61,20,61,29,158,52
chr14:72617213-72617563,65,22,0,6,31,0,7,30
chr14:72904602-72909799,0,0,0,26,21,30,5,0
chr14:72965154-72966000,0,24,56,61,20,15,51,22
chr14:73124802-73126399,66,208,518,331,35,60,165,55
chr14:73127201-73128000,0,130,185,55,0,30,42,110
chr14:73225001-73225800,11,210,68,46,3,60,71,51
chr14:73228528-73228744,19,19,0,3,22,48,0,36
chr14:73806600-73806801,0,0,12,12,0,45,42,6
chr14:73810001-73811600,21,0,0,58,26,15,192,116
chr14:73815401-73816800,6,27,20,41,0,0,76,0
chr14:74428401-74430399,0,26,0,57,85,31,136,43
chr14:74437400-74439000,0,0,0,32,0,31,31,65
chr14:74459202-74460599,131,59,28,94,126,30,156,164
chr14:74461201-74462000,45,37,0,72,70,0,72,60
chr14:74626402-74629000,23,0,0,35,14,0,29,0
chr14:74634202-74639400,0,25,0,92,21,61,0,30
chr14:74972402-74990600,27,59,202,123,174,324,489,317
chr14:75476401-75477400,0,37,0,9,82,15,12,0
chr14:75479402-75480600,19,62,0,13,41,0,26,0
chr14:75559401-75561600,46,97,28,0,0,30,0,54
chr14:75570001-75572809,20,87,83,0,11,94,52,36
chr14:76088201-76090599,760,113,471,403,688,470,307,282
chr14:76090631-76091524,259,49,326,178,180,148,140,125
chr14:76091601-76091800,34,0,28,41,36,0,18,4
chr14:76100002-76102399,39,0,84,401,36,0,12,3
chr14:76112602-76114200,40,0,0,982,103,0,0,88
chr14:77010802-77015799,0,49,0,25,20,29,0,0
chr14:77032545-77034568,121,555,450,232,300,300,291,514
chr14:77038033-77038375,4,0,0,16,10,27,0,11
chr14:77622104-77623972,36,0,0,0,35,48,30,35
chr14:77666402-77669400,17,269,233,12,24,118,124,248
chr14:77785601-77787000,23,57,57,49,119,0,50,58
chr14:80464001-80466063,40,0,0,127,76,61,14,44
chr14:81247184-81247553,55,0,0,0,44,0,19,11
chr14:81256202-81257200,110,73,14,38,109,0,31,107
chr14:85907401-85908800,18,0,0,16,51,0,0,44
chr14:87154201-87158800,34,22,0,3,12,0,14,0
chr14:90057001-90058600,0,0,56,9,0,0,13,74
chr14:90516001-90519399,5,0,0,46,0,20,0,19
chr14:91228529-91228714,28,0,0,75,0,33,37,8
chr14:91229779-91230068,39,5,0,85,12,94,108,40
chr14:91231511-91231742,0,37,22,53,127,28,102,61
chr14:91257489-91257665,0,0,8,18,28,82,42,30
chr14:91520402-91522199,21,23,26,0,78,0,61,86
chr14:91962001-91962600,0,6,0,6,0,0,15,16
chr14:92507387-92507665,0,12,19,0,42,25,14,12
chr14:92692001-92695199,291,271,166,595,641,316,1152,469
chr14:92698401-92698600,0,47,0,33,43,8,107,49
chr14:92699001-92699200,21,8,0,19,22,0,63,0
chr14:92763601-92771400,46,12,0,6,0,0,8,0
chr14:92842802-92851200,37,96,358,184,46,33,95,0
chr14:92859601-92864200,13,22,0,50,0,0,28,0
chr14:93131201-93137200,8,19,0,5,0,0,0,8
chr14:94833601-94834000,11,0,34,0,18,26,0,0
chr14:95369401-95371800,21,0,0,0,19,28,22,0
chr14:95388601-95390600,62,0,0,42,93,0,223,229
chr14:95395001-95395800,0,0,14,38,34,50,118,66
chr14:95398647-95398914,26,0,0,8,26,29,20,15
chr14:95478002-95491600,406,310,479,851,541,242,506,296
chr14:95501110-95501341,11,32,0,30,49,53,0,0
chr14:95515121-95515434,40,40,0,28,8,16,26,11
chr14:95518474-95518828,576,255,94,203,389,321,269,362
chr14:96125002-96128399,20,0,0,25,18,121,45,0
chr14:96572802-96575599,20,22,0,115,0,27,57,0
chr14:96584106-96585999,0,0,28,3,0,0,31,22
chr14:96948602-96951199,0,0,0,61,42,97,75,41
chr14:96965602-96966999,23,18,12,26,94,0,66,64
chr14:97915982-97917648,4,0,0,40,20,0,15,0
chr14:99284401-99286400,17,0,14,0,98,0,68,188
chr14:99396001-99396401,7,47,100,47,0,0,55,0
chr14:99627802-99629409,110,178,262,168,68,79,86,161
chr14:100166825-100167318,7,0,53,14,33,0,10,40
chr14:100176801-100177000,7,3,10,24,27,0,10,6
chr14:100199201-100200000,0,24,0,12,0,0,15,20
chr14:100203602-100205399,112,278,193,165,130,185,89,0
chr14:101350201-101350800,48,0,0,6,40,9,43,43
chr14:101358202-101362199,59,71,81,175,861,530,124,139
chr14:101461801-101463199,14,45,51,50,21,0,0,22
chr14:101469601-101470600,536,450,899,178,1413,386,145,460
chr14:101495601-101498400,20,0,0,66,19,138,5,20
chr14:101512001-101512600,0,0,21,10,0,42,8,0
chr14:101520601-101521999,0,0,49,7,42,60,0,10
chr14:101932602-101935200,73,25,57,57,64,0,75,264
chr14:101945002-101945800,15,0,0,0,6,26,6,0
chr14:101963190-101963406,0,21,26,12,11,52,17,16
chr14:102587002-102588400,43,25,0,48,21,11,13,22
chr14:102749201-102750599,16,0,85,42,9,0,0,0
chr14:102754401-102754600,5,30,10,15,20,30,16,15
chr14:102755201-102755400,21,24,0,6,1,0,19,38
chr14:102759002-102762200,57,172,29,21,30,0,0,32
chr14:103058182-103058550,260,37,91,106,61,29,173,313
chr14:103197801-103199800,44,0,0,25,21,0,0,87
chr14:103205972-103206260,50,47,0,130,19,44,14,85
chr14:103267201-103267600,20,0,0,41,25,0,0,22
chr14:103267801-103268200,22,10,14,29,91,45,4,0
chr14:103512401-103514399,23,0,22,145,82,23,167,194
chr14:103538317-103538487,0,45,27,80,24,0,29,11
chr14:103540683-103540786,56,59,47,55,104,86,46,0
chr14:103542760-103542992,121,61,113,33,96,80,15,27
chr14:103552106-103552720,105,144,167,210,38,71,60,49
chr14:104135252-104135381,15,48,12,25,1,30,37,0
chr14:104671202-104675400,69,0,15,177,17,99,47,0
chr14:104826093-104826864,44,0,0,33,21,22,51,16
chr14:104827668-104827990,4,0,0,0,0,12,22,21
chr14:104856201-104856400,11,0,11,22,0,15,11,4
chr14:105024896-105025175,14,36,0,0,8,0,57,0
chr14:105027042-105027419,8,0,28,21,35,39,59,9
chr14:105037201-105039223,21,0,0,0,52,0,27,20
chr14:105066447-105066923,109,93,0,10,51,0,4,44
chr14:105067346-105067575,58,25,14,6,18,0,30,0
chr14:105069720-105070321,291,50,0,13,99,75,33,12
chr14:105070322-105070756,172,0,28,11,24,0,63,9
chr14:105070799-105071212,124,0,0,12,31,0,58,12
chr14:105072331-105072823,361,96,28,45,293,64,103,168
chr14:105075411-105075618,30,0,34,0,56,0,0,15
chr14:105076099-105076376,18,0,46,10,37,0,0,11
chr14:105080106-105080499,106,53,42,13,69,30,58,40
chr14:105511629-105511928,10,12,13,0,10,0,0,10
chr19:402201-402600,0,17,0,6,0,0,9,44
chr19:403206-403800,0,24,0,38,4,51,0,72
chr19:411601-413000,0,903,140,29,24,94,44,113
chr19:478201-479800,112,60,14,29,195,60,107,20
chr19:484602-486600,38,195,107,45,194,118,93,168
chr19:488227-488667,0,12,4,13,31,0,14,0
chr19:523974-524799,28,33,4,28,0,26,27,16
chr19:525401-526799,62,11,54,18,17,91,123,91
chr19:675340-675838,103,70,155,87,143,165,83,255
chr19:778401-780000,47,26,23,35,54,60,107,0
chr19:789337-789721,23,16,0,26,0,26,12,0
chr19:865401-865600,2103,970,553,448,449,982,1428,490
chr19:1503444-1503825,92,82,0,168,0,9,0,215
chr19:1871001-1871759,0,11,0,12,20,0,18,66
chr19:1931602-1934599,22,14,27,25,0,118,58,108
chr19:1935001-1936800,61,23,0,0,0,0,35,44
chr19:2060016-2060168,5,0,2,12,24,0,10,0
chr19:2067601-2067800,20,3,0,6,0,4,28,0
chr19:2068001-2068200,0,0,0,6,41,14,22,0
chr19:2966202-2967799,0,0,11,25,0,44,8,0
chr19:3133347-3133762,0,15,13,0,0,0,7,16
chr19:3165818-3165996,11,15,0,0,0,0,23,3
chr19:3470802-3472599,21,117,0,36,0,0,3,20
chr19:3955601-3955800,0,6,1,156,4,15,0,0
chr19:3999801-4000400,8,0,0,12,30,0,19,0
chr19:4068275-4068677,137,121,153,104,77,195,132,106
chr19:4089076-4089292,66,46,10,75,81,21,82,87
chr19:4242002-4243047,253,25,29,76,97,0,115,309
chr19:4567136-4567353,1,0,14,6,11,22,7,37
chr19:4567852-4568189,21,62,0,13,20,0,7,2
chr19:4568913-4569288,6,23,60,13,0,0,37,0
chr19:4570401-4571000,0,0,27,29,0,0,47,54
chr19:4578801-4579800,22,0,0,128,20,87,62,33
chr19:4609001-4613200,12,34,15,56,57,16,4,0
chr19:4634445-4634973,22,0,0,6,20,0,0,20
chr19:4672802-4673200,0,22,20,31,0,0,0,13
chr19:4673801-4674000,11,0,0,7,0,15,5,0
chr19:4729001-4729200,0,42,0,4,31,15,15,0
chr19:4880201-4881400,77,0,0,0,32,0,29,22
chr19:4889400-4889801,23,0,17,0,45,15,36,54
chr19:5580001-5580800,45,36,75,62,31,30,15,63
chr19:5583801-5584000,43,32,0,12,10,0,0,0
chr19:6656401-6656600,19,0,40,0,17,7,3,0
chr19:6674740-6675139,237,0,20,45,363,26,224,434
chr19:7007201-7011000,17,24,0,22,0,0,7,0
chr19:7103802-7106600,0,45,57,0,80,0,14,8
chr19:7301002-7302200,52,13,0,54,118,30,47,52
chr19:7303001-7303200,0,35,0,7,45,0,14,17
chr19:7345618-7345914,18,0,0,10,0,0,17,6
chr19:7568201-7569000,16,13,43,48,9,0,15,17
chr19:7705722-7706005,501,7,0,28,314,55,52,81
chr19:7707041-7707394,339,0,0,0,154,0,34,13
chr19:7792001-7793000,125,0,0,0,94,0,30,59
chr19:7951001-7954799,0,117,56,102,20,30,31,115
chr19:8179401-8184200,0,23,0,32,0,0,19,27
chr19:8203202-8205650,18,0,0,6,0,0,30,3
chr19:8350201-8350400,16,0,0,20,10,22,0,0
chr19:8361966-8362330,15,0,14,119,0,0,7,0
chr19:8410602-8412199,43,0,23,166,48,91,92,0
chr19:8441402-8442400,0,0,55,39,0,0,45,65
chr19:8503627-8503782,5,16,0,25,4,0,18,16
chr19:8680201-8682800,0,25,38,13,0,0,69,49
chr19:9135201-9137400,0,0,0,5,6,13,0,6
chr19:9589202-9589999,0,22,42,6,0,0,0,12
chr19:9596800-9598200,62,148,153,96,42,0,4,0
chr19:9708602-9709999,20,0,28,17,157,52,86,26
chr19:9745321-9745598,0,0,0,46,49,0,31,33
chr19:9944602-9947599,107,24,27,35,0,23,0,0
chr19:10124602-10128599,77,78,29,138,142,31,144,197
chr19:10236089-10236445,69,0,11,6,20,22,19,22
chr19:10242400-10243200,29,0,0,19,8,30,0,22
chr19:10388402-10389599,67,29,0,81,21,0,0,5
chr19:10482801-10484000,0,139,84,18,0,30,33,10
chr19:10541201-10542599,0,0,12,5,0,0,5,10
chr19:10646001-10650399,26,14,8,14,0,0,4,0
chr19:10714201-10714400,48,16,77,10,51,70,59,19
chr19:10946802-10948800,20,0,29,5,0,0,70,43
chr19:11080601-11082600,113,0,29,260,76,0,128,58
chr19:11284602-11289400,7,7,17,28,6,9,0,6
chr19:11693926-11694125,6,0,0,17,34,0,13,9
chr19:12726601-12727200,10,0,0,19,18,0,19,44
chr19:12760403-12761035,228,3,89,117,67,116,175,68
chr19:13167568-13168177,76,20,28,9,12,20,28,46
chr19:13177201-13184000,10,0,12,46,18,0,49,19
chr19:14017002-14020000,0,39,5,10,0,11,0,21
chr19:14021401-14027400,0,29,0,40,16,0,0,8
chr19:14420802-14426599,26,75,0,24,0,34,42,0
chr19:15149401-15151077,22,0,149,52,0,6,5,0
chr19:15207401-15214600,236,23,40,164,19,85,260,10
chr19:15215201-15215800,40,0,0,30,0,0,28,18
chr19:15216400-15217000,22,23,7,25,0,0,8,21
chr19:15223288-15223785,52,4,52,39,38,0,27,29
chr19:15337001-15337401,37,60,36,111,29,15,15,15
chr19:15505002-15505800,15,0,7,3,7,0,0,0
chr19:15606201-15607800,0,36,0,50,28,82,9,25
chr19:15841801-15846400,41,0,25,7,0,63,19,6
chr19:16330495-16330767,100,8,0,769,0,216,18,150
chr19:16883401-16883801,22,36,28,24,0,0,0,33
chr19:16887643-16887762,8,0,14,8,0,15,0,0
chr19:17035601-17036999,4,0,12,0,0,30,5,0
chr19:17399400-17400200,7,49,105,132,58,0,130,0
chr19:17737402-17740600,14,52,35,27,8,57,39,51
chr19:18021182-18021761,22,0,0,15,11,0,0,21
chr19:18185401-18185801,22,0,28,6,0,47,0,0
chr19:18188001-18188600,0,24,0,6,20,0,8,10
chr19:18287992-18288167,22,20,0,33,7,12,6,26
chr19:18290199-18290705,53,0,0,18,35,46,66,75
chr19:18291538-18292754,140,71,27,89,111,43,141,192
chr19:18293289-18293729,0,10,0,28,18,0,15,4
chr19:18294516-18295042,0,0,0,96,39,14,6,0
chr19:18296001-18297759,41,17,0,206,0,27,94,132
chr19:18304221-18305306,86,14,7,77,95,0,68,186
chr19:18415522-18415844,0,0,0,13,25,0,6,20
chr19:18416692-18417229,155,39,33,99,199,38,70,138
chr19:18681202-18681800,64,0,0,12,20,0,15,21
chr19:18802001-18802817,41,0,0,38,229,90,127,21
chr19:18948201-18949400,112,0,0,0,176,87,29,40
chr19:18951202-18953460,205,25,29,51,511,223,217,511
chr19:19377850-19378127,11,24,0,23,0,0,23,21
chr19:21201402-21203367,17,67,83,73,0,31,16,0
chr19:21286725-21286807,126,72,95,61,143,62,104,113
chr19:21599601-21601400,126,73,26,19,74,0,72,91
chr19:28130202-28131399,35,0,0,13,0,0,14,15
chr19:28980001-28980801,22,0,0,0,129,0,28,52
chr19:29203601-29204600,35,0,0,60,0,148,35,0
chr19:29645002-29647200,0,10,0,3,15,30,4,44
chr19:29680597-29680865,0,12,0,9,10,46,15,0
chr19:29685001-29686800,190,97,247,47,81,146,70,135
chr19:29687001-29689799,146,178,98,296,96,299,188,317
chr19:29690601-29691409,12,50,49,57,65,23,88,10
chr19:29693202-29695700,59,167,157,374,144,262,274,156
chr19:30017201-30017600,0,46,56,36,25,87,34,0
chr19:30023201-30024400,66,94,0,268,0,0,16,20
chr19:30036001-30036401,89,391,192,193,216,18,240,189
chr19:30046402-30047800,35,11,18,39,0,0,55,0
chr19:33226777-33227190,20,0,13,0,48,0,29,12
chr19:33235001-33235999,0,0,0,57,41,0,77,75
chr19:33237201-33237400,0,0,0,8,9,0,7,3
chr19:33238602-33243400,0,0,26,0,19,0,24,48
chr19:33267817-33268314,0,4,0,6,3,0,0,31
chr19:33273981-33274307,0,0,0,9,13,38,0,51
chr19:33278638-33279036,0,0,28,6,20,15,0,0
chr19:33298982-33299379,0,49,121,21,0,15,20,0
chr19:33310002-33311600,35,0,0,23,57,76,155,132
chr19:33911201-33911400,17,0,0,17,16,0,37,0
chr19:34231001-34234600,21,105,46,152,0,0,78,10
chr19:34235802-34237000,0,23,2,102,21,0,0,0
chr19:34472001-34472600,82,327,979,303,121,283,95,128
chr19:34580326-34580476,23,22,28,22,41,48,0,0
chr19:34920001-34920985,85,0,0,94,135,21,169,147
chr19:34987602-34993000,0,0,60,13,22,10,44,0
chr19:35174601-35180800,9,0,80,20,0,0,6,9
chr19:35427001-35427687,11,0,56,19,31,267,74,123
chr19:35430970-35431510,0,24,0,9,25,151,7,40
chr19:35638929-35639799,9,24,16,29,0,0,15,44
chr19:35883601-35885000,23,272,62,119,24,30,18,10
chr19:35885201-35885400,56,57,17,20,0,45,34,93
chr19:35909230-35909740,0,15,17,0,42,0,16,11
chr19:35998994-36000199,349,648,331,223,134,286,445,213
chr19:36155401-36156800,31,22,85,323,228,30,305,40
chr19:36492201-36493000,175,435,311,186,157,297,202,264
chr19:37866001-37867599,16,49,56,29,68,28,14,6
chr19:38400801-38401201,0,41,28,10,0,0,14,38
chr19:38639601-38641200,45,26,56,142,131,41,112,216
chr19:38641401-38642660,18,72,0,98,70,0,15,32
chr19:38644201-38645399,0,49,0,38,21,0,0,22
chr19:38799002-38800219,0,0,13,29,18,0,45,0
chr19:38856202-38860600,26,14,0,37,60,0,91,76
chr19:39072402-39075199,12,13,0,0,11,0,14,0
chr19:39401262-39402205,93,675,231,126,54,128,82,176
chr19:39816201-39816800,146,132,113,240,88,119,188,169
chr19:39818401-39818600,43,14,0,73,23,0,26,38
chr19:39818801-39819000,3,17,29,96,12,0,52,18
chr19:39963601-39964600,44,0,0,0,0,17,18,11
chr19:39968042-39968311,0,0,0,23,0,36,24,9
chr19:40189981-40190252,24,34,35,54,34,95,60,79
chr19:40228001-40228600,158,149,72,59,81,0,235,199
chr19:40304200-40304801,28,76,55,143,109,29,148,60
chr19:40305001-40305200,17,4,14,0,22,0,16,75
chr19:40305270-40305815,30,32,22,48,38,15,152,100
chr19:40307601-40308800,96,37,53,155,111,121,129,130
chr19:40314001-40315600,282,679,495,905,674,221,793,862
chr19:40433184-40434424,11,26,41,0,20,0,57,43
chr19:40439202-40440000,22,22,0,0,0,30,0,10
chr19:40630601-40630800,522,11,73,260,133,127,204,30
chr19:40631201-40631600,1023,83,71,517,303,349,642,62
chr19:40920601-40923000,21,0,17,12,0,28,0,0
chr19:41589402-41592799,0,22,50,83,116,0,189,241
chr19:41593802-41596399,23,8,134,35,42,0,26,109
chr19:41597201-41598400,0,5,55,34,0,0,22,0
chr19:41610601-41613599,13,88,27,0,28,0,0,13
chr19:41615201-41617999,342,1591,649,92,372,60,170,93
chr19:41940575-41940951,22,24,0,10,19,0,35,17
chr19:41942202-41947799,594,393,72,743,215,266,469,130
chr19:42710200-42711000,15,24,0,0,15,0,29,0
chr19:42897402-42900799,0,49,0,34,32,0,14,108
chr19:43454001-43456800,0,9,0,4,0,11,0,8
chr19:43620486-43620770,69,12,19,27,48,15,47,64
chr19:43675354-43675701,17,12,0,0,15,0,10,15
chr19:43720801-43721400,21,55,0,25,27,0,0,0
chr19:43782839-43783147,15,0,0,31,27,29,26,60
chr19:44313601-44314000,0,0,23,53,20,0,15,0
chr19:44316968-44317298,13,49,38,68,48,42,116,33
chr19:44320484-44320874,61,24,79,126,27,0,93,0
chr19:44321393-44321795,33,0,111,74,41,30,74,57
chr19:44323769-44323888,29,20,10,46,9,0,25,0
chr19:44745242-44746208,823,61,635,208,298,42,3422,1109
chr19:45706001-45706801,61,153,41,5,10,95,31,32
chr19:45707200-45707601,0,0,23,15,0,0,25,37
chr19:46287402-46290600,19,5,11,13,0,6,0,0
chr19:46395001-46396199,52,25,0,23,118,0,86,36
chr19:46404071-46404392,48,12,0,70,56,15,31,21
chr19:46408109-46408448,0,0,0,75,52,0,10,51
chr19:46614349-46614399,25,0,22,11,39,0,40,27
chr19:46644601-46645200,0,34,0,76,0,0,25,51
chr19:46717694-46717848,15,73,14,18,4,15,4,94
chr19:46718240-46718560,75,305,103,39,59,112,98,218
chr19:46791401-46794000,19,21,0,32,42,5,32,0
chr19:46831001-46831200,8,39,0,5,4,24,8,0
chr19:47012601-47013600,13,0,0,12,23,67,0,0
chr19:47050601-47051000,18,15,0,6,20,0,12,0
chr19:47057202-47059376,0,10,0,23,0,12,18,0
chr19:47237201-47237400,11,0,0,12,0,9,14,0
chr19:47252802-47254399,33,28,0,25,41,60,44,74
chr19:47277202-47278710,157,88,179,208,252,8,231,162
chr19:47279352-47280644,231,88,139,187,147,40,408,170
chr19:47284001-47284800,87,5,17,150,0,30,83,20
chr19:47286801-47287200,89,6,29,10,36,0,0,0
chr19:47323591-47323898,334,111,66,47,503,160,237,880
chr19:47323989-47324101,8,0,2,8,19,0,0,36
chr19:47324466-47324854,66,4,0,11,45,26,10,126
chr19:47383285-47383718,85,104,73,113,38,100,113,100
chr19:47389218-47389718,0,0,0,39,20,0,48,21
chr19:47575802-47579999,18,6,0,14,0,0,8,12
chr19:47773602-47774599,13,37,27,10,62,29,37,0
chr19:48288401-48289000,18,73,0,3,10,11,6,0
chr19:48377401-48379662,40,387,138,206,176,89,285,236
chr19:48393125-48393776,657,419,517,320,371,303,164,381
chr19:48684201-48684800,69,0,0,55,78,26,31,0
chr19:48685201-48686001,73,0,35,90,103,0,56,22
chr19:48694464-48695000,46,17,0,97,0,25,17,39
chr19:48708401-48708800,59,0,34,73,29,15,34,0
chr19:48768401-48773800,0,0,40,18,7,0,5,0
chr19:48927044-48927659,77,231,155,45,38,30,78,94
chr19:48950142-48951295,0,5,51,17,20,0,15,33
chr19:48962298-48963010,90,66,116,20,49,0,31,56
chr19:49073455-49075400,23,0,0,13,21,42,40,11
chr19:49109802-49111399,97,26,0,50,78,0,46,97
chr19:49215801-49216201,0,49,0,84,10,0,15,22
chr19:49217201-49218000,0,24,0,40,20,0,45,22
chr19:49224613-49225343,0,0,0,50,2,5,15,2
chr19:49225857-49226600,0,12,0,11,31,0,25,10
chr19:49231201-49232000,37,24,0,74,40,14,29,22
chr19:49329602-49330400,265,392,601,476,459,207,757,347
chr19:49629601-49630000,35,136,79,266,50,30,87,33
chr19:49630601-49632599,322,639,674,595,175,51,322,270
chr19:49633241-49633800,113,353,177,167,46,0,50,77
chr19:49724400-49724800,96,71,72,159,205,87,65,172
chr19:49727001-49728805,598,371,421,473,1045,343,450,529
chr19:49738202-49739200,68,0,27,57,94,0,52,43
chr19:51086401-51086800,109,16,0,12,71,9,53,28
chr19:51090601-51090800,0,18,28,7,17,0,32,3
chr19:51092200-51092600,0,0,0,0,10,19,44,22
chr19:51093741-51095400,29,43,55,37,161,29,87,12
chr19:51123597-51123956,22,12,0,12,10,2,104,55
chr19:51124049-51124095,7,0,17,0,5,0,12,15
chr19:51219001-51220000,218,119,27,44,222,306,380,88
chr19:51514625-51516200,23,0,0,26,0,0,22,22
chr19:51607001-51608419,53,0,23,0,130,0,179,84
chr19:52233001-52233800,11,24,0,98,10,0,31,0
chr19:52421002-52421600,956,401,418,672,535,308,375,999
chr19:52698000-52698401,0,24,13,0,10,0,0,44
chr19:53497317-53498399,76,0,28,85,0,171,13,66
chr19:53612202-53613799,19,23,17,29,0,0,34,0
chr19:53619616-53623200,21,0,0,54,4,0,22,0
chr19:53785078-53786200,10,0,20,13,0,0,0,3
chr19:54196001-54198200,69,0,24,42,78,13,43,9
chr19:54271186-54271409,32,0,0,5,2,8,27,0
chr19:54342401-54349600,161,94,66,18,177,28,335,449
chr19:54373568-54374541,49,0,0,8,156,0,66,176
chr19:54375199-54375557,2,8,11,0,52,0,36,30
chr19:54919435-54920110,52,35,0,26,69,24,2,32
chr19:55519801-55520607,308,266,85,289,136,92,118,211
chr19:56085001-56085200,0,11,0,26,0,0,52,12
chr19:56085400-56085601,20,64,0,47,0,0,54,58
chr19:56085800-56086200,85,64,127,25,10,30,76,69
chr19:56161802-56163600,0,0,26,0,0,28,14,10
chr19:57301202-57303400,8189,6145,7412,12054,10859,4492,11318,9323
chr19:57338195-57339264,99,138,87,139,138,88,237,99
chr19:57667201-57667800,64,61,0,114,68,78,47,34
chr19:57764801-57765800,40,14,27,63,56,23,26,50
chr19:58383801-58384000,1,0,0,5,4,0,10,5
chr19:58427550-58427666,16,12,12,36,16,10,28,91
chr18:303402-305600,72,64,81,0,21,0,22,0
chr18:312801-313000,93,0,0,21,7,0,3,16
chr18:313801-314600,112,52,31,96,37,64,27,132
chr18:814740-815072,0,12,0,16,0,5,0,18
chr18:2514202-2518200,358,137,81,554,71,197,289,406
chr18:2518401-2518800,22,0,0,70,13,0,17,44
chr18:2534801-2535400,17,26,0,64,0,0,8,40
chr18:2535601-2536000,0,7,0,94,17,48,115,5
chr18:2842142-2842480,11,13,12,6,10,0,27,0
chr18:2845346-2845546,0,0,0,7,17,3,15,4
chr18:3033602-3039799,18,0,0,0,8,12,12,0
chr18:3486601-3486999,24,24,0,12,42,0,59,45
chr18:4760237-4760443,1,0,0,10,14,0,13,20
chr18:5334601-5335399,76,84,28,18,80,14,24,59
chr18:7323000-7326400,20,0,0,11,18,0,24,0
chr18:7366542-7372600,63,0,11,15,91,59,31,26
chr18:7512002-7512999,0,0,0,7,94,0,27,53
chr18:7514002-7517399,0,0,56,8,0,47,0,9
chr18:7561402-7562999,0,146,41,13,13,0,31,88
chr18:9895001-9896001,10,0,7,57,0,0,22,0
chr18:9898001-9901799,45,80,70,141,41,0,47,44
chr18:9965602-9966800,16,0,26,25,21,0,58,0
chr18:10090002-10091599,0,0,0,25,15,31,0,23
chr18:10145201-10146000,0,0,23,0,20,0,109,51
chr18:10283001-10292800,14,32,36,0,0,58,152,0
chr18:10497002-10500200,23,292,59,13,21,63,76,0
chr18:10579202-10581200,0,6,0,21,0,59,12,0
chr18:11178801-11179563,0,0,0,610,146,0,11,22
chr18:11934602-11938599,0,0,0,47,76,0,12,17
chr18:11947273-11947715,54,28,74,32,49,58,36,37
chr18:12034002-12035200,43,0,28,23,62,0,0,22
chr18:12233117-12233827,0,150,56,12,86,35,4,0
chr18:12236855-12237800,0,71,12,11,55,0,31,60
chr18:12238401-12239883,86,75,13,26,89,181,15,0
chr18:13130001-13130200,0,0,14,14,10,0,0,3
chr18:13137961-13138445,84,0,53,29,162,84,65,238
chr18:13658001-13659800,18,0,0,12,41,0,57,0
chr18:13660202-13662399,0,0,28,37,0,0,15,22
chr18:13808202-13812199,0,19,29,37,43,0,8,17
chr18:22346530-22346660,0,0,0,15,7,0,8,5
chr18:22465601-22473200,0,0,0,0,31,60,23,154
chr18:22608698-22610399,55,0,0,74,41,30,36,22
chr18:23066802-23075200,37,13,0,7,11,0,0,0
chr18:23113602-23116999,20,0,0,40,18,0,98,29
chr18:23125601-23127600,41,0,0,25,30,0,95,5
chr18:23128801-23132399,80,0,0,70,19,0,63,0
chr18:23590743-23597600,61,44,0,150,56,0,63,69
chr18:24454201-24454400,12,40,113,27,10,36,19,20
chr18:24484402-24487399,103,0,55,22,0,0,114,43
chr18:31701001-31703999,246,0,189,261,444,379,450,165
chr18:31710402-31712200,0,0,26,12,9,0,13,20
chr18:31722600-31722801,26,0,0,10,40,14,5,2
chr18:31789002-31794600,33,18,0,14,0,0,5,0
chr18:31825600-31827117,61,71,256,96,62,36,64,55
chr18:31827201-31827400,60,99,60,25,19,56,73,63
chr18:34488001-34490200,72,93,48,199,21,30,63,262
chr18:34490401-34491200,0,117,112,286,40,14,11,67
chr18:34491801-34492000,0,7,13,80,0,0,6,35
chr18:35153001-35156000,0,0,0,12,0,17,15,56
chr18:35430002-35433009,17,0,0,25,41,59,43,21
chr18:35435601-35437399,45,49,26,38,91,242,201,284
chr18:35438202-35439260,0,24,29,25,58,27,87,7
chr18:35500001-35503200,0,26,53,46,0,0,16,0
chr18:35713001-35714600,473,614,602,362,252,253,452,757
chr18:35983401-35983801,10,77,30,25,25,30,114,44
chr18:36075001-36076800,16,126,56,22,74,0,195,20
chr18:37238601-37239000,201,46,3,134,34,124,57,40
chr18:37241801-37242200,170,71,90,81,183,100,142,41
chr18:43628000-43628201,17,21,0,0,0,0,16,19
chr18:43681602-43683200,0,26,0,0,32,0,16,23
chr18:43773601-43775000,0,11,28,0,0,60,10,40
chr18:43805800-43806200,0,12,78,0,36,34,7,49
chr18:43812001-43812600,0,24,0,31,111,0,39,64
chr18:43876400-43877400,0,111,141,32,190,0,5,80
chr18:43887001-43888200,0,317,48,33,54,19,53,122
chr18:43892601-43894200,0,99,0,12,57,15,9,23
chr18:43933201-43933600,2,354,17,42,275,190,141,297
chr18:44672800-44673400,142,57,23,43,56,0,36,49
chr18:44673601-44673800,34,18,0,0,20,0,7,26
chr18:45818401-45822199,39,55,140,35,271,30,98,198
chr18:46273601-46274601,11,111,0,66,0,7,30,0
chr18:46277802-46279599,0,49,33,35,0,28,50,0
chr18:46281001-46281822,0,0,21,73,0,30,22,16
chr18:46283001-46284600,59,114,169,77,57,57,52,55
chr18:46290801-46291800,106,204,185,98,124,83,216,228
chr18:46320755-46323399,43,73,196,26,0,26,21,0
chr18:46465802-46467199,23,25,0,66,115,27,39,77
chr18:46467401-46470400,201,44,111,114,49,148,139,100
chr18:46474602-46475600,19,0,0,38,10,15,23,46
chr18:47936001-47938599,15,38,14,10,82,0,69,22
chr18:48017201-48024599,33,24,27,25,20,0,15,0
chr18:48458601-48460400,21,0,20,9,19,0,5,0
chr18:48533802-48535600,0,0,43,7,19,0,57,78
chr18:48905402-48906799,0,25,28,61,0,0,14,0
chr18:48956445-48956653,11,20,0,58,0,21,0,0
chr18:51106693-51108399,0,75,28,59,53,0,0,62
chr18:51164201-51165800,0,26,29,12,21,0,0,23
chr18:51166802-51170098,44,21,36,30,0,0,0,0
chr18:53991155-53991999,22,0,28,9,0,0,0,22
chr18:54149114-54149434,0,36,12,42,0,0,10,44
chr18:54260753-54260936,4,14,0,0,15,14,17,0
chr18:56457002-56461600,20,22,0,38,18,0,14,0
chr18:56574202-56577200,22,24,0,32,0,89,31,21
chr18:56579201-56581000,16,0,26,12,0,0,0,88
chr18:57048401-57048800,11,30,25,12,0,0,56,11
chr18:57590868-57591226,73,166,232,131,113,104,189,211
chr18:57592001-57592600,11,0,14,12,16,0,0,20
chr18:57592728-57593799,22,5,0,39,0,29,11,0
chr18:57594001-57595600,133,180,23,223,92,0,218,76
chr18:57597401-57598200,49,27,0,28,41,23,35,83
chr18:57599800-57600029,3,25,42,34,0,67,17,34
chr18:57818602-57821999,172,22,25,91,41,0,63,0
chr18:57915202-57917200,38,127,33,13,41,23,12,31
chr18:57921002-57922199,17,25,0,13,16,0,0,5
chr18:61569002-61570399,73,16,0,47,0,121,46,0
chr18:61798001-61798800,0,0,23,20,0,25,10,22
chr18:61900801-61901801,40,24,25,29,78,59,15,0
chr18:62479001-62480400,39,0,0,39,0,30,40,22
chr18:62484802-62487199,21,0,0,12,0,28,32,0
chr18:62506372-62506673,14,22,0,33,6,0,28,11
chr18:62509601-62511599,89,0,0,50,46,150,124,81
chr18:62518601-62518800,70,0,13,58,29,20,0,55
chr18:62519801-62520000,28,0,0,14,12,3,56,22
chr18:62521986-62522281,17,75,99,11,7,25,166,82
chr18:63118201-63118800,65,166,0,30,0,15,31,22
chr18:63119155-63120069,0,15,13,19,11,0,2,0
chr18:66674001-66675200,44,0,0,25,21,90,16,0
chr18:67385400-67386800,0,25,0,24,0,30,62,28
chr18:67455001-67456401,79,41,12,0,0,0,31,0
chr18:67467201-67468600,110,0,0,13,0,0,27,28
chr18:67471001-67471200,0,10,0,6,14,7,7,33
chr18:67489801-67490200,10,12,0,60,9,131,81,30
chr18:67494001-67495400,100,50,80,68,21,144,73,113
chr18:67500601-67500800,74,142,123,100,36,37,39,110
chr18:67504201-67505600,288,166,90,219,132,180,170,130
chr18:69123201-69123999,0,0,0,82,41,11,36,0
chr18:69129201-69129400,0,0,0,12,17,41,0,7
chr18:69140804-69140990,0,0,14,28,7,0,19,11
chr18:69204601-69206400,0,0,0,181,71,188,448,109
chr18:69209001-69209200,38,0,0,39,103,55,96,86
chr18:70245801-70246600,54,0,0,4,18,0,0,22
chr18:70370602-70374800,0,0,0,14,0,33,60,42
chr18:70397401-70398400,22,17,0,0,20,0,0,21
chr18:73283800-73284001,0,32,0,10,17,55,28,0
chr18:73286601-73286800,19,28,0,24,0,0,21,20
chr18:73300001-73300600,0,49,0,31,0,124,29,0
chr18:73305601-73306200,0,24,0,79,0,32,40,0
chr18:73322801-73323200,0,22,0,11,0,41,21,22
chr18:73406602-73409199,108,42,62,59,21,138,59,37
chr18:73461201-73462401,0,39,28,20,46,133,13,43
chr18:73563317-73564714,43,25,0,23,13,77,0,0
chr18:73613736-73615999,16,48,0,78,0,0,0,19
chr18:73645002-73647780,224,172,97,108,129,484,97,84
chr18:73669249-73671137,22,37,0,12,103,116,27,21
chr18:73680000-73680800,49,384,295,88,150,469,210,323
chr18:73683601-73684400,119,305,231,171,236,948,213,263
chr18:73685000-73685400,10,95,35,0,41,148,21,16
chr18:73688402-73692000,59,117,166,70,103,327,67,26
chr18:75067057-75067237,5,71,0,4,34,0,7,0
chr18:75068732-75069419,367,602,58,7,1200,1066,75,167
chr18:75170401-75171400,0,44,14,48,0,21,0,53
chr18:75172602-75174000,18,0,0,62,0,0,14,10
chr18:75192601-75193000,22,0,8,14,0,7,13,26
chr18:76316801-76317599,10,24,0,0,41,0,31,10
chr18:77139202-77142000,0,22,0,0,42,0,31,134
chr18:77165506-77168399,26,0,58,21,19,0,41,21
chr18:77299401-77299600,11,12,0,0,0,19,7,0
chr18:79380803-79381361,0,21,50,72,10,15,50,0
chr18:79385800-79386600,45,54,28,102,123,90,17,44
chr18:79388002-79388999,41,58,0,89,0,90,51,50
chr18:79393556-79394505,45,24,38,24,20,0,0,0
chr18:79599001-79599399,0,0,0,20,15,0,18,22
chr18:79955299-79955635,35,18,0,62,72,12,66,64
chr18:79957401-79958400,43,21,0,20,17,0,53,52
chr22:16542272-16545399,28,0,17,13,17,0,9,13
chr22:17062602-17065200,776,691,351,747,1109,432,204,683
chr22:17074601-17078400,494,341,352,321,824,240,180,485
chr22:17279802-17282200,10,0,26,12,19,0,0,0
chr22:17731601-17732200,527,1527,663,512,933,912,743,711
chr22:17732401-17732600,387,433,531,113,391,313,281,176
chr22:17781669-17782081,22,0,99,0,0,30,0,10
chr22:18055001-18059799,0,0,0,280,39,0,64,6
chr22:18060801-18064399,0,47,0,146,0,0,14,20
chr22:18064602-18069600,22,0,0,473,0,29,15,36
chr22:18767001-18772199,69,254,192,114,149,164,177,0
chr22:19533201-19535600,0,0,71,38,0,14,7,34
chr22:19570802-19572599,21,0,0,25,0,0,16,20
chr22:19576002-19581399,0,0,30,27,0,74,11,62
chr22:19604402-19611599,21,94,0,0,59,114,0,41
chr22:19674201-19675200,26,0,0,32,20,0,0,20
chr22:19736602-19739400,41,155,0,26,0,0,28,20
chr22:19858801-19859000,19,0,25,1,9,55,0,0
chr22:19865201-19866000,0,0,0,49,20,0,28,32
chr22:20194254-20196200,0,66,28,0,42,0,0,11
chr22:20221401-20223200,21,23,16,33,22,14,0,0
chr22:21362419-21365000,23,0,0,37,0,0,34,45
chr22:21752939-21757956,389,475,409,776,433,178,446,488
chr22:21875002-21878000,40,73,0,177,139,0,46,39
chr22:21916402-21918227,341,268,186,583,403,61,247,172
chr22:23166600-23167601,106,19,31,130,61,0,15,11
chr22:23168401-23168801,0,49,0,91,25,0,68,38
chr22:23173783-23175288,0,0,0,115,20,29,60,0
chr22:23324001-23324400,22,49,0,18,0,0,7,0
chr22:23333801-23334000,8,32,30,8,2,34,41,18
chr22:23335401-23335800,0,123,0,1,136,0,78,20
chr22:23596001-23597000,43,0,24,60,0,0,56,15
chr22:23601201-23601800,11,0,0,27,0,60,65,61
chr22:23755401-23757600,0,0,48,39,18,4,100,175
chr22:23910600-23910801,141,78,0,164,237,123,177,0
chr22:23913783-23914224,194,168,0,182,209,207,338,0
chr22:23919571-23920600,46,72,0,374,101,91,323,0
chr22:23921465-23922024,97,49,0,158,55,29,204,0
chr22:24213601-24214000,67,74,28,17,34,30,46,11
chr22:24214601-24214800,15,16,32,56,11,32,93,5
chr22:24529801-24530200,0,8,0,22,0,0,15,33
chr22:24533401-24533600,0,24,0,15,10,0,23,11
chr22:24665601-24666000,11,1,0,1,75,0,6,11
chr22:25245001-25245800,15,124,28,134,73,220,62,0
chr22:25347001-25349000,251,356,89,96,378,205,587,188
chr22:25525601-25526000,79,0,28,56,0,0,14,11
chr22:25526201-25527999,153,73,126,290,155,53,147,5
chr22:25536600-25537200,18,58,0,109,18,60,29,0
chr22:26518201-26518400,25,60,88,57,22,19,54,16
chr22:26632242-26633999,18,0,0,53,21,73,45,0
chr22:26781601-26782160,44,33,14,84,0,51,21,17
chr22:26783601-26786304,185,189,175,768,167,208,249,43
chr22:26798601-26798800,22,0,42,69,37,45,81,34
chr22:26799001-26799200,73,0,0,27,60,15,72,11
chr22:26800401-26801400,0,4,3,227,35,29,53,11
chr22:26805001-26805600,100,0,0,69,41,29,38,0
chr22:26808601-26808800,0,0,0,69,28,0,19,53
chr22:26810402-26811599,139,0,0,206,108,80,174,22
chr22:26811801-26812000,0,15,0,42,47,15,18,0
chr22:26836200-26837000,83,22,0,153,62,30,106,30
chr22:26838001-26839200,12,25,0,169,82,0,58,0
chr22:26844802-26846000,86,0,0,109,3,0,34,43
chr22:26846579-26847400,0,0,0,94,95,0,51,21
chr22:26847801-26848801,65,24,27,112,45,0,90,0
chr22:26852002-26852600,106,53,94,239,138,148,153,80
chr22:26985201-26987600,46,23,0,117,326,0,213,108
chr22:27063001-27066399,15,0,0,20,125,0,17,44
chr22:27211401-27215200,306,0,0,54,0,0,74,55
chr22:27482401-27482999,886,0,0,46,47,0,0,35
chr22:27500602-27502000,129,0,0,41,21,0,59,83
chr22:27502342-27502800,48,0,0,16,20,0,0,35
chr22:27505001-27508200,210,0,0,56,0,12,0,9
chr22:27808602-27811599,22,107,50,45,82,207,148,121
chr22:27831401-27833000,0,0,41,58,10,0,48,76
chr22:27835002-27836663,22,73,0,12,20,29,17,21
chr22:27842201-27843999,21,20,20,114,0,0,26,47
chr22:28769094-28769356,17,0,12,19,1,0,15,9
chr22:28790202-28793507,118,199,85,120,77,143,133,0
chr22:28855600-28856200,0,9,0,81,40,29,59,0
chr22:28864401-28865800,77,73,28,42,26,60,0,42
chr22:28868001-28868880,22,17,57,12,2,41,0,11
chr22:29184401-29185200,74,11,0,21,129,71,121,70
chr22:29202892-29203180,0,24,0,0,0,20,3,10
chr22:29503602-29504800,318,152,37,1267,617,234,419,471
chr22:29589855-29590800,0,0,47,10,0,133,7,0
chr22:29772168-29774000,0,80,0,26,0,0,15,5
chr22:29778002-29783000,620,310,111,300,439,207,243,181
chr22:29784201-29785400,44,25,215,63,41,128,69,40
chr22:29786201-29786400,37,49,39,21,35,32,55,36
chr22:29787123-29788054,157,112,41,142,110,138,62,83
chr22:29854201-29858000,0,12,14,6,0,0,7,16
chr22:29858602-29862600,5,26,44,6,5,0,12,40
chr22:30212550-30213117,59,0,28,6,0,0,13,0
chr22:30270809-30271336,0,20,0,21,52,0,15,20
chr22:30273020-30273768,90,206,102,51,100,0,179,102
chr22:30273817-30274034,35,19,112,49,39,29,102,9
chr22:30279507-30279807,0,8,13,13,13,0,22,9
chr22:30634412-30634749,17,12,10,38,19,105,0,28
chr22:30678202-30679999,21,85,0,53,49,10,74,36
chr22:30680402-30682400,23,0,0,10,0,0,16,23
chr22:30989201-30990999,21,0,0,48,0,28,24,0
chr22:30995001-30998000,0,0,0,7,16,0,27,43
chr22:31350401-31351000,598,517,665,337,597,500,355,834
chr22:32280201-32282000,129,23,83,298,14,0,46,52
chr22:32311791-32312024,38,69,55,88,1,15,125,94
chr22:32319801-32320799,180,71,9,226,10,45,136,52
chr22:32325401-32326272,19,45,0,189,0,107,78,41
chr22:32473455-32474132,23,8,84,22,103,53,0,77
chr22:33066601-33067200,147,131,242,70,124,22,60,276
chr22:33093201-33094400,112,43,28,111,41,0,22,116
chr22:35443401-35444201,45,0,0,77,20,0,0,22
chr22:35445802-35449000,81,15,0,111,144,31,86,106
chr22:35451001-35451200,11,0,6,11,19,0,15,17
chr22:35451600-35452401,98,0,0,72,49,11,224,60
chr22:35453001-35453400,0,0,0,17,4,30,11,5
chr22:35454001-35454200,17,0,0,15,51,30,15,0
chr22:35454401-35454600,28,10,0,20,27,0,36,79
chr22:35467001-35469200,0,25,16,93,57,30,70,19
chr22:35677601-35678200,0,22,0,19,38,60,21,88
chr22:35732402-35734999,0,0,28,43,21,15,29,0
chr22:36110002-36110999,0,107,12,0,35,27,41,0
chr22:36117001-36117400,0,0,0,6,51,0,27,18
chr22:36121001-36121600,438,3183,241,436,589,743,668,447
chr22:36127069-36127437,0,413,45,47,115,60,74,56
chr22:36129601-36130200,14,677,0,139,267,123,163,128
chr22:36133401-36135200,59,749,130,204,165,270,283,73
chr22:36184001-36184801,0,74,0,8,117,0,62,16
chr22:36218401-36219400,76,22,0,25,43,0,31,21
chr22:36276401-36280200,391,211,253,498,260,180,369,413
chr22:36419317-36419508,3,0,0,24,0,0,16,6
chr22:36462141-36462393,0,26,28,35,25,30,31,139
chr22:36484221-36484962,55,25,41,27,81,0,73,66
chr22:37464001-37465200,416,211,463,222,499,605,869,282
chr22:37467201-37467400,42,49,77,69,32,19,153,68
chr22:37467600-37467801,99,17,105,93,43,60,100,22
chr22:37667801-37668600,0,0,0,10,0,30,12,19
chr22:37779201-37779400,165,35,35,70,119,45,80,13
chr22:37779601-37779800,201,206,169,140,104,19,111,160
chr22:37781402-37785800,2951,3808,3860,1827,2409,687,2440,1731
chr22:37791202-37792809,16,115,26,34,52,0,26,21
chr22:37901001-37901999,0,0,0,28,10,0,2,4
chr22:38275801-38276601,15,19,0,32,0,0,0,22
chr22:38286801-38287600,82,36,83,115,0,60,107,51
chr22:38510001-38511200,0,0,0,25,52,14,13,20
chr22:38516601-38517000,0,24,28,12,0,0,8,0
chr22:38704912-38705182,14,37,0,35,66,84,60,164
chr22:39110202-39111799,181,143,118,155,67,0,33,104
chr22:39116903-39117042,10,12,0,14,19,0,0,0
chr22:39202802-39203599,275,62,26,92,117,0,382,0
chr22:39204402-39208634,955,96,47,938,389,125,1524,368
chr22:39212822-39213198,97,57,48,76,22,2,94,0
chr22:39214249-39214840,132,0,0,175,34,25,259,0
chr22:39214956-39215147,28,0,0,35,24,0,41,8
chr22:39219201-39220400,132,68,28,222,263,0,258,20
chr22:39220601-39221601,43,0,0,78,170,0,88,0
chr22:39984200-39985000,0,26,0,4,20,3,0,0
chr22:40652061-40652348,2,0,0,0,18,45,0,22
chr22:40660602-40661400,22,0,0,4,39,30,31,20
chr22:40664602-40667200,11,0,0,52,0,0,45,86
chr22:40668002-40670200,59,0,40,27,81,0,6,131
chr22:40732847-40733050,0,11,0,7,76,0,0,25
chr22:40735601-40736000,0,56,0,34,57,0,15,0
chr22:40950251-40950540,0,25,0,18,11,14,12,16
chr22:41001311-41003727,0,0,8,28,79,9,7,17
chr22:41021537-41021903,11,0,0,2,12,0,6,55
chr22:41027801-41031365,0,23,0,3,9,56,0,0
chr22:41038401-41040200,0,0,6,6,17,28,0,0
chr22:41078401-41080000,23,0,14,46,0,60,0,0
chr22:41242401-41243000,18,77,0,39,20,0,21,0
chr22:41288309-41288538,17,0,0,14,31,0,34,0
chr22:41295602-41297199,21,0,0,18,0,22,14,0
chr22:41413484-41414893,198,62,0,323,226,75,211,237
chr22:41420401-41423000,194,63,149,481,271,231,123,101
chr22:41425602-41426400,188,44,68,262,159,1,133,82
chr22:41448331-41448949,57,106,84,122,75,0,38,178
chr22:41591801-41592000,33,47,0,6,2,0,35,31
chr22:41665001-41665400,22,24,0,51,0,60,72,11
chr22:41666735-41666949,13,559,345,120,183,137,99,335
chr22:41667535-41667778,106,127,150,81,38,0,42,104
chr22:41931984-41933199,0,11,56,62,11,0,12,22
chr22:42375112-42375239,19,5,27,0,23,0,1,83
chr22:42376090-42376259,23,81,31,14,10,0,22,34
chr22:42653001-42655399,10,74,75,12,0,0,2,0
chr22:42655698-42659400,16,24,20,50,55,21,0,0
chr22:42665001-42665400,16,19,0,9,0,0,41,0
chr22:42679480-42679670,0,0,8,36,0,0,25,35
chr22:42680671-42681076,50,195,0,60,94,10,95,47
chr22:42688461-42688745,23,147,173,109,68,45,136,19
chr22:42751201-42756600,8,0,0,0,7,10,11,0
chr22:43018508-43019000,20,8,0,12,79,65,76,42
chr22:43019239-43020000,36,2,0,25,17,51,30,2
chr22:43024201-43026199,59,22,0,52,21,0,51,75
chr22:43027401-43028999,0,23,0,50,30,0,39,0
chr22:44440601-44440800,0,0,0,11,11,0,12,15
chr22:44448002-44450599,69,0,24,26,67,0,16,41
chr22:44454002-44456999,22,0,0,78,16,0,15,34
chr22:44461001-44461200,4,0,0,8,10,0,0,5
chr22:44481201-44481800,0,24,0,12,33,19,36,0
chr22:44638001-44641199,19,0,17,13,0,31,0,0
chr22:44653601-44654600,59,24,20,12,20,0,37,1
chr22:44658001-44660199,55,0,28,26,0,0,15,0
chr22:44660602-44662023,102,0,23,62,95,0,41,16
chr22:45449402-45454784,0,0,0,91,22,85,5,0
chr22:45459401-45461399,17,0,0,64,21,31,0,0
chr22:45473202-45479067,0,28,21,34,16,359,30,0
chr22:45498002-45500999,107,141,55,367,94,237,204,513
chr22:45602815-45602995,52,8,11,86,143,22,70,114
chr22:45608954-45609151,160,67,80,231,280,61,276,164
chr22:45612408-45612798,11,0,0,59,41,17,63,10
chr22:45618602-45619200,169,0,0,121,296,60,194,87
chr22:45630602-45633800,38,0,0,119,74,0,39,65
chr22:45639139-45639449,13,0,0,0,10,0,22,11
chr22:45642201-45642600,20,0,0,12,41,1,68,44
chr22:45643201-45643600,20,0,8,19,8,0,13,48
chr22:45645611-45646080,18,0,0,0,47,21,6,50
chr22:45859201-45859400,34,0,0,7,9,8,16,2
chr22:45859593-45860196,37,21,28,61,19,0,69,92
chr22:45892601-45893399,0,15,56,25,0,17,25,33
chr22:46012142-46012230,6,0,27,4,8,0,0,0
chr22:46036862-46037211,41,0,28,46,51,29,11,3
chr22:46046188-46046469,39,0,0,60,0,0,11,5
chr22:46048270-46048709,63,35,0,47,36,60,15,10
chr22:46118402-46120799,21,23,57,20,0,0,0,0
chr22:46136401-46136600,17,16,93,0,0,0,29,22
chr22:46136801-46137200,41,37,323,19,0,90,30,52
chr22:46137401-46137600,41,61,90,15,11,2,11,0
chr22:46139001-46140800,67,205,995,106,79,28,145,235
chr22:46141401-46141865,8,48,278,0,0,27,8,10
chr22:46253401-46254999,14,28,0,25,15,0,0,58
chr22:46264601-46265000,0,86,56,32,37,87,96,64
chr22:46538382-46538678,15,0,14,6,16,0,72,9
chr22:46538880-46539130,0,36,0,50,15,0,59,53
chr22:46539163-46539534,0,92,28,36,21,0,30,41
chr22:47192202-47193000,38,49,0,65,24,0,23,0
chr22:49727201-49729200,0,124,77,38,0,0,0,20
chr22:49764601-49764800,48,39,14,0,10,0,0,20
chr22:49928201-49928600,0,32,98,5,20,75,76,69
chr22:49928679-49928908,20,0,22,11,12,45,5,33
chr22:49930126-49930176,3,0,17,0,0,35,28,6
chr22:49930962-49931284,0,74,0,51,20,5,26,38
chr22:49936012-49936665,0,64,27,0,42,29,75,44
chr22:49937077-49937456,0,53,0,8,0,15,38,11
chr22:49937883-49938328,22,63,57,45,0,0,28,77
chr22:49952970-49953595,5,37,26,0,0,0,0,28
chr22:50533152-50533522,241,81,92,48,28,97,131,279
chr22:50537968-50538111,23,4,0,0,0,0,28,16
chr22:50538163-50538577,0,10,5,0,0,10,34,67
chr22:50539526-50540000,14,2,0,0,0,0,20,115
chr22:50614601-50614800,11,63,0,9,0,15,23,6
chr22:50655001-50659400,0,136,122,96,18,43,13,19
chr22:50670612-50670879,1,4,11,2,17,3,0,15
chr22:50671289-50671959,56,239,189,63,19,423,18,50
chr20:309975-310182,0,0,27,2,0,30,0,5
chr20:310347-310804,21,0,0,32,18,45,0,0
chr20:918801-920200,0,48,0,29,21,30,14,0
chr20:944001-945799,0,0,0,12,81,220,42,0
chr20:1004601-1006226,0,0,27,16,93,0,20,30
chr20:1014801-1016800,38,26,0,40,0,0,76,20
chr20:1022201-1022800,0,24,0,44,73,0,31,33
chr20:1210402-1210999,18,46,55,38,9,78,31,21
chr20:1211802-1213600,271,461,453,130,251,89,130,96
chr20:1215001-1217600,38,144,125,10,0,0,16,0
chr20:1415020-1419399,301,937,308,185,30,121,176,222
chr20:1422601-1422800,17,36,0,9,2,42,2,0
chr20:1423402-1424799,39,258,114,48,21,143,4,42
chr20:1426202-1428399,114,229,77,79,0,0,77,3
chr20:1429458-1430799,88,396,253,129,121,119,183,54
chr20:1434953-1435337,11,71,56,25,24,57,45,0
chr20:1441201-1441600,0,46,69,38,0,0,23,7
chr20:1838201-1855199,76,166,0,71,139,134,70,222
chr20:1855402-1862600,53,70,80,12,138,228,119,292
chr20:1863401-1864400,0,0,0,50,21,0,51,36
chr20:1866801-1877368,473,431,254,187,551,167,218,552
chr20:1885401-1885600,20,20,2,6,10,0,0,36
chr20:1885801-1886200,19,24,0,38,0,0,36,42
chr20:2646801-2647213,17,0,15,40,0,44,49,44
chr20:2668195-2668390,11,36,7,31,10,20,15,11
chr20:2684801-2686200,83,0,0,142,57,0,84,83
chr20:2690764-2691044,31,93,5,57,35,72,34,47
chr20:2691317-2691380,54,30,19,15,27,0,4,7
chr20:2801204-2801422,16,0,40,0,4,0,0,23
chr20:2821406-2821773,0,46,65,24,135,37,145,121
chr20:2825801-2827000,0,49,926,226,1940,475,1382,179
chr20:2832210-2832264,30,12,66,10,14,38,40,32
chr20:3066202-3068599,161,43,84,454,101,76,89,125
chr20:3090201-3091000,56,130,191,58,0,139,30,0
chr20:3092001-3092200,0,12,11,25,0,32,8,0
chr20:3101001-3104431,87,218,44,98,150,74,49,19
chr20:3175717-3175908,0,84,34,50,27,0,7,22
chr20:3177601-3178400,239,568,155,192,213,98,167,245
chr20:3207993-3208193,0,0,10,0,21,35,17,21
chr20:3709946-3710331,663,87,2,86,396,259,443,862
chr20:3711008-3711117,123,55,5,22,37,13,65,64
chr20:3711436-3711797,855,139,53,146,267,421,343,638
chr20:3807461-3807805,54,90,120,105,111,40,192,138
chr20:3831201-3831400,2,3,0,2,28,3,20,14
chr20:3831601-3832200,23,155,67,103,95,74,185,60
chr20:3878001-3879599,238,415,305,407,201,221,408,369
chr20:3880001-3880200,43,26,14,29,9,0,16,14
chr20:3880801-3881800,35,71,46,251,97,91,86,58
chr20:4215617-4218999,116,71,43,88,74,53,87,0
chr20:4341401-4343199,0,23,0,0,41,60,0,41
chr20:4778401-4778800,34,30,46,56,124,120,92,131
chr20:4829033-4829287,16,0,0,3,8,15,13,11
chr20:4844001-4849000,22,98,0,88,48,0,0,0
chr20:5020601-5023000,21,0,0,26,0,42,12,20
chr20:5023233-5025999,0,85,20,37,15,0,45,7
chr20:5029801-5032400,31,97,28,37,35,0,13,37
chr20:5033415-5034199,16,12,0,47,12,0,0,0
chr20:5041202-5041830,8,20,8,0,61,0,15,43
chr20:5051801-5052000,7,0,0,30,50,0,21,27
chr20:5056774-5057287,54,47,23,118,14,0,41,22
chr20:5062802-5063800,234,264,85,376,230,162,227,219
chr20:5202220-5203000,100,42,56,213,37,58,37,20
chr20:5203201-5203400,17,12,0,73,0,53,13,18
chr20:5205309-5206199,111,216,79,344,145,176,206,102
chr20:5211001-5211400,106,0,0,113,62,28,7,33
chr20:5219601-5221400,228,94,140,365,71,149,260,94
chr20:5222801-5223412,78,56,15,77,39,86,91,72
chr20:5226201-5226600,106,6,56,16,0,0,0,12
chr20:5261402-5269200,0,25,0,19,32,61,32,0
chr20:5538601-5541600,0,24,0,101,86,11,0,78
chr20:6783401-6785000,174,49,195,100,10,0,130,20
chr20:6785201-6785400,0,0,16,10,0,13,0,13
chr20:7967294-7967849,12,92,0,38,34,0,15,8
chr20:9490001-9492566,15,79,85,210,84,0,50,37
chr20:9493001-9493400,0,40,14,46,0,0,29,0
chr20:9495851-9502000,82,441,524,426,303,170,706,464
chr20:9502401-9504600,263,510,677,504,286,526,658,530
chr20:11158002-11160599,23,25,0,13,0,20,45,22
chr20:11169802-11171199,0,0,15,22,51,135,92,0
chr20:13199402-13201400,44,0,0,38,0,0,33,43
chr20:13322202-13323399,80,309,55,83,41,166,89,46
chr20:13324201-13324400,6,0,0,5,10,3,0,0
chr20:13325200-13325600,15,97,61,58,46,0,46,73
chr20:13331401-13332400,246,401,115,65,380,261,155,145
chr20:17610660-17610838,15,8,0,58,0,0,16,0
chr20:17612461-17612861,22,43,0,24,0,0,3,6
chr20:17806001-17810599,151,0,102,11,0,36,0,126
chr20:17841201-17852000,80,0,0,27,0,0,22,31
chr20:18775201-18775400,0,40,18,8,12,0,0,0
chr20:19725401-19727999,229,488,342,606,89,82,234,83
chr20:20003155-20003314,4,16,2,41,19,0,3,0
chr20:20012601-20013000,108,184,27,96,9,54,60,46
chr20:20758602-20762999,0,0,48,11,12,113,13,0
chr20:23041401-23044399,58,58,22,71,53,65,83,126
chr20:23050207-23050378,4,0,0,23,26,61,20,0
chr20:23050710-23051546,186,0,85,179,110,74,69,60
chr20:23061773-23062011,14,0,0,19,34,69,42,0
chr20:23065001-23066200,161,74,117,263,355,99,501,543
chr20:23090201-23099000,13,28,0,14,0,0,36,25
chr20:23116279-23117078,33,0,28,16,0,0,15,0
chr20:23159420-23159789,9,0,0,2,11,46,20,3
chr20:23244402-23248000,10,0,0,63,0,7,0,20
chr20:23253602-23259799,92,0,57,99,0,306,44,18
chr20:23269402-23271199,0,20,3,31,9,199,0,0
chr20:23293401-23294800,20,0,0,165,9,263,14,0
chr20:23296602-23298600,0,0,0,109,63,621,12,0
chr20:23326201-23327200,58,0,85,38,19,0,14,43
chr20:23331401-23332600,0,0,0,13,0,26,2,22
chr20:23336600-23338000,18,0,5,13,0,0,46,0
chr20:24960736-24961340,124,47,70,12,162,82,114,175
chr20:25005114-25005659,36,65,164,62,41,53,114,49
chr20:25064402-25066599,0,0,0,11,12,30,0,67
chr20:25246048-25246257,0,12,15,10,0,52,11,20
chr20:25246590-25246818,7,100,28,26,26,48,32,129
chr20:25247270-25247452,27,15,108,13,0,14,21,40
chr20:25592202-25593000,0,24,0,32,13,0,8,41
chr20:31496001-31498799,83,0,15,80,38,0,0,12
chr20:31583801-31584200,0,49,55,32,14,23,0,0
chr20:31604047-31604543,0,81,62,2,64,0,0,30
chr20:31620801-31623600,8,0,15,4,0,0,5,12
chr20:31652401-31653800,46,73,0,82,134,58,31,0
chr20:31661444-31662061,3,77,20,39,33,0,24,51
chr20:32033843-32033949,13,26,34,61,8,99,14,16
chr20:32034639-32035122,79,100,263,283,33,514,316,146
chr20:32035513-32035816,52,48,113,132,21,123,126,22
chr20:32036907-32037026,20,52,99,87,82,203,81,45
chr20:32040288-32040883,35,19,8,56,49,43,51,38
chr20:32168202-32169000,158,113,56,124,134,218,128,97
chr20:32247564-32250399,0,50,26,16,54,0,32,12
chr20:32336601-32342000,72,264,0,726,118,149,240,94
chr20:32342202-32344000,16,32,0,243,79,60,318,60
chr20:32344601-32345600,41,24,27,136,16,75,66,45
chr20:32349001-32350400,102,2,28,106,57,0,241,113
chr20:32352002-32353000,41,70,27,177,31,0,329,101
chr20:32855600-32855800,232,227,128,284,89,93,210,103
chr20:33458401-33458800,11,0,11,11,0,0,0,20
chr20:33460202-33467800,45,0,14,45,0,15,0,0
chr20:33650802-33651999,21,123,13,62,32,4,146,55
chr20:33652201-33652400,37,9,0,0,6,14,10,0
chr20:33652601-33652800,0,0,0,2,0,15,12,10
chr20:33693202-33695200,47,0,29,108,52,31,16,40
chr20:33696422-33697600,84,19,56,93,101,30,112,107
chr20:34124402-34124999,0,29,0,12,20,0,0,21
chr20:34139201-34141799,0,12,57,10,10,0,0,0
chr20:34153001-34154600,40,86,56,13,0,0,14,0
chr20:34155601-34158000,21,403,182,0,0,28,0,45
chr20:35148170-35148422,9,11,0,33,1,0,4,46
chr20:35151729-35152600,0,0,0,34,20,46,0,21
chr20:35161201-35162599,0,66,28,88,142,232,82,65
chr20:35165002-35168199,157,193,106,181,403,253,228,32
chr20:35609216-35609429,11,37,0,48,4,30,4,30
chr20:35611001-35611601,22,35,7,138,109,0,5,0
chr20:36090294-36090533,0,25,0,5,10,8,0,27
chr20:36955257-36955499,0,0,25,0,49,14,0,10
chr20:37244802-37246599,0,17,23,31,19,0,0,15
chr20:37412163-37412458,11,0,0,6,10,0,0,23
chr20:37412822-37413176,5,42,28,12,23,0,0,22
chr20:37417018-37423400,47,104,94,172,289,0,46,139
chr20:37473801-37476600,46,0,0,35,0,27,0,24
chr20:37968601-37971200,23,25,0,37,42,0,43,79
chr20:37971601-37973796,85,46,0,25,33,60,27,41
chr20:38194601-38206200,0,18,21,68,302,22,0,134
chr20:40232124-40233855,0,0,0,55,26,0,17,22
chr20:40241601-40243000,23,0,0,18,0,44,21,0
chr20:40260402-40266600,46,0,0,230,119,122,102,63
chr20:40304001-40304600,0,0,0,100,68,90,34,12
chr20:40307201-40308400,0,0,0,13,0,16,12,10
chr20:40461801-40472200,15,0,0,0,42,20,0,15
chr20:40570002-40574400,0,100,0,7,18,0,0,19
chr20:40675402-40678600,19,0,0,0,21,82,39,23
chr20:40683134-40683768,22,22,0,0,24,12,17,58
chr20:40693202-40693600,72,36,56,41,203,90,143,290
chr20:40706970-40707799,116,16,0,12,15,14,36,98
chr20:40710601-40711400,32,0,120,31,38,66,8,11
chr20:40880001-40884799,21,47,0,20,0,0,69,0
chr20:40991459-40991784,11,86,38,33,68,25,15,73
chr20:40996801-40997401,20,43,8,5,37,70,10,0
chr20:41398001-41399200,0,0,28,10,0,0,7,17
chr20:44079401-44081799,17,231,142,36,3,0,0,0
chr20:44097401-44099000,105,522,374,3552,469,329,435,1006
chr20:44104939-44105999,22,133,159,2031,157,27,71,298
chr20:44228401-44228601,20,24,14,46,38,28,39,40
chr20:44231201-44232400,121,174,26,163,95,0,81,120
chr20:44495334-44495558,37,42,45,120,33,71,103,44
chr20:45086202-45089399,219,125,302,13,166,50,142,83
chr20:45090001-45090601,35,124,103,21,27,0,62,85
chr20:45458402-45459999,85,26,0,108,35,104,261,23
chr20:45819601-45821600,23,3,14,72,21,59,45,0
chr20:45917202-45923199,62,235,0,126,436,308,204,235
chr20:45987068-45989599,37,12,0,0,10,0,0,11
chr20:46107002-46113799,20,0,0,23,0,0,14,19
chr20:46132201-46133399,114,174,140,227,111,0,57,177
chr20:46135001-46136799,34,23,186,82,0,0,0,81
chr20:46137201-46137400,58,12,37,31,15,0,0,0
chr20:46138602-46140799,62,147,212,228,147,0,31,102
chr20:46329402-46334999,58,182,31,18,107,0,17,56
chr20:47358705-47359782,19,12,0,30,0,29,0,0
chr20:47376984-47381399,0,14,0,14,12,0,9,0
chr20:47437202-47442149,0,24,0,0,6,29,25,0
chr20:47788935-47789308,0,0,40,57,20,0,13,21
chr20:47798211-47799800,254,67,56,189,124,289,959,466
chr20:47803402-47806200,8,0,0,9,0,27,31,0
chr20:48064601-48067189,0,50,28,109,21,30,16,18
chr20:48072214-48072387,0,0,0,20,0,15,7,11
chr20:48278402-48281599,0,0,5,78,17,0,29,0
chr20:49098401-49099400,43,49,0,115,0,0,76,84
chr20:49099802-49101800,17,88,196,350,21,0,130,23
chr20:49215001-49215200,0,0,0,6,10,0,10,6
chr20:49591098-49591733,13,0,0,6,0,0,31,76
chr20:49622602-49628199,41,0,0,0,76,0,81,40
chr20:49738602-49741800,33,26,41,0,21,0,0,0
chr20:49900201-49900400,0,12,0,14,10,8,3,0
chr20:49925202-49926800,11,13,0,6,6,0,0,0
chr20:49964801-49967399,116,33,0,81,132,102,285,86
chr20:49968201-49970799,73,25,28,76,114,0,301,124
chr20:49976501-49977799,0,55,21,19,0,0,61,0
chr20:50011801-50021800,29,0,37,8,0,0,51,29
chr20:50181002-50183399,60,50,26,52,79,0,27,55
chr20:50202201-50202800,0,26,42,24,0,10,0,11
chr20:50204201-50206800,66,50,0,10,21,0,16,22
chr20:50208201-50209199,80,73,14,6,19,79,40,21
chr20:50234201-50239800,8,0,0,14,0,0,104,97
chr20:50284816-50284987,11,0,28,5,0,28,9,36
chr20:50285889-50286262,2,12,0,0,10,0,40,26
chr20:50323602-50324999,23,0,57,13,0,13,15,0
chr20:50418402-50420599,19,10,0,11,21,0,11,0
chr20:50766801-50772225,8,0,30,0,22,0,5,15
chr20:51334802-51336599,0,47,0,12,19,0,0,20
chr20:51338560-51340773,19,144,57,29,0,0,9,19
chr20:51344602-51347599,22,0,0,60,74,89,58,0
chr20:51364402-51368999,0,75,0,73,0,27,33,6
chr20:51372002-51375200,23,20,29,13,0,0,0,60
chr20:51375801-51376600,0,0,0,10,20,0,48,32
chr20:51379488-51380999,13,81,0,12,16,0,0,43
chr20:51585905-51586799,0,24,0,23,0,0,13,22
chr20:51886202-51890200,35,13,59,64,10,0,0,0
chr20:51917506-51919260,0,14,0,22,0,20,0,73
chr20:51958002-51961599,59,11,53,103,49,0,29,20
chr20:52030402-52033399,40,24,27,197,135,59,37,43
chr20:52047893-52048322,0,0,84,27,18,0,25,0
chr20:52958962-52959691,113,0,13,19,77,0,30,0
chr20:52963802-52964400,17,0,82,26,17,0,13,0
chr20:52968895-52969002,7,0,7,0,9,0,0,15
chr20:53530802-53533600,20,32,0,11,42,0,14,20
chr20:53715202-53719800,0,0,0,0,12,18,9,6
chr20:53729002-53731199,9,10,0,0,0,0,6,9
chr20:53827981-53828355,0,0,0,23,15,60,0,8
chr20:57573001-57574599,0,78,0,13,17,0,13,65
chr20:57628108-57628552,22,24,0,6,20,0,23,0
chr20:57632202-57634799,23,50,14,0,0,0,16,0
chr20:57716274-57716545,13,0,0,0,40,83,41,0
chr20:57722601-57724000,251,98,0,50,59,24,15,20
chr20:57725801-57726200,27,24,0,11,58,75,9,0
chr20:57986503-57987282,31,49,0,156,5,69,48,335
chr20:57989801-57992800,22,24,0,63,16,0,15,21
chr20:57995602-57997843,23,197,0,172,0,0,46,263
chr20:58016801-58021799,209,0,0,274,89,227,72,21
chr20:58622552-58630999,176,96,15,242,57,50,148,171
chr20:58640399-58641000,19,0,0,10,0,29,50,16
chr20:58815402-58816200,22,0,28,0,0,0,3,25
chr20:59954602-59955666,15,0,0,25,0,0,27,18
chr20:60037001-60038999,262,192,111,162,326,122,519,168
chr20:60046168-60046491,37,0,0,22,0,0,62,9
chr20:61951601-61952400,20,13,0,0,0,0,15,22
chr20:62207401-62207600,0,20,0,9,0,13,7,0
chr20:62297201-62298000,45,220,83,64,97,101,88,155
chr20:62299601-62300184,0,136,28,36,26,0,25,72
chr20:62371412-62371654,0,7,17,18,0,30,4,0
chr20:62380002-62383223,154,394,310,438,163,306,270,201
chr20:62523202-62525400,6,25,0,0,15,0,0,22
chr20:62595398-62595852,0,16,27,25,0,0,19,21
chr20:62617868-62618350,0,106,0,19,21,51,86,49
chr20:62639001-62639400,63,3,42,38,0,15,19,0
chr20:62689601-62689800,24,81,183,43,25,0,44,0
chr20:63163602-63164599,108,216,55,12,16,0,35,62
chr20:63507133-63507352,12,0,0,4,0,0,9,33
chr20:63519432-63519747,149,0,33,46,35,60,188,123
chr20:63525601-63526800,428,260,191,836,525,149,363,495
chr20:63527086-63527117,4,0,17,18,7,0,3,0
chr20:63850678-63850849,32,18,14,33,0,0,7,22
chr20:63855453-63855846,33,0,20,5,20,0,6,27
chr20:64044598-64044959,16,208,536,242,20,29,141,40
chr20:64045426-64045568,0,53,107,70,0,0,21,0
chr21:26846395-26846928,20,40,43,23,8,0,3,17
chr21:26849201-26853199,0,0,29,64,0,0,20,23
chr21:26970836-26971169,162,13,94,118,40,396,89,22
chr21:27022401-27022600,0,0,0,16,8,0,2,5
chr21:27024202-27026999,221,18,25,127,118,138,46,89
chr21:27040601-27041200,22,11,0,12,0,0,0,3
chr21:27057646-27057886,53,0,0,12,30,0,7,32
chr21:27111001-27112600,131,10,29,37,59,15,48,51
chr21:27200801-27201200,65,0,0,12,32,0,10,17
chr21:27206001-27207001,104,42,14,17,146,0,11,66
chr21:27220401-27222000,54,0,0,13,39,0,52,0
chr21:27240601-27241200,212,0,0,0,148,15,55,98
chr21:27268402-27270400,44,0,29,13,41,0,16,23
chr21:27275002-27276400,121,0,0,0,51,5,15,0
chr21:27277601-27278000,37,0,0,12,14,0,15,16
chr21:27345801-27347000,0,0,0,33,82,201,24,22
chr21:27450201-27451000,22,13,0,38,52,60,0,15
chr21:27480800-27481401,0,0,0,14,6,41,8,0
chr21:27590001-27590800,57,0,0,70,25,30,9,91
chr21:27680602-27682399,37,0,26,153,0,60,7,23
chr21:27691201-27691600,0,24,0,12,0,30,0,11
chr21:27761401-27763000,0,26,23,147,0,31,14,39
chr21:27795401-27796600,0,25,0,197,0,30,12,19
chr21:27804600-27804801,0,0,0,6,10,53,0,8
chr21:27813601-27814122,0,0,0,30,41,22,31,0
chr21:27860595-27861200,18,0,0,139,28,170,0,0
chr21:27884993-27885234,13,0,0,25,20,75,3,10
chr21:27928001-27929599,0,0,0,147,0,126,56,23
chr21:28252801-28254201,0,0,0,24,13,30,0,22
chr21:28730602-28731400,43,24,28,76,29,25,0,0
chr21:28752601-28757999,56,44,30,278,59,85,16,47
chr21:28770201-28772472,17,25,12,55,37,80,30,75
chr21:28790201-28790600,22,26,0,20,0,0,10,0
chr21:28793001-28793999,0,13,0,57,20,59,0,0
chr21:28805001-28807000,0,49,14,157,0,51,24,43
chr21:28821201-28824199,22,107,0,167,32,11,58,126
chr21:28830601-28838199,147,322,169,604,271,90,188,143
chr21:28922350-28923999,295,382,587,714,391,120,558,309
chr21:29002369-29002944,488,146,66,423,311,133,225,299
chr21:31102401-31105000,0,0,0,28,39,0,21,33
chr21:31106402-31110000,21,23,86,24,9,0,29,41
chr21:31629402-31630602,0,0,127,33,67,0,94,83
chr21:31732620-31733008,100,39,81,194,185,126,98,102
chr21:31733250-31733568,113,14,10,91,108,57,30,56
chr21:31744002-31745800,43,0,0,156,32,24,40,54
chr21:33311001-33318799,23,191,86,46,21,61,16,79
chr21:33364427-33364542,11,0,0,9,29,0,25,0
chr21:36022401-36024000,4,0,23,13,39,0,44,0
chr21:36128201-36128600,228,447,196,431,220,326,152,217
chr21:36639204-36641619,18,0,0,38,0,0,15,10
chr21:37046602-37047800,39,0,0,0,21,0,16,13
chr21:37204601-37204800,25,0,0,17,5,0,7,0
chr21:37563638-37564126,10,0,0,12,0,33,10,0
chr21:37580001-37581800,21,23,0,6,17,181,44,0
chr21:38343202-38344599,0,0,0,13,42,0,31,14
chr21:38353401-38353800,0,0,0,19,10,0,11,22
chr21:38355401-38358000,11,25,0,39,0,0,26,45
chr21:38363001-38368000,37,98,0,0,0,0,108,43
chr21:38691401-38692600,8,0,8,0,0,0,3,6
chr21:38979595-38979982,0,0,13,3,0,57,14,11
chr21:39071601-39073000,46,0,0,13,21,0,13,0
chr21:39103602-39108000,0,50,0,29,18,60,0,38
chr21:39158601-39161400,0,45,0,28,19,0,57,40
chr21:39167608-39167965,0,25,35,0,53,60,24,0
chr21:41149601-41150200,0,67,346,152,294,153,297,113
chr21:41151601-41153800,151,158,244,158,187,74,526,316
chr21:41159801-41160449,0,17,0,12,0,29,14,18
chr21:41162001-41162200,11,0,0,1,26,66,30,0
chr21:41164866-41165062,93,76,89,12,148,129,36,33
chr21:41411201-41412053,0,0,0,33,18,0,12,22
chr21:41460402-41461800,69,50,217,182,107,105,383,792
chr21:41462201-41462400,0,0,24,5,0,0,53,98
chr21:41462801-41463000,24,0,42,47,0,3,49,50
chr21:41639602-41644200,0,0,17,89,151,0,14,0
chr21:41656802-41658600,10,23,26,53,0,0,0,41
chr21:41663202-41667800,0,22,179,124,18,72,0,46
chr21:41794130-41794498,11,0,0,12,2,0,27,0
chr21:41795601-41796600,40,49,0,9,0,0,17,0
chr21:41964601-41965400,40,22,25,12,0,28,24,0
chr21:41965601-41970400,107,407,160,12,59,28,89,69
chr21:41970601-41971600,0,49,14,0,41,0,15,21
chr21:41973350-41975200,0,75,120,23,40,150,15,42
chr21:42776601-42776800,7,0,0,4,88,83,4,32
chr21:42811801-42812983,256,386,438,81,56,0,105,228
chr21:42818161-42818677,180,187,253,23,43,0,38,108
chr21:42839601-42839800,89,58,140,47,10,15,34,38
chr21:42915201-42915800,82,0,14,209,15,89,0,27
chr21:42927105-42928206,54,61,28,59,122,0,63,152
chr21:42928401-42928800,10,0,0,34,40,0,20,0
chr21:42929828-42930624,101,0,60,64,51,29,112,158
chr21:42935875-42936218,25,16,71,44,93,89,43,58
chr21:42941601-42942399,19,0,0,11,40,0,11,0
chr21:43036201-43040000,215,49,56,128,146,120,188,176
chr21:43082601-43083800,39,0,0,61,41,26,22,0
chr21:43191001-43191400,0,0,0,9,79,28,0,12
chr21:43192802-43197999,116,25,0,57,649,61,37,60
chr21:43352401-43356799,85,114,24,78,175,60,113,115
chr21:43429801-43431599,0,73,16,70,37,0,0,10
chr21:43506600-43507400,92,0,14,18,56,95,54,102
chr21:43509802-43523599,20,67,0,128,113,27,14,40
chr21:43697863-43699200,109,109,0,42,58,82,283,44
chr21:43764001-43765599,23,114,127,51,0,25,139,0
chr21:43823801-43825800,146,143,359,99,167,15,12,31
chr21:43829401-43830200,53,24,51,12,52,0,11,44
chr21:43830402-43832000,59,67,26,51,6,0,0,39
chr21:43858202-43862599,98,35,155,11,168,0,77,127
chr21:44005202-44007999,41,73,0,23,80,0,75,0
chr21:44830801-44833400,23,46,57,0,0,0,0,75
chr21:44875155-44875949,738,1445,1409,836,492,1515,633,1069
chr21:44980202-44981400,0,13,17,78,21,26,3,0
chr21:45029201-45035400,18,70,0,1489,17,380,154,45
chr21:45049492-45052425,56,24,27,422,60,0,103,16
chr21:45054201-45054800,22,19,0,158,20,0,18,0
chr21:45055602-45057599,44,0,0,140,57,19,99,0
chr21:45060200-45061400,0,25,0,105,34,0,28,0
chr21:45064002-45065399,23,34,0,54,21,0,30,0
chr21:45069022-45069323,0,12,0,35,0,26,19,0
chr21:45317544-45317785,7,0,0,39,0,24,32,29
chr21:45318917-45319096,7,0,0,81,12,0,19,10
chr21:45319602-45319873,0,0,0,122,23,22,18,0
chr21:45321440-45321872,10,0,0,136,0,105,15,0
chr21:45322781-45323239,0,27,0,117,0,47,13,0
chr21:45330026-45330356,20,30,31,184,80,17,36,80
chr21:45366938-45367351,3,3,0,23,31,39,37,0
chr21:45957602-45959600,23,29,0,25,0,0,33,2
chr21:46018601-46019000,34,0,0,11,0,28,15,0
chr21:46025002-46025999,22,0,3,0,2,0,0,2
chr21:46027801-46029600,0,23,153,13,0,0,18,0
chr21:46078574-46082199,0,0,0,6,0,43,22,10
chr21:46092333-46092756,334,69,32,223,41,175,216,244
chr21:46134971-46135400,0,12,0,13,1,8,14,0
chr21:46572601-46573000,17,50,0,56,63,15,64,72
chr21:46573201-46573400,0,19,0,23,9,0,11,11
chr21:46583713-46584096,17,28,279,9,13,55,58,81
chr21:46585180-46585800,0,5,155,38,34,7,106,22
chr21:46670802-46671399,0,0,0,36,20,0,8,41
chr7:348002-349616,82,0,15,12,39,0,55,21
chr7:420601-422399,0,0,76,24,0,0,31,15
chr7:460002-466399,0,0,23,0,8,63,13,46
chr7:467601-473399,0,0,96,19,23,0,12,0
chr7:529601-531000,20,0,49,20,0,16,0,22
chr7:793202-794599,56,0,0,55,49,55,72,34
chr7:797002-798400,43,36,38,78,90,38,178,87
chr7:977745-978091,1,12,0,9,10,0,19,0
chr7:980001-981000,88,0,42,54,49,0,15,78
chr7:995382-995573,41,36,119,131,24,19,76,27
chr7:1520001-1521999,38,0,3,23,10,47,31,49
chr7:1591201-1593600,86,23,0,115,144,0,14,0
chr7:1596601-1597200,48,0,0,42,15,32,45,36
chr7:1607201-1607800,24,0,0,74,52,0,22,0
chr7:1611201-1612410,32,15,0,13,41,0,26,43
chr7:2450001-2450800,149,176,0,294,289,337,266,173
chr7:2457801-2458400,48,0,0,128,110,256,77,94
chr7:2459400-2460000,114,58,26,400,101,115,209,108
chr7:2465602-2466400,97,24,0,219,45,30,55,117
chr7:2467001-2467200,0,18,0,55,10,14,1,11
chr7:2479801-2480000,74,0,22,72,5,0,27,39
chr7:2487002-2490800,153,124,169,331,41,60,15,49
chr7:2492802-2500999,710,267,577,860,506,357,67,297
chr7:2503002-2504799,303,93,306,190,244,170,94,180
chr7:2529804-2530165,136,15,10,119,2,30,11,24
chr7:2530220-2530611,60,244,371,302,63,44,77,10
chr7:2530703-2530861,59,76,48,118,47,14,20,32
chr7:2535385-2535827,256,289,460,136,97,66,100,98
chr7:2667801-2668601,49,0,14,33,38,30,0,32
chr7:2669601-2669800,84,0,23,9,1,0,10,40
chr7:2670601-2671800,57,72,48,29,42,0,39,67
chr7:2672401-2674199,37,0,0,21,44,0,1,54
chr7:2863593-2864151,53,0,0,29,30,0,18,16
chr7:3120201-3121399,10,0,13,0,16,30,0,12
chr7:3138801-3139600,267,43,14,0,1054,0,0,98
chr7:3192402-3196000,193,17,0,140,1116,28,44,397
chr7:3243139-3245399,57,0,0,93,254,22,65,114
chr7:4460601-4461200,0,45,64,38,0,13,0,11
chr7:4619001-4621799,20,0,0,61,46,0,20,36
chr7:4624594-4626713,0,20,27,46,20,0,0,0
chr7:4650201-4652399,9,0,57,158,51,0,70,95
chr7:4655400-4656400,0,0,27,101,10,51,126,58
chr7:4667402-4670000,34,25,0,105,42,0,2,45
chr7:5856362-5857400,44,49,0,46,29,0,38,34
chr7:5857602-5859399,75,108,0,129,73,103,98,104
chr7:6316801-6317000,6,3,0,4,0,0,4,0
chr7:6566202-6569999,0,12,42,9,15,0,11,16
chr7:6628001-6628800,0,35,0,22,53,0,25,22
chr7:6630459-6630704,0,79,0,5,30,0,18,28
chr7:7614401-7615200,0,49,221,0,0,25,0,17
chr7:8111001-8112400,8,0,2,23,21,0,0,0
chr7:10120802-10123999,23,0,0,0,35,57,39,0
chr7:11170295-11172146,146,18,30,391,269,84,299,42
chr7:12695801-12696800,0,0,27,53,31,0,15,0
chr7:12705802-12708199,0,54,0,28,19,0,0,20
chr7:15126001-15127600,0,49,20,0,0,31,62,23
chr7:15195601-15195800,16,0,55,11,15,0,10,0
chr7:15196601-15197000,0,37,21,43,4,0,0,2
chr7:15198117-15199400,0,0,0,39,58,0,35,26
chr7:15707401-15711000,64,246,0,295,39,0,44,99
chr7:15720202-15721999,75,290,26,109,17,0,31,7
chr7:15724401-15725800,159,317,12,198,74,224,169,58
chr7:15808201-15811599,40,16,25,241,9,0,0,0
chr7:15852602-15856599,23,0,0,23,0,0,41,46
chr7:16055201-16056400,0,148,42,37,41,28,31,0
chr7:16077402-16078799,23,50,28,87,0,0,10,0
chr7:16598001-16598800,64,11,40,67,53,55,224,144
chr7:16734201-16734600,16,4,19,0,0,75,0,0
chr7:16785802-16786200,22,43,28,12,54,38,53,0
chr7:17781600-17783000,0,0,57,0,0,38,15,22
chr7:19118417-19118674,50,216,210,62,65,110,74,128
chr7:20416801-20418200,0,0,28,23,55,0,31,0
chr7:20423401-20424399,44,0,0,32,20,29,18,43
chr7:20434802-20440399,33,9,0,208,153,0,11,24
chr7:20441401-20445000,21,0,0,109,177,0,26,57
chr7:20448202-20451600,20,0,0,28,55,26,0,19
chr7:20464402-20472399,0,39,59,202,625,0,16,162
chr7:20481802-20485400,21,0,0,12,74,0,29,0
chr7:20560602-20563200,46,0,4,13,0,0,0,56
chr7:22108401-22108600,0,451,181,35,15,15,6,0
chr7:22109653-22111399,138,2257,1912,177,38,179,90,142
chr7:22113201-22113400,0,174,138,64,0,0,0,4
chr7:22114401-22116200,78,1029,557,193,19,217,37,18
chr7:22401402-22403400,110,0,40,126,10,233,378,37
chr7:22404657-22404967,15,0,0,11,0,0,41,11
chr7:22411601-22412601,25,168,27,61,0,59,150,0
chr7:22884402-22886600,404,452,350,305,259,465,223,217
chr7:23024401-23026000,31,0,0,37,61,0,9,0
chr7:23058401-23060669,6,0,29,38,21,0,32,0
chr7:23074505-23078199,44,24,0,43,81,0,11,0
chr7:23092802-23093999,62,0,28,36,37,30,0,22
chr7:23276002-23277852,326,175,164,220,218,190,197,303
chr7:23286401-23288799,21,0,0,0,19,0,19,45
chr7:23498401-23500800,21,145,111,150,19,118,22,108
chr7:24566801-24570400,0,129,53,0,0,28,0,15
chr7:25579201-25579800,56,0,24,27,0,29,36,0
chr7:25846786-25847079,0,71,142,32,90,68,118,567
chr7:25856625-25856912,12,0,0,6,0,43,13,0
chr7:26117001-26117601,20,18,0,46,15,54,18,14
chr7:26139201-26142400,47,0,0,29,35,31,0,0
chr7:26143354-26145200,19,0,27,0,20,0,0,18
chr7:26148671-26149600,22,50,0,0,79,29,0,0
chr7:26387602-26389000,0,41,0,0,0,60,15,18
chr7:26500601-26500800,2,0,11,46,55,0,33,68
chr7:26525201-26526000,10,0,0,73,21,0,70,10
chr7:26549201-26550999,0,0,56,12,41,21,227,10
chr7:26587202-26588199,199,0,55,24,176,0,73,134
chr7:26593201-26593799,44,24,0,4,26,0,4,18
chr7:26648202-26649170,0,12,28,43,19,30,31,11
chr7:27510801-27511000,0,0,24,6,5,0,0,11
chr7:27515802-27516999,0,0,6,55,32,30,39,10
chr7:28961802-28962799,101,0,9,177,0,0,61,84
chr7:30163431-30163802,19,24,0,51,19,30,15,30
chr7:30164404-30164690,0,0,0,42,0,11,3,11
chr7:30166360-30166764,87,5,75,63,29,60,56,42
chr7:30169220-30169645,91,96,77,58,60,44,67,95
chr7:30170789-30171126,76,23,28,97,29,68,80,51
chr7:30171825-30172059,78,12,37,40,32,14,31,10
chr7:30180816-30181032,24,24,0,21,78,0,49,98
chr7:30181401-30181800,336,45,81,106,137,141,218,207
chr7:30182849-30183251,243,51,79,123,147,30,213,264
chr7:30184899-30185462,542,158,177,208,422,253,511,525
chr7:30186505-30186610,0,16,14,15,0,29,13,18
chr7:30188356-30188698,116,112,23,52,38,34,92,78
chr7:30188801-30189000,101,38,14,30,38,47,47,88
chr7:30200601-30202199,907,1329,308,638,1373,269,1158,673
chr7:30212001-30213600,167,67,0,240,373,31,245,248
chr7:30224604-30225043,401,69,26,193,199,194,283,442
chr7:30225881-30226376,448,62,35,139,567,264,678,453
chr7:30232313-30232756,70,12,0,23,134,0,104,137
chr7:30236802-30241999,85,50,28,105,49,0,134,105
chr7:30246802-30255866,636,503,639,460,684,520,1566,1593
chr7:30262801-30263600,62,0,0,25,41,0,103,40
chr7:30269201-30270000,59,41,84,83,110,15,116,75
chr7:30270601-30271800,121,92,164,27,39,30,231,92
chr7:30272634-30273023,30,0,0,8,0,0,20,28
chr7:30276106-30276600,22,0,0,36,31,0,68,0
chr7:30278001-30280599,194,97,120,103,221,401,395,426
chr7:30281002-30282199,123,86,471,119,177,99,344,184
chr7:30479458-30479847,15,12,14,6,0,31,9,0
chr7:30930535-30934599,0,33,45,30,0,0,147,23
chr7:30995201-30996800,155,0,0,255,289,351,157,220
chr7:31006601-31007400,17,0,0,77,27,0,45,0
chr7:31016801-31021399,371,22,0,50,37,182,114,106
chr7:31022802-31023800,50,75,55,36,89,0,110,11
chr7:31025602-31028399,217,36,25,127,460,0,144,215
chr7:31029401-31030200,68,0,0,111,237,120,124,95
chr7:31711001-31711200,5,0,14,72,54,0,0,9
chr7:32474801-32475400,44,7,0,9,63,29,25,44
chr7:32785001-32786200,23,11,13,34,41,30,1,22
chr7:32843601-32844000,252,212,146,170,415,399,282,310
chr7:32854802-32857599,16,64,57,111,61,16,69,61
chr7:32863401-32864200,136,179,412,205,71,171,235,305
chr7:32865601-32866000,19,53,193,61,82,63,226,60
chr7:32905241-32905770,0,0,0,4,20,0,57,8
chr7:32909601-32910000,22,24,0,35,0,25,0,0
chr7:32910202-32910800,0,0,0,25,18,15,27,0
chr7:33895002-33895800,0,0,0,9,17,120,0,4
chr7:33897401-33898400,0,0,3,18,17,0,0,50
chr7:34159401-34159600,4,0,41,3,14,0,14,0
chr7:34905401-34905800,0,33,38,0,6,0,42,16
chr7:35198202-35199266,19,13,27,38,32,0,15,0
chr7:35199802-35200799,22,4,0,26,0,0,15,0
chr7:35605800-35606200,17,3,11,10,0,18,15,24
chr7:35624202-35625057,56,54,201,46,70,45,46,77
chr7:35627601-35628600,101,53,27,87,104,0,51,43
chr7:35630600-35631200,76,309,297,228,139,268,146,126
chr7:35736201-35736801,0,19,0,11,18,0,30,62
chr7:35738601-35739200,0,0,0,16,41,0,24,21
chr7:35747601-35748600,0,0,25,29,0,0,4,20
chr7:35749600-35751200,88,0,0,116,191,120,173,76
chr7:35907802-35910199,0,0,0,12,29,28,17,0
chr7:35915001-35916200,44,11,0,36,29,9,67,40
chr7:35919202-35920599,20,11,0,18,0,0,15,0
chr7:36056601-36058399,0,0,0,12,41,0,14,20
chr7:36103801-36104600,22,0,0,6,0,196,43,22
chr7:36309401-36310200,35,0,0,18,58,15,64,73
chr7:36310401-36310800,15,0,0,7,31,0,7,0
chr7:36311001-36311200,4,3,0,1,13,0,22,0
chr7:36315202-36316199,11,0,20,4,62,25,36,0
chr7:36317601-36319201,95,0,0,25,13,152,34,32
chr7:36507000-36507400,43,24,56,3,29,0,16,88
chr7:36507601-36508000,17,24,103,0,16,15,58,33
chr7:36510401-36510600,0,35,69,13,128,51,131,334
chr7:36736504-36737216,0,0,0,36,24,56,31,0
chr7:36794002-36796200,19,75,0,57,30,60,15,19
chr7:36851402-36853399,152,199,55,108,52,59,169,43
chr7:38127402-38128190,155,36,27,54,0,0,18,11
chr7:38129601-38130000,22,0,22,30,0,0,55,0
chr7:38158401-38159200,5,24,0,24,28,0,0,0
chr7:38160001-38160400,0,35,0,12,20,0,11,0
chr7:38232859-38233386,18,12,0,28,0,27,58,0
chr7:38315160-38315471,0,0,0,3,25,87,46,0
chr7:38336740-38336784,1,10,0,6,14,0,5,31
chr7:38671402-38675200,0,148,56,38,0,0,0,22
chr7:39508002-39508600,42,0,0,10,0,0,19,44
chr7:39519402-39520485,0,16,0,3,0,79,0,44
chr7:39611201-39611426,65,0,18,71,164,126,118,88
chr7:39615201-39617000,21,0,0,21,0,0,42,20
chr7:39799001-39799800,21,143,0,14,94,0,110,70
chr7:40105601-40106600,0,42,27,38,124,0,63,17
chr7:40116719-40117954,0,24,0,21,47,29,0,0
chr7:40917802-40920399,0,25,28,35,0,0,0,22
chr7:40985402-40987476,21,64,0,38,19,0,15,21
chr7:41051402-41052800,0,16,28,58,0,0,0,20
chr7:41058801-41060130,19,0,0,28,0,89,0,63
chr7:41486201-41493400,21,0,0,42,0,0,22,20
chr7:41924799-41925137,0,35,0,8,20,26,7,0
chr7:41929801-41930000,0,121,0,27,21,42,51,11
chr7:41930202-41930999,0,136,14,0,30,30,67,44
chr7:41954602-41957799,0,41,23,35,0,0,43,176
chr7:42241401-42241600,0,0,20,12,8,0,0,23
chr7:42337402-42339599,62,0,0,50,9,30,0,0
chr7:42868802-42870000,206,3,44,84,41,0,0,31
chr7:42879801-42882000,69,0,0,83,21,30,47,44
chr7:42882601-42882800,7,0,0,13,10,13,0,0
chr7:42888183-42888820,356,250,187,270,383,169,228,344
chr7:42893201-42894000,166,105,71,125,95,213,39,22
chr7:42897001-42897400,133,24,0,98,20,0,79,41
chr7:43734455-43738000,21,57,0,96,82,112,0,339
chr7:43746001-43746400,22,0,0,12,10,25,0,28
chr7:43809001-43809800,72,218,41,172,197,150,235,40
chr7:43810201-43810401,21,160,0,96,30,69,227,53
chr7:44090201-44090800,0,30,7,77,0,0,22,21
chr7:44093201-44093400,4,16,0,20,4,0,13,22
chr7:44093801-44098599,21,0,0,174,19,0,69,83
chr7:44100539-44100695,11,0,0,7,20,0,15,0
chr7:44102320-44102608,22,0,0,50,37,67,44,25
chr7:44547766-44548199,0,23,0,91,65,0,104,0
chr7:44561802-44563599,72,93,56,320,108,53,173,88
chr7:44576529-44576891,524,646,496,430,350,551,533,880
chr7:44710001-44710400,0,49,0,218,10,0,34,58
chr7:44710534-44711200,0,20,0,205,19,0,39,2
chr7:44711601-44712600,85,0,7,393,87,0,75,33
chr7:44713201-44714400,89,25,0,401,37,30,0,59
chr7:44726402-44728600,85,14,12,394,78,0,70,95
chr7:44729601-44730600,58,0,0,184,4,0,38,27
chr7:44733001-44737200,37,34,0,291,40,0,0,42
chr7:44738201-44739200,11,0,0,64,0,0,14,43
chr7:44742401-44744800,64,0,44,162,16,0,62,108
chr7:44772201-44772400,97,31,0,59,61,30,35,41
chr7:44890801-44892999,92,50,159,240,21,30,31,0
chr7:44893401-44895649,87,36,12,422,43,0,0,22
chr7:44897001-44898399,48,18,93,195,23,0,0,22
chr7:44911802-44913599,56,11,23,141,41,110,102,62
chr7:44913802-44916000,59,25,53,161,42,0,36,47
chr7:44921489-44922600,23,72,113,110,99,0,54,140
chr7:44934201-44936200,0,29,25,33,0,0,16,0
chr7:44989601-44992199,539,250,313,356,492,370,1065,539
chr7:45188710-45188830,1,47,24,25,25,45,13,36
chr7:45189201-45189600,101,118,359,415,148,339,307,116
chr7:45192830-45193110,107,173,249,206,76,51,124,128
chr7:45202601-45203000,366,753,1590,340,565,813,406,388
chr7:45203202-45205599,949,4292,6477,1963,2274,1894,2477,1807
chr7:45229200-45229601,22,28,0,11,83,0,11,11
chr7:45237695-45242000,0,70,79,200,76,0,40,43
chr7:45257401-45257600,0,0,22,20,22,0,9,40
chr7:46003825-46005399,28,48,0,74,25,0,30,0
chr7:47153001-47154999,23,19,0,8,0,0,14,26
chr7:47225401-47228599,0,0,29,13,4,0,29,0
chr7:47266001-47268200,111,25,85,44,30,60,38,0
chr7:47590802-47593107,0,86,85,0,41,0,112,113
chr7:47675661-47681799,45,0,11,5,0,60,0,0
chr7:48066001-48067200,0,19,15,87,41,0,81,50
chr7:48073201-48075199,0,0,55,50,21,0,28,23
chr7:48077401-48080200,16,0,25,18,34,60,0,0
chr7:48087456-48087638,0,21,0,10,25,0,12,0
chr7:50421001-50421600,42,0,13,9,20,0,4,0
chr7:54993000-54993600,22,0,45,12,24,0,23,18
chr7:54994402-54996737,258,175,56,126,291,0,116,210
chr7:55016801-55017000,0,15,0,0,22,7,11,10
chr7:56097602-56098599,168,457,377,423,80,157,127,246
chr7:64839936-64840331,390,102,328,147,276,195,306,259
chr7:64936201-64937000,88,36,94,44,38,87,67,89
chr7:64959400-64959601,12,44,0,9,0,0,38,0
chr7:65020955-65021600,0,0,0,3,2,14,15,0
chr7:65030601-65031400,39,13,19,0,20,0,8,42
chr7:65081191-65081379,26,151,28,74,2,68,10,6
chr7:65243201-65244199,14,22,85,0,0,0,46,18
chr7:65837202-65838031,45,0,235,94,141,305,70,127
chr7:65984000-65985000,11,6,14,0,59,0,30,11
chr7:66000602-66001999,33,11,54,63,111,0,43,62
chr7:66050402-66052599,0,14,0,0,9,8,11,0
chr7:66167602-66168469,22,106,228,83,104,17,58,65
chr7:66170002-66171303,0,25,190,40,53,0,29,0
chr7:66608202-66609800,45,0,0,60,48,60,142,30
chr7:66611801-66612400,0,8,0,41,74,0,39,0
chr7:66618402-66620199,45,0,0,42,19,0,120,41
chr7:66859337-66860800,10,19,0,53,13,14,18,44
chr7:66866802-66868599,21,23,0,147,59,24,46,0
chr7:66877201-66878600,87,52,36,275,84,94,81,103
chr7:66884557-66885000,45,0,112,9,0,0,15,15
chr7:66889401-66890400,415,311,157,340,400,148,320,345
chr7:66894800-66895001,11,15,0,15,0,0,0,25
chr7:66899801-66900600,200,99,41,70,107,34,55,140
chr7:66909201-66909600,12,12,0,61,0,0,7,16
chr7:67249201-67249600,19,17,0,142,18,15,90,11
chr7:67257001-67258600,155,31,175,354,76,209,220,248
chr7:67259201-67259600,42,0,0,126,21,60,30,65
chr7:67267601-67268200,43,17,50,295,40,15,8,65
chr7:67274001-67274400,120,52,224,242,243,150,217,255
chr7:67276801-67277001,32,6,0,86,41,19,42,0
chr7:72527601-72529400,18,23,26,0,32,0,24,20
chr7:72556401-72558000,52,23,29,58,63,107,24,37
chr7:72873602-72875799,108,139,85,273,120,113,97,31
chr7:73379201-73386000,50,11,12,74,93,0,42,29
chr7:73419801-73420599,19,0,0,21,0,0,13,11
chr7:73564201-73564800,45,49,140,6,0,0,1,21
chr7:73674837-73675205,0,0,0,84,15,6,100,13
chr7:73679970-73680196,70,52,50,77,138,89,24,87
chr7:73742734-73743408,0,12,0,35,10,60,8,10
chr7:73746001-73747000,8,0,0,48,0,0,50,7
chr7:73758525-73759399,0,0,0,35,26,0,19,21
chr7:73773002-73775599,15,38,28,76,49,0,26,0
chr7:73792401-73794714,20,0,0,50,28,0,31,0
chr7:73899002-73902599,96,0,26,112,0,242,11,10
chr7:74132201-74132800,9,0,14,4,0,0,0,6
chr7:74133089-74135400,3,0,0,25,50,0,0,23
chr7:74625001-74628999,5,0,0,33,27,0,8,23
chr7:74922401-74922800,5,17,0,88,71,10,17,0
chr7:74929401-74930200,4,43,77,113,102,57,62,36
chr7:74931483-74933599,211,134,54,304,305,92,155,246
chr7:74933801-74934000,19,12,11,71,51,0,18,18
chr7:74951001-74953600,23,118,0,50,24,0,21,37
chr7:75077402-75078800,112,77,0,142,90,19,99,117
chr7:75082201-75083400,34,50,24,57,55,0,13,19
chr7:75083801-75084200,43,0,5,91,20,14,59,88
chr7:75490201-75491599,681,630,443,927,785,670,598,861
chr7:75530802-75532199,227,347,51,382,332,343,218,123
chr7:75791002-75792400,8,18,0,24,23,22,2,0
chr7:75891802-75893629,46,0,0,26,20,0,15,0
chr7:76304889-76305226,369,23,55,2068,19,147,24,17
chr7:76306781-76307028,44,0,0,562,0,45,3,0
chr7:76309801-76311799,17,0,0,622,2,59,0,11
chr7:76321601-76324400,0,22,25,222,46,60,72,150
chr7:76452401-76454200,59,147,0,127,39,74,124,73
chr7:76517201-76518999,53,0,26,19,49,0,14,0
chr7:76543200-76543400,7,13,18,9,19,0,7,52
chr7:76543602-76545999,146,125,346,361,144,194,71,302
chr7:76637000-76637600,0,124,0,91,0,0,72,123
chr7:76639602-76643999,131,294,81,506,235,234,264,146
chr7:76644802-76646400,86,96,38,178,57,91,9,197
chr7:76669201-76669800,0,22,5,11,0,0,8,0
chr7:76672002-76674399,225,125,142,85,42,28,17,62
chr7:76676601-76678200,59,60,29,86,109,0,16,44
chr7:76681001-76684000,206,210,333,152,156,0,58,213
chr7:76804602-76806399,0,120,46,38,37,14,0,10
chr7:76950401-76952000,0,81,136,101,81,177,43,74
chr7:77479201-77483199,5,13,0,16,10,0,0,0
chr7:77649401-77650600,23,0,28,79,6,0,39,0
chr7:77783801-77785200,31,0,0,40,9,0,18,0
chr7:77789202-77793000,45,24,169,112,20,0,27,38
chr7:79528201-79530200,0,45,0,10,0,0,8,23
chr7:80229801-80231000,23,9,42,47,0,0,16,40
chr7:80232845-80233800,0,37,0,12,0,0,27,11
chr7:81153602-81158599,283,0,0,0,96,0,20,195
chr7:81208601-81212200,53,0,0,0,29,0,18,62
chr7:83946601-83947652,0,49,56,12,0,0,0,15
chr7:86867401-86868000,22,54,41,44,24,24,0,0
chr7:86868601-86869200,13,27,194,67,40,0,1,21
chr7:87499001-87500200,0,49,55,21,21,0,0,0
chr7:87501201-87501400,0,0,68,15,38,0,40,24
chr7:89604802-89609199,19,0,0,26,18,0,31,19
chr7:90242845-90243124,34,39,0,51,80,0,312,118
chr7:90243401-90243600,11,0,25,4,0,28,0,20
chr7:91227802-91229599,0,0,23,25,0,0,14,44
chr7:91263229-91263626,0,24,0,27,48,45,27,0
chr7:91285202-91288674,0,51,0,17,80,0,14,0
chr7:91299002-91303599,27,0,0,0,63,27,14,0
chr7:91565256-91567999,65,0,30,37,0,92,42,0
chr7:91892202-91893799,21,0,0,83,15,0,14,23
chr7:92402401-92404799,0,50,106,38,0,0,34,0
chr7:93957602-93958999,100,248,108,124,297,30,603,190
chr7:93959401-93959800,0,0,62,12,21,30,114,0
chr7:94264718-94267096,21,0,0,0,13,0,7,44
chr7:94276001-94276600,103,0,0,207,79,102,65,44
chr7:94277000-94277201,104,44,28,66,22,23,36,18
chr7:95334202-95335999,43,23,0,25,78,0,5,33
chr7:95398201-95398600,61,18,0,8,37,0,0,34
chr7:95440355-95441800,23,0,0,0,39,0,13,4
chr7:95619601-95620800,23,0,0,23,82,0,0,127
chr7:96324337-96324639,0,28,0,51,47,10,0,48
chr7:96326002-96329599,0,35,53,39,0,28,0,0
chr7:99154601-99156800,39,25,0,65,3,30,0,0
chr7:99641601-99642399,22,37,19,229,73,44,35,44
chr7:99737401-99738400,152,222,137,254,485,57,284,185
chr7:99739601-99742000,43,0,142,215,154,0,101,0
chr7:99750202-99753199,44,24,0,70,41,0,136,87
chr7:99949801-99950400,37,0,0,37,20,0,0,54
chr7:100046580-100046942,50,93,235,88,102,109,70,169
chr7:100287201-100287800,128,22,0,90,60,60,42,40
chr7:100290388-100291103,88,0,0,113,41,29,43,9
chr7:100294602-100296600,44,49,0,350,222,59,51,179
chr7:100298218-100298800,36,24,0,153,111,39,0,16
chr7:100441601-100442400,0,0,28,25,17,4,2,19
chr7:100442802-100447200,0,50,0,48,60,87,77,25
chr7:100698402-100700200,8,2,0,16,0,3,0,0
chr7:102357600-102357800,108,51,68,324,115,144,95,244
chr7:102358402-102360999,407,190,212,459,246,205,236,260
chr7:103150227-103150454,56,32,13,28,16,0,3,15
chr7:103153601-103154400,68,0,0,32,20,0,14,0
chr7:103171201-103172000,58,0,56,39,31,0,19,44
chr7:104939002-104940200,23,113,133,25,0,0,0,10
chr7:106082601-106084000,18,43,12,46,0,0,0,75
chr7:106084401-106087200,20,192,181,146,111,327,217,77
chr7:106089201-106089400,2,51,14,18,0,0,48,37
chr7:106089801-106090000,53,40,37,49,17,68,0,9
chr7:106176202-106180799,0,45,0,11,18,27,0,20
chr7:106289402-106292399,0,14,72,60,20,59,55,30
chr7:106951801-106953687,28,24,0,0,62,0,87,79
chr7:106957401-106958599,16,0,0,15,69,0,31,0
chr7:106992401-106993000,0,0,0,4,8,0,34,21
chr7:106998801-106999600,40,0,0,0,3,0,8,22
chr7:107041001-107042000,0,0,0,12,10,0,3,55
chr7:107163601-107164600,22,0,27,12,0,0,14,0
chr7:107631801-107632800,50,24,27,22,65,0,167,0
chr7:107633401-107633600,18,0,0,4,0,6,50,16
chr7:107633801-107634000,0,0,0,3,12,17,31,0
chr7:107635401-107635800,41,24,0,6,0,0,74,5
chr7:107636202-107640000,0,68,0,99,93,0,330,66
chr7:108019601-108021400,34,0,0,12,9,14,33,0
chr7:108468202-108469199,0,61,85,33,28,59,24,33
chr7:110650001-110650600,60,118,12,40,41,51,52,43
chr7:113341602-113342200,34,21,0,0,0,55,6,44
chr7:115023001-115024999,0,49,0,38,0,91,35,23
chr7:115924201-115924800,0,12,0,0,18,0,15,8
chr7:116562120-116562507,42,24,0,22,10,0,31,0
chr7:117273601-117273800,38,0,25,25,10,0,15,22
chr7:117274401-117274600,42,17,0,6,0,0,4,65
chr7:118148801-118149200,0,0,0,0,10,71,8,54
chr7:118151402-118153399,0,26,0,13,0,0,16,124
chr7:120267601-120267800,43,0,4,17,0,0,14,0
chr7:120784601-120786000,20,0,25,5,0,0,43,0
chr7:121298001-121299600,274,120,136,997,465,715,640,364
chr7:121301002-121303200,0,0,0,13,0,60,13,22
chr7:121446800-121448201,8,0,0,18,21,0,0,6
chr7:121489201-121490000,0,0,0,50,9,0,14,42
chr7:123642001-123642800,43,109,111,25,0,47,4,0
chr7:123643759-123644073,0,73,20,12,3,0,0,0
chr7:123665401-123666200,21,45,10,50,0,0,0,0
chr7:123673002-123675465,7,72,9,229,0,24,20,21
chr7:123675801-123676200,0,26,75,32,35,7,38,0
chr7:123679801-123680200,0,29,14,22,37,0,0,8
chr7:123780201-123782799,46,25,57,101,57,0,32,0
chr7:127579001-127579600,20,98,56,42,0,71,27,21
chr7:128094401-128094600,28,50,0,37,42,5,67,37
chr7:128096401-128096800,32,36,0,70,0,72,32,45
chr7:128098976-128099798,22,111,103,104,0,29,46,57
chr7:128214401-128223800,0,92,17,7,12,37,19,0
chr7:128275056-128276399,0,21,0,12,20,2,19,0
chr7:128421801-128424200,0,58,0,89,19,0,22,48
chr7:128427111-128428999,16,21,14,49,20,0,0,11
chr7:128434401-128441000,98,107,24,89,27,39,116,67
chr7:128453912-128454067,30,54,0,66,20,35,0,29
chr7:128664801-128665000,45,28,1,132,127,0,228,63
chr7:128732801-128733599,17,0,0,0,15,104,15,22
chr7:128734401-128736399,104,19,0,33,38,59,39,150
chr7:129121601-129124028,50,75,0,12,63,0,30,21
chr7:129174601-129175400,50,74,10,0,7,0,0,0
chr7:129591202-129593799,85,0,0,76,64,15,45,373
chr7:130143678-130155582,17,0,132,231,65,23,61,69
chr7:132773201-132773400,19,46,0,11,21,15,18,32
chr7:132777202-132778000,2,52,160,59,0,0,54,102
chr7:134071600-134071801,24,0,24,20,0,0,0,18
chr7:134077601-134078200,0,24,0,42,0,0,15,21
chr7:134079001-134079201,3,12,0,18,0,0,7,0
chr7:134083401-134086400,295,73,0,281,61,59,12,21
chr7:134113601-134114000,282,179,308,101,208,0,48,146
chr7:134114201-134114400,85,50,83,26,68,0,34,68
chr7:134121001-134122399,0,25,23,54,57,0,37,54
chr7:134710201-134712800,19,0,0,13,53,15,0,22
chr7:134728801-134731599,0,0,15,21,19,0,23,0
chr7:135174440-135174834,106,563,653,203,208,59,282,599
chr7:135176601-135179000,1940,7079,5912,2517,1166,2418,2255,6117
chr7:135181586-135181856,513,1810,1286,640,452,365,746,1571
chr7:135221401-135222599,0,25,0,12,13,0,16,0
chr7:135334801-135336400,0,0,56,25,50,0,23,0
chr7:135980765-135981019,14,0,0,0,6,28,0,5
chr7:135990201-135992199,11,0,0,28,10,0,12,0
chr7:137850800-137852600,1103,1585,1286,1161,501,713,1289,1093
chr7:137862601-137862800,0,41,22,67,20,20,15,0
chr7:137870981-137872000,16,0,179,274,55,70,42,0
chr7:139329801-139330200,42,7,14,75,92,45,113,55
chr7:139429601-139430200,16,0,0,23,13,0,27,0
chr7:139430402-139432400,44,13,14,49,0,43,22,0
chr7:140232975-140233544,21,0,0,0,31,0,6,19
chr7:140247571-140256799,41,15,0,109,88,36,171,26
chr7:140444202-140452017,11,38,0,59,10,0,32,22
chr7:140483202-140486400,38,26,29,13,0,0,23,139
chr7:141792364-141792615,277,54,213,199,399,288,542,239
chr7:142798470-142799809,516,54,176,71,1028,127,701,763
chr7:143530601-143530800,0,0,0,5,18,19,15,0
chr7:143616869-143617789,236,367,428,667,297,433,445,342
chr7:143734601-143735600,67,34,68,135,189,116,46,63
chr7:143736972-143737828,0,50,0,84,50,0,38,0
chr7:144390401-144390800,0,17,15,16,0,0,7,0
chr7:149093001-149094000,7,4,0,12,4,0,0,0
chr7:149187201-149189600,993,1775,1344,663,938,655,1398,672
chr7:149227002-149229000,11,42,44,343,101,110,16,55
chr7:149232602-149234599,20,218,85,148,0,0,0,11
chr7:149257001-149257800,0,0,26,8,15,30,0,2
chr7:149500401-149500800,0,24,37,26,31,0,12,6
chr7:149735992-149736599,148,302,127,69,113,43,168,110
chr7:149736801-149737000,48,91,47,39,48,74,87,37
chr7:149774422-149774620,190,0,0,50,58,161,104,63
chr7:150205401-150208400,22,0,0,12,12,29,27,87
chr7:150522401-150524599,16,46,12,26,0,0,45,0
chr7:150557801-150558999,0,37,0,13,21,0,31,0
chr7:150579401-150581600,36,50,57,39,39,0,54,44
chr7:150764801-150766035,131,508,226,140,135,48,448,570
chr7:150784989-150785179,0,8,8,9,0,8,0,0
chr7:150787739-150788097,0,22,28,0,0,0,10,10
chr7:150823095-150823475,0,0,0,43,141,27,7,0
chr7:151414201-151414400,41,9,14,4,110,45,13,100
chr7:151415001-151417800,142,32,223,63,676,354,63,524
chr7:152883801-152884600,25,24,25,48,60,0,0,33
chr7:152909402-152911200,0,26,56,25,41,0,7,36
chr7:152968002-152969749,23,0,0,10,16,0,12,0
chr7:155220000-155221600,95,36,26,59,94,0,57,65
chr7:155222201-155222400,15,45,14,15,0,0,20,0
chr7:155226602-155231600,164,440,46,84,219,197,217,225
chr7:155232802-155234599,0,23,26,10,59,0,52,39
chr7:155234801-155236199,0,50,0,13,122,36,66,58
chr7:155239001-155240600,12839,7495,12339,3756,19841,10170,18767,16574
chr7:155251747-155252062,945,647,904,427,694,779,1692,1193
chr7:155252383-155253200,91,86,98,60,80,116,143,137
chr7:156921402-156923799,0,0,0,30,69,14,47,0
chr7:156948753-156948900,31,13,23,29,17,0,6,47
chr7:157279216-157279591,52,68,0,36,17,0,7,66
chr7:157279637-157279992,21,48,30,15,45,12,19,43
chr7:157285864-157286516,21,46,27,25,0,0,12,41
chr7:157329202-157331999,0,0,0,0,7,27,17,20
chr7:157422202-157424599,39,47,4,79,105,0,76,0
chr7:157432602-157432931,16,0,0,0,14,0,12,27
chr7:158616202-158618699,29,24,0,42,34,0,0,3
chr7:158707758-158707971,0,26,3,0,52,0,0,12
chr7:158714601-158717600,22,166,55,126,0,0,34,21
chr7:158726775-158726968,0,33,0,11,0,0,14,11
chr7:158834768-158835670,0,25,5,9,0,0,12,22
chr7:158963401-158964800,0,18,0,13,0,58,0,54
chr6:152801-155000,9,0,0,5,9,0,0,9
chr6:387336-389000,44,92,0,42,61,0,44,224
chr6:389797-389927,35,0,0,2,23,0,7,71
chr6:478601-479200,216,195,74,144,135,67,78,986
chr6:1517001-1517400,21,0,56,0,0,0,23,44
chr6:1531201-1532000,27,0,4,73,88,0,70,23
chr6:1533402-1538799,209,52,170,338,363,235,754,227
chr6:1573601-1576800,43,0,0,154,26,25,16,18
chr6:1619645-1619988,17,0,0,45,10,29,28,42
chr6:2577402-2582399,22,24,9,71,54,59,15,21
chr6:2588602-2590999,60,23,0,85,19,23,12,45
chr6:2760801-2761763,0,20,0,13,0,0,4,18
chr6:2790710-2790856,0,4,0,6,3,0,13,1
chr6:2795965-2796146,0,5,0,8,13,0,13,11
chr6:2809807-2810356,14,36,27,83,21,7,67,33
chr6:2817850-2818203,12,12,0,40,3,0,1,19
chr6:2825201-2827400,16,0,0,143,21,0,70,60
chr6:2828201-2828800,0,42,14,10,0,57,7,27
chr6:2829201-2830400,23,25,0,98,49,87,85,43
chr6:2886206-2886716,22,99,200,120,227,0,230,63
chr6:3053737-3053985,11,0,9,0,7,0,5,19
chr6:3160224-3160467,41,0,0,52,10,0,0,18
chr6:3166010-3166644,211,110,56,131,37,163,55,164
chr6:3466401-3467200,63,49,0,0,104,0,23,33
chr6:3759001-3760399,0,0,20,26,0,0,15,20
chr6:3899801-3901000,120,115,164,77,230,646,222,231
chr6:3902401-3902800,49,12,20,12,133,237,46,28
chr6:3925002-3926799,0,0,26,12,0,0,31,33
chr6:3928401-3930000,16,0,0,9,0,38,49,16
chr6:3961401-3962000,1,2,0,15,0,0,20,3
chr6:3962601-3963800,77,78,100,120,62,154,217,22
chr6:3965000-3966200,80,25,0,58,16,0,38,22
chr6:3986402-3987999,864,469,364,1004,811,458,980,902
chr6:3996402-3998799,150,160,111,695,220,38,310,271
chr6:4002401-4002600,0,0,0,9,0,26,44,10
chr6:4005201-4005800,53,56,22,106,135,83,67,143
chr6:4171801-4173000,84,0,0,44,21,123,34,92
chr6:4176601-4177800,234,150,75,166,324,472,347,184
chr6:4180613-4181199,17,21,0,19,0,0,12,22
chr6:4207602-4211057,0,39,57,55,42,0,42,0
chr6:4224601-4225799,0,0,0,11,0,45,42,62
chr6:4250401-4251600,19,0,0,93,52,30,38,22
chr6:4252802-4255199,39,0,0,148,72,23,17,38
chr6:4256401-4258800,150,90,53,77,26,57,62,94
chr6:4273801-4275800,47,26,0,13,0,0,22,0
chr6:4637402-4638600,44,25,33,25,16,0,31,38
chr6:4643801-4646599,0,0,57,37,0,16,14,61
chr6:4981801-4985329,84,0,0,101,0,48,354,87
chr6:4990422-4990671,0,0,0,18,0,40,64,40
chr6:5091401-5091600,13,37,20,25,11,0,40,22
chr6:5093802-5097400,199,182,133,325,266,0,256,57
chr6:5892428-5892729,0,4,79,38,62,74,44,142
chr6:5936001-5937599,0,10,0,23,0,38,43,44
chr6:5983202-5985399,0,0,20,26,15,60,45,22
chr6:5994145-5994411,0,33,14,19,0,0,12,34
chr6:5996199-5996517,30,43,82,7,0,5,11,0
chr6:5996840-5997326,0,61,7,21,10,29,65,129
chr6:6885404-6885891,0,0,14,0,29,45,13,35
chr6:6886140-6886449,4,0,21,6,19,0,8,0
chr6:6896601-6897400,65,0,0,12,20,60,15,0
chr6:7056001-7063000,104,0,25,142,57,55,21,61
chr6:7080201-7080800,40,0,0,34,31,0,42,11
chr6:7085001-7085200,14,0,0,12,20,0,4,0
chr6:7099402-7101799,21,0,0,115,0,28,32,45
chr6:7618438-7618760,0,118,97,35,31,24,0,17
chr6:7624401-7625799,0,25,0,37,0,91,15,0
chr6:10637401-10638831,29,25,0,0,15,0,41,43
chr6:10733001-10733200,68,0,14,43,11,7,35,30
chr6:10733602-10735999,128,160,40,379,181,147,230,240
chr6:10740601-10741000,10,13,20,14,73,30,44,30
chr6:11145601-11147200,0,0,0,25,13,41,0,6
chr6:11589202-11591999,16,73,57,11,0,0,0,0
chr6:11605076-11605392,19,24,0,21,0,7,0,0
chr6:11851002-11855599,13,0,0,38,0,0,23,46
chr6:12204801-12205800,0,0,0,12,0,9,14,66
chr6:12206601-12209400,0,22,0,11,19,0,0,20
chr6:12212001-12213600,52,23,74,44,19,0,44,9
chr6:12222493-12223428,37,0,0,5,0,14,8,21
chr6:12229000-12229200,0,33,39,16,11,0,0,0
chr6:12231801-12236200,26,0,57,134,18,60,31,0
chr6:12237601-12243600,260,215,356,517,164,142,136,113
chr6:12244401-12244600,0,0,83,31,9,94,15,67
chr6:12245401-12246600,222,148,124,282,90,553,121,132
chr6:12249399-12251200,247,85,197,161,143,235,425,321
chr6:12252801-12253400,54,62,0,75,82,15,96,135
chr6:12260601-12263000,21,50,26,127,82,28,79,41
chr6:12264202-12269800,8,27,0,80,0,0,34,24
chr6:12277001-12278000,0,0,25,35,20,0,64,0
chr6:12282401-12282800,0,0,0,11,19,53,7,2
chr6:12284910-12285262,0,17,21,0,15,0,24,11
chr6:12287793-12288023,22,12,0,1,0,21,0,18
chr6:12288090-12288637,21,44,0,32,78,7,15,25
chr6:13331556-13332204,67,0,14,25,0,79,24,0
chr6:13349802-13351800,0,42,25,47,0,0,6,8
chr6:13488334-13488414,5,0,18,3,3,4,10,0
chr6:13712573-13713082,25,48,45,21,0,0,25,73
chr6:14140801-14143200,78,27,0,44,0,0,32,0
chr6:14240602-14241999,23,0,0,10,13,8,0,0
chr6:14310201-14318599,37,27,0,0,23,0,43,0
chr6:16154401-16154800,43,45,0,30,10,89,69,0
chr6:16158000-16158201,31,25,0,12,17,10,0,10
chr6:16162001-16162400,68,35,47,0,0,0,57,0
chr6:16166802-16169316,0,20,28,0,0,29,15,0
chr6:17710400-17710801,1,28,41,0,60,0,7,55
chr6:17991001-17994600,16,0,0,0,19,0,48,20
chr6:18268801-18270199,29,2,0,26,103,91,27,24
chr6:18475601-18479200,21,117,53,12,222,0,40,0
chr6:18481801-18482400,0,34,0,22,29,0,0,3
chr6:18755001-18755200,143,0,0,5,19,0,68,0
chr6:20033802-20034999,62,0,28,4,123,0,0,0
chr6:20059001-20059600,22,0,0,10,20,0,8,20
chr6:20068242-20069770,114,24,0,62,0,0,33,37
chr6:23173002-23176199,66,15,0,0,30,0,13,4
chr6:26005801-26007799,283,160,415,835,213,288,748,409
chr6:26008401-26008800,1,24,0,138,61,67,198,170
chr6:26012001-26012600,113,116,113,243,83,121,370,295
chr6:26396601-26398200,38,125,65,178,59,22,49,106
chr6:26437718-26437943,13,0,0,48,31,15,15,0
chr6:26500001-26500600,63,24,0,2,62,9,51,59
chr6:26671801-26672200,68,0,40,41,19,0,33,0
chr6:26818555-26819400,34,0,0,25,160,11,93,29
chr6:26829601-26829800,8,0,0,0,12,15,7,0
chr6:27422138-27422498,18,0,48,31,78,30,0,46
chr6:27448554-27448778,11,18,0,65,32,0,28,0
chr6:27878601-27878800,0,7,0,0,2,0,5,2
chr6:27879002-27880200,0,0,0,12,6,0,4,19
chr6:28235401-28236800,123,253,187,28,222,174,111,246
chr6:28303601-28303801,14,3,3,13,77,0,18,19
chr6:28309401-28311800,125,23,0,134,19,61,74,83
chr6:28371601-28372600,260,236,289,273,483,213,473,483
chr6:28425801-28426200,779,23,65,733,970,256,601,558
chr6:28927801-28928400,0,24,0,7,17,0,0,16
chr6:28929400-28930652,0,0,25,0,18,66,11,20
chr6:29477816-29478379,45,22,0,13,51,0,29,12
chr6:29490499-29491018,547,31,0,138,284,0,225,188
chr6:29847860-29848478,61,9,16,9,96,0,19,67
chr6:29891001-29891200,54,101,137,78,104,46,114,204
chr6:29916601-29921000,39,86,669,472,54,87,309,587
chr6:29952802-29955599,547,822,327,2703,848,587,796,3783
chr6:29961602-29962800,326,391,157,208,370,30,390,179
chr6:29964922-29965104,50,11,97,16,10,0,27,35
chr6:29980601-29981000,0,0,36,49,28,26,11,61
chr6:29981202-29983000,0,0,3,38,0,121,29,5
chr6:29985801-29986400,0,1,2,25,0,23,5,26
chr6:30214383-30214756,30,0,0,28,37,0,11,0
chr6:30216801-30217000,25,0,0,0,20,15,2,11
chr6:30219136-30219800,10,0,0,39,65,0,37,23
chr6:30227602-30228400,34,0,56,133,25,0,5,22
chr6:30231040-30231600,19,0,0,25,46,25,8,0
chr6:30498802-30502200,10,122,12,40,18,74,130,0
chr6:30524601-30525400,119,205,46,136,195,180,221,144
chr6:30527870-30528199,4,112,193,8,29,49,48,78
chr6:30529588-30529789,0,131,130,26,15,0,27,16
chr6:30529895-30530291,46,92,0,19,35,27,33,15
chr6:30695001-30696000,0,0,0,34,0,57,17,43
chr6:31070202-31071599,0,25,25,3,0,0,34,0
chr6:31072201-31074199,0,9,0,23,0,0,4,23
chr6:31191602-31193000,0,25,0,1,26,24,0,22
chr6:31228002-31230399,21,7,0,48,62,0,106,66
chr6:31386602-31387600,216,254,305,44,196,81,208,300
chr6:31389200-31389600,43,20,140,35,99,45,68,110
chr6:31390601-31391000,29,81,37,0,20,1,40,24
chr6:31391201-31391800,34,93,21,0,20,8,90,85
chr6:31559887-31560913,113,58,57,254,43,14,45,52
chr6:31562044-31562434,0,24,0,40,10,0,35,12
chr6:31563184-31563610,0,24,0,44,51,0,0,19
chr6:31568445-31569126,73,73,197,129,62,0,52,5
chr6:31821067-31821407,20,0,0,26,10,22,31,76
chr6:31821895-31822503,24,31,30,13,23,31,15,41
chr6:31822577-31822840,0,24,0,5,18,0,0,29
chr6:31840895-31843573,0,83,0,222,187,26,5,116
chr6:32609517-32610158,2,0,0,19,0,0,15,2
chr6:32615202-32616999,21,0,190,76,41,0,52,0
chr6:32654001-32654400,37,59,2,12,6,189,37,55
chr6:32863001-32863400,167,199,379,127,248,125,376,180
chr6:32865402-32868763,0,0,0,22,69,0,69,34
chr6:32882202-32884399,49,100,240,57,181,78,211,185
chr6:32903401-32904000,556,289,469,610,630,1091,1007,691
chr6:32904401-32905800,56,84,57,27,9,0,89,0
chr6:32929002-32931599,337,683,327,74,253,329,895,347
chr6:32982345-32985241,108,122,53,169,75,114,125,42
chr6:32999996-33001599,0,0,26,0,0,60,91,20
chr6:33061202-33063000,0,23,26,12,0,0,63,44
chr6:33248401-33248530,77,89,127,16,14,8,45,27
chr6:33505401-33506800,0,45,28,13,0,0,8,0
chr6:33533081-33533800,0,0,6,31,41,0,8,6
chr6:33807001-33814599,22,0,0,0,20,0,31,22
chr6:34230582-34232200,12,23,0,0,8,0,15,0
chr6:34574601-34575601,0,75,85,88,100,29,26,55
chr6:34580602-34581599,38,9,0,32,0,0,47,18
chr6:34584401-34584800,19,24,2,51,0,0,0,11
chr6:34736601-34737800,12,0,0,25,60,0,7,0
chr6:35152002-35152999,326,66,25,103,312,0,57,120
chr6:35160201-35163400,196,73,53,108,61,76,29,65
chr6:35164802-35167399,66,50,0,101,14,92,13,18
chr6:35168201-35169200,16,0,0,38,0,59,0,17
chr6:35178202-35179999,18,23,0,25,9,28,20,44
chr6:35184002-35186599,46,0,57,103,110,0,51,22
chr6:35191720-35193999,10,37,0,75,15,31,0,23
chr6:35201602-35204399,108,13,0,156,19,0,14,89
chr6:35559401-35560400,13,245,22,21,0,45,0,46
chr6:35561001-35561200,0,116,19,0,17,20,7,0
chr6:35562400-35562600,0,24,42,21,17,0,0,0
chr6:35564653-35564937,23,120,11,6,41,0,24,22
chr6:35569000-35569401,11,45,70,44,0,22,0,0
chr6:35729365-35729590,17,44,24,19,10,115,7,48
chr6:36118537-36118964,33,34,42,65,10,9,9,71
chr6:36126927-36127033,8,12,0,44,17,0,66,16
chr6:36234802-36236799,29,522,74,33,178,75,244,8
chr6:36348802-36352200,25,0,157,31,135,26,112,439
chr6:36554002-36560600,0,0,0,11,0,13,13,9
chr6:36607201-36611400,112,192,101,934,201,274,143,146
chr6:36614602-36620400,8,28,10,88,0,57,30,8
chr6:36641201-36641800,0,0,34,0,41,45,28,0
chr6:36735135-36735525,83,0,0,19,13,27,0,18
chr6:36735888-36736078,11,0,0,13,10,24,16,0
chr6:36853342-36853738,21,79,112,5,0,0,0,15
chr6:36967001-36967600,191,6,0,63,83,0,68,155
chr6:37038401-37042800,282,179,106,67,187,148,109,402
chr6:37043201-37043400,0,32,0,0,10,0,6,15
chr6:37159601-37162600,8,0,0,5,8,0,0,13
chr6:37397401-37399800,0,23,57,22,36,0,29,17
chr6:38157801-38160599,83,100,223,404,207,88,170,280
chr6:38163801-38164000,6,4,0,14,6,0,0,0
chr6:38164215-38164402,7,0,0,46,7,0,0,36
chr6:38164601-38165000,17,0,14,61,1,0,2,65
chr6:38165201-38166000,45,24,84,92,61,30,11,20
chr6:38167401-38167800,0,16,56,61,0,0,12,11
chr6:38645801-38647000,44,0,0,60,18,0,36,0
chr6:38672200-38672600,0,22,0,23,23,0,85,86
chr6:38673202-38674599,58,61,132,98,65,60,189,28
chr6:39100401-39100600,93,111,77,109,73,47,53,176
chr6:39101401-39102401,355,652,389,294,206,81,379,255
chr6:39130800-39131000,41,12,0,1,10,0,0,32
chr6:39131601-39132000,15,33,48,0,0,0,0,112
chr6:39776402-39778399,0,22,48,13,16,59,0,23
chr6:40868001-40869000,1,0,0,25,108,51,41,66
chr6:40879994-40880068,23,0,0,6,25,0,20,6
chr6:40899401-40901600,144,0,0,40,114,0,43,0
chr6:41371755-41372057,0,24,0,7,0,32,33,0
chr6:41608801-41609200,44,35,0,21,10,0,26,0
chr6:41618201-41619000,3,0,0,0,20,0,14,22
chr6:41622001-41623999,23,0,0,18,21,0,6,87
chr6:41624601-41627599,0,14,0,35,45,0,15,26
chr6:41654801-41658399,21,0,0,42,54,0,14,41
chr6:41756171-41757000,54,0,112,9,19,0,0,63
chr6:41900202-41901600,0,11,197,178,159,91,78,67
chr6:41901801-41902000,12,12,0,6,10,0,0,0
chr6:41902140-41902600,15,33,28,67,9,25,18,26
chr6:41902801-41903000,12,0,0,6,18,55,0,0
chr6:42099605-42099976,209,0,0,19,101,0,46,22
chr6:42197202-42201799,1944,2170,2362,4711,3742,1128,2232,2551
chr6:42204084-42205000,171,522,338,961,409,187,295,347
chr6:42453670-42454024,0,59,0,27,17,7,15,0
chr6:42529801-42539000,68,15,0,15,25,0,57,0
chr6:42957401-42957600,0,4,0,8,22,0,16,19
chr6:43713801-43720199,19,0,0,48,0,0,13,9
chr6:43739602-43741999,17,0,0,0,19,28,0,66
chr6:43742602-43745599,44,14,0,0,61,0,0,21
chr6:43758202-43765199,62,80,0,0,19,0,50,213
chr6:43909802-43919000,68,0,0,15,12,0,0,26
chr6:44096652-44097153,68,65,84,62,70,0,90,70
chr6:44101601-44101800,5,0,0,17,6,104,41,27
chr6:44104201-44107199,112,205,344,555,246,65,406,217
chr6:44109201-44112600,198,133,119,540,139,181,337,113
chr6:44185402-44187399,53,68,185,120,167,375,349,171
chr6:44199802-44204599,100,0,8,162,79,398,173,90
chr6:44206402-44207599,19,0,0,26,69,9,29,46
chr6:44237531-44237973,114,213,333,227,139,79,190,110
chr6:44238070-44238501,127,115,381,335,151,138,144,196
chr6:44380801-44383400,38,114,28,61,146,0,64,0
chr6:45665601-45668199,108,76,0,68,153,61,139,45
chr6:46175001-46175826,2,0,69,12,44,40,23,0
chr6:46191001-46191400,21,215,65,12,57,102,45,122
chr6:46191801-46192600,0,57,139,47,10,15,27,77
chr6:47859001-47859600,97,0,27,37,37,29,57,21
chr6:49645201-49649000,45,49,140,244,26,541,86,22
chr6:53228002-53231800,22,37,42,51,0,30,31,0
chr6:53238201-53253199,22,318,194,63,20,0,0,87
chr6:53254801-53259200,39,172,114,193,54,0,136,89
chr6:53263402-53266199,108,287,124,186,15,149,34,20
chr6:53359247-53359925,67,0,35,1,41,0,28,0
chr6:53390201-53390800,11,57,271,5,0,0,8,11
chr6:53407201-53408000,34,49,115,0,15,0,0,0
chr6:53435402-53442179,141,354,628,131,0,241,0,49
chr6:53454802-53455600,67,198,231,39,0,50,19,9
chr6:53701402-53703400,0,0,0,6,0,59,18,23
chr6:53721802-53726399,48,45,0,155,12,0,14,20
chr6:53730000-53731400,12,25,0,40,0,0,15,22
chr6:56003401-56005800,21,0,0,24,0,0,12,62
chr6:57069801-57071600,220,47,40,589,101,299,236,245
chr6:57074001-57074600,126,58,89,174,205,262,69,63
chr6:57078601-57078800,34,23,28,78,1,39,89,37
chr6:57082601-57083000,378,550,362,307,533,387,661,267
chr6:57260602-57268549,391,0,58,235,218,0,41,69
chr6:70600601-70602200,0,0,56,36,21,0,21,44
chr6:73571200-73571601,95,181,128,28,78,61,34,103
chr6:73656463-73657840,59,0,28,51,47,40,125,82
chr6:73664001-73667199,90,20,29,140,0,0,52,0
chr6:73689601-73692200,415,50,0,930,267,416,271,479
chr6:75210802-75214199,20,0,0,11,0,26,14,0
chr6:75230401-75231260,0,101,7,6,0,0,0,7
chr6:75251601-75252000,63,0,0,25,45,0,7,42
chr6:76683801-76685600,21,0,0,51,83,0,46,20
chr6:76697800-76698200,0,0,28,44,4,0,14,0
chr6:77212201-77212600,4,0,0,38,34,0,63,0
chr6:77454402-77459199,0,7,0,121,6,57,39,0
chr6:78831401-78831801,0,0,28,12,20,0,0,11
chr6:78854401-78855372,39,25,28,62,41,0,33,56
chr6:78858886-78859600,39,0,0,32,14,0,83,65
chr6:78861401-78861823,0,0,42,8,10,0,10,0
chr6:79196002-79198199,220,122,53,174,144,43,84,63
chr6:79238601-79240999,455,399,204,294,283,61,365,132
chr6:79373475-79374728,41,0,0,12,31,0,0,21
chr6:79376402-79378599,46,10,12,0,96,0,11,0
chr6:79554401-79554600,37,0,4,65,27,0,41,0
chr6:79599801-79601600,104,0,0,316,0,28,0,20
chr6:79604001-79605800,21,0,0,124,12,28,31,20
chr6:79610201-79610999,22,19,0,31,0,7,15,0
chr6:79613001-79613400,10,24,0,15,16,0,43,0
chr6:79613602-79615599,17,0,0,150,115,0,31,84
chr6:79705601-79706000,0,12,96,55,28,15,50,19
chr6:79707601-79708400,0,41,20,43,13,120,123,44
chr6:80424601-80426599,128,26,29,260,52,91,142,43
chr6:80433001-80434000,168,49,14,90,89,43,100,84
chr6:80438837-80438984,34,16,0,44,42,89,88,58
chr6:82380801-82381800,22,0,0,4,20,0,46,0
chr6:82396401-82399800,0,0,0,97,102,0,56,79
chr6:82407802-82410799,13,0,55,119,0,29,93,21
chr6:82415601-82416001,18,0,0,100,38,30,21,0
chr6:82416200-82416400,0,29,0,25,10,54,0,0
chr6:82419400-82420200,0,0,0,22,20,60,4,39
chr6:82424601-82425600,0,24,27,53,20,0,14,0
chr6:82492001-82492200,11,7,0,6,69,30,36,33
chr6:82875201-82878200,22,0,0,40,0,0,6,17
chr6:83462401-83470599,24,0,0,6,45,0,16,0
chr6:83969001-83969800,145,229,84,94,38,150,50,19
chr6:83974413-83978799,0,100,48,152,0,121,45,44
chr6:84093401-84094459,0,50,51,38,62,0,47,21
chr6:84390401-84390800,19,0,0,2,7,0,12,0
chr6:84583401-84584200,0,20,0,15,6,0,8,8
chr6:84666801-84668200,246,89,5,489,169,169,463,174
chr6:84785601-84786065,13,34,0,0,52,0,26,26
chr6:84809600-84810000,13,28,0,36,47,0,14,22
chr6:84866801-84867000,0,0,0,8,22,0,46,38
chr6:84897877-84898742,0,0,0,8,2,0,23,8
chr6:87274801-87275201,8,24,0,38,0,0,4,17
chr6:87275801-87276200,20,43,0,16,0,0,0,26
chr6:87669200-87669600,80,17,10,95,112,26,96,66
chr6:87670201-87673000,343,658,555,810,403,454,373,589
chr6:88989401-88989600,0,0,0,2,0,20,11,3
chr6:89086496-89086815,39,209,67,116,0,58,51,11
chr6:89316802-89317600,96,259,164,221,256,126,372,335
chr6:89321729-89321943,0,39,0,25,18,15,13,0
chr6:89359002-89362000,125,641,205,347,353,166,425,500
chr6:89430401-89431000,0,73,0,43,40,0,0,24
chr6:90500401-90501200,0,24,0,26,4,0,54,0
chr6:90502402-90503800,23,16,0,46,0,0,0,22
chr6:95528201-95529600,0,25,85,0,51,99,30,32
chr6:95560801-95561600,285,249,115,125,186,232,259,104
chr6:95568801-95569400,144,109,113,153,62,97,104,158
chr6:100504202-100505799,205,146,26,96,94,60,72,183
chr6:100506401-100507200,0,73,51,20,0,15,11,37
chr6:100891401-100892600,14,0,40,11,14,9,3,45
chr6:104322401-104327200,0,0,0,24,19,152,89,20
chr6:104463201-104463600,97,131,28,8,29,93,55,0
chr6:104471602-104473599,11,19,85,42,0,0,95,43
chr6:104599953-104600205,10,0,0,0,14,13,0,11
chr6:104637802-104641600,68,31,91,45,0,60,19,5
chr6:106671801-106673200,39,48,54,103,103,0,107,10
chr6:106691402-106694999,21,23,53,48,19,0,11,20
chr6:107488416-107488778,0,0,0,14,36,59,19,22
chr6:107665002-107668399,0,99,0,23,0,26,31,0
chr6:107679402-107680199,5,0,28,10,0,30,0,22
chr6:107695001-107696599,0,70,112,5,0,44,54,44
chr6:107973401-107974200,0,24,0,2,27,0,14,44
chr6:108021201-108022800,21,0,56,17,0,9,6,16
chr6:108027401-108028000,0,5,0,78,0,23,5,17
chr6:108687802-108691599,73,335,148,433,187,0,298,176
chr6:108697678-108698200,0,104,63,47,66,30,40,18
chr6:108698602-108700400,239,226,56,241,239,171,251,91
chr6:108706001-108706200,0,0,14,38,24,40,42,47
chr6:108706801-108708400,90,237,142,307,393,63,241,134
chr6:108710001-108710400,41,59,63,52,117,23,132,54
chr6:108710800-108712000,215,143,158,198,301,285,372,193
chr6:108712202-108716399,420,617,381,507,904,573,834,310
chr6:108720601-108721800,0,99,0,25,21,0,7,0
chr6:108740801-108742800,59,0,0,11,63,0,16,0
chr6:108743202-108747399,87,27,31,39,63,16,91,67
chr6:108747601-108749400,0,99,73,146,103,288,109,62
chr6:108981801-108984000,23,14,0,210,57,52,116,51
chr6:110388002-110391162,448,72,275,264,303,81,284,449
chr6:110873411-110873691,0,10,0,11,0,0,9,11
chr6:110971201-110972200,71,29,81,178,126,120,132,75
chr6:111029751-111030999,0,20,27,76,0,29,15,0
chr6:111032401-111033400,4,0,0,10,0,0,12,21
chr6:111033801-111034800,44,0,27,23,0,69,15,0
chr6:111610401-111611157,20,59,28,25,0,0,0,0
chr6:111614170-111616599,47,27,22,61,20,0,32,21
chr6:111630602-111632999,0,23,26,54,62,42,37,55
chr6:111642350-111643000,22,0,14,22,12,0,0,27
chr6:111646801-111647800,0,24,0,16,0,0,18,31
chr6:111653201-111654600,10,11,41,41,0,0,0,10
chr6:111656402-111659200,66,27,57,33,0,0,66,12
chr6:112014001-112020000,116,0,22,40,90,11,74,87
chr6:112026602-112032599,179,0,33,76,82,35,74,104
chr6:112032802-112039800,523,137,51,165,259,138,231,305
chr6:113412602-113415007,39,0,0,12,3,0,14,0
chr6:113427650-113427827,154,4,0,0,5,61,56,51
chr6:113924201-113925000,10,0,28,23,80,0,404,11
chr6:113928602-113929200,26,0,0,35,20,29,71,21
chr6:115579601-115580400,278,74,112,99,124,270,156,261
chr6:116744801-116745000,89,37,40,143,41,147,183,30
chr6:117611402-117614800,25,0,113,48,37,60,38,44
chr6:117615890-117616242,0,37,0,16,19,90,5,22
chr6:117620401-117620600,29,0,0,17,20,0,19,0
chr6:118323601-118324600,0,24,0,22,0,3,0,7
chr6:118717802-118726800,40,29,50,83,37,53,37,26
chr6:118735002-118737800,0,22,57,23,19,0,8,32
chr6:118739001-118741200,23,50,44,50,21,0,29,99
chr6:118795402-118797049,140,339,425,140,79,88,134,191
chr6:118800433-118800744,0,47,100,14,4,80,10,0
chr6:118804504-118805200,0,67,51,126,0,0,23,39
chr6:118810438-118810741,65,99,141,104,118,126,55,79
chr6:119442201-119451000,105,0,0,215,193,34,145,63
chr6:119454201-119455400,7,0,0,18,19,0,0,10
chr6:119476201-119477062,0,0,0,49,11,90,0,22
chr6:119479802-119480999,107,74,0,105,136,0,127,10
chr6:119482401-119483400,91,49,0,33,175,176,148,43
chr6:119489801-119490401,0,0,0,7,10,86,3,0
chr6:119533001-119534400,18,6,5,21,36,33,53,26
chr6:119601802-119603799,0,0,29,89,0,0,2,43
chr6:119611001-119613400,78,0,84,73,55,152,59,20
chr6:119620602-119623399,54,0,0,134,61,0,26,0
chr6:119626402-119629599,181,0,29,24,79,240,59,88
chr6:119672402-119674199,67,0,0,12,0,28,14,0
chr6:119799402-119801400,11,0,0,37,0,0,39,23
chr6:119830401-119831313,0,20,0,13,0,0,21,22
chr6:119863801-119864400,67,0,22,18,10,0,13,0
chr6:120128401-120129000,0,0,4,0,13,0,43,15
chr6:121847802-121852799,22,24,27,126,20,89,62,152
chr6:121857001-121857200,11,0,0,3,0,0,9,22
chr6:121881801-121882848,1,11,0,53,4,205,17,53
chr6:121931602-121934199,19,0,0,10,21,0,16,0
chr6:122005802-122009399,10,0,0,170,19,28,0,20
chr6:122042802-122043999,23,0,64,25,62,0,76,22
chr6:122052296-122052539,0,0,17,15,20,0,16,11
chr6:122059801-122060200,0,0,0,6,20,0,12,45
chr6:122062001-122062400,35,1,28,18,3,0,81,51
chr6:122063001-122064400,135,25,28,76,36,0,95,211
chr6:122066014-122066361,0,0,5,13,71,30,7,22
chr6:123802054-123802440,0,0,0,12,12,0,36,14
chr6:125305201-125305800,45,86,0,205,17,0,2,100
chr6:125307002-125308400,10,32,0,436,21,0,108,42
chr6:125311000-125311600,0,24,0,130,62,0,2,0
chr6:125314002-125314603,0,0,0,238,20,0,72,29
chr6:125315601-125316000,0,0,0,218,20,30,20,0
chr6:125354602-125358199,16,23,0,1019,19,57,78,67
chr6:125361201-125361600,84,62,27,408,60,119,54,0
chr6:126266801-126268400,193,0,29,119,96,28,110,139
chr6:126300252-126300581,21,6,0,9,0,0,0,7
chr6:126302001-126303000,68,0,0,50,78,0,77,21
chr6:127262201-127262600,2,0,0,21,20,0,0,6
chr6:127351201-127354400,124,0,0,102,171,31,211,65
chr6:127365602-127367400,10,0,0,33,81,28,195,120
chr6:130824601-130824800,11,19,0,36,0,26,21,0
chr6:130825202-130826799,62,172,82,136,181,88,150,106
chr6:132822801-132823419,0,0,28,13,83,0,40,0
chr6:133906002-133906800,0,45,0,34,17,0,6,0
chr6:133921201-133921702,0,12,0,6,20,0,0,7
chr6:136255001-136256000,44,75,103,99,93,296,92,108
chr6:136795002-136796000,0,0,55,25,10,23,0,20
chr6:137195602-137196800,0,0,0,21,21,16,16,27
chr6:137222467-137222704,17,12,42,10,18,41,4,8
chr6:138347601-138349400,0,23,26,12,19,0,0,0
chr6:141446001-141446400,0,33,28,0,0,159,23,8
chr6:142959601-142960800,125,84,113,65,154,0,124,22
chr6:143356801-143357400,19,0,0,9,4,0,0,11
chr6:143514801-143517800,591,122,228,220,411,308,298,200
chr6:143524601-143526400,185,0,26,80,59,53,81,78
chr6:143527001-143529600,23,42,0,50,21,0,0,33
chr6:144087401-144088400,0,17,0,0,102,0,113,82
chr6:144123001-144125000,68,35,0,467,79,0,0,26
chr6:144143802-144145600,21,49,83,124,61,0,44,65
chr6:144194001-144194800,35,0,0,20,20,30,10,0
chr6:144199001-144199200,0,0,0,0,5,15,10,8
chr6:144216208-144216617,0,76,65,52,27,59,8,62
chr6:144229801-144230000,12,0,0,47,24,0,41,0
chr6:144233602-144235321,38,0,0,61,25,0,55,0
chr6:144240001-144240800,45,49,0,26,40,0,18,0
chr6:144248002-144250399,107,11,53,229,62,0,119,55
chr6:144252001-144252800,23,20,25,74,122,4,69,81
chr6:144253801-144254400,22,0,113,24,18,0,30,0
chr6:144259602-144261199,76,99,56,304,181,0,138,71
chr6:144264389-144264564,50,0,0,41,12,0,23,0
chr6:144278402-144280200,21,49,26,127,37,28,14,0
chr6:144929869-144930246,11,0,14,11,29,0,14,0
chr6:145147402-145149200,16,44,0,10,140,89,0,0
chr6:145150001-145150400,0,0,13,10,11,57,0,0
chr6:146539601-146540800,10,0,6,25,34,0,0,66
chr6:146558201-146558400,36,25,0,19,31,73,54,74
chr6:146560001-146561200,17,94,0,67,80,54,108,43
chr6:148190801-148194200,0,0,0,57,74,121,31,0
chr6:148225801-148226800,56,11,0,60,53,29,119,17
chr6:148231001-148232600,45,0,0,180,50,0,177,58
chr6:149502602-149503799,121,179,360,891,330,135,322,160
chr6:150572402-150575999,37,0,0,127,39,57,156,193
chr6:150848401-150848600,75,0,0,41,21,11,41,9
chr6:150854264-150854554,154,58,0,159,47,158,91,132
chr6:150856976-150857410,120,53,201,150,70,216,208,195
chr6:150857610-150857973,113,15,42,89,72,70,107,116
chr6:150861202-150864199,1393,323,128,857,1090,1863,1452,1506
chr6:151627201-151629000,252,102,6,82,37,60,29,164
chr6:151629601-151630200,45,0,0,15,41,0,0,21
chr6:151630402-151631200,77,47,23,38,41,91,81,0
chr6:151631401-151631600,22,0,0,1,0,40,4,9
chr6:151632001-151632800,113,74,40,30,68,136,15,44
chr6:152745986-152746709,318,297,28,141,363,226,703,62
chr6:154649202-154650799,0,0,0,10,59,88,31,0
chr6:155873001-155873400,19,0,0,10,10,0,5,0
chr6:155880402-155884599,200,0,0,92,92,0,78,54
chr6:155887201-155888400,44,25,0,24,29,21,16,0
chr6:155889201-155890000,8,0,0,18,39,117,0,0
chr6:155909801-155910200,17,0,0,33,70,15,67,5
chr6:156770401-156771600,132,37,31,120,125,114,103,196
chr6:157368601-157370400,21,0,0,48,49,60,40,0
chr6:157374801-157375800,292,148,118,315,144,213,433,405
chr6:157693601-157694600,0,49,0,10,0,0,4,11
chr6:158825201-158827999,92,22,0,61,57,0,31,0
chr6:158832201-158832400,2,0,0,1,0,12,11,41
chr6:158958401-158959800,18,25,0,31,21,24,53,0
chr6:158971000-158971400,22,0,7,23,15,6,29,0
chr6:159441009-159441424,0,0,0,9,35,0,28,31
chr6:159827600-159828600,25,63,55,24,19,0,31,138
chr6:159828801-159835799,0,102,0,11,0,0,43,30
chr6:159838002-159838800,43,0,0,183,20,15,0,42
chr6:159860401-159863701,44,0,0,150,0,0,40,43
chr6:160160401-160162400,32,0,118,55,0,0,16,23
chr6:163367202-163371200,203,26,0,37,115,55,178,267
chr6:163383784-163385400,50,0,0,24,11,0,31,110
chr6:163386602-163388199,28,0,26,4,26,0,0,44
chr6:163388401-163393200,107,47,26,40,138,0,124,153
chr6:163396712-163397213,15,0,56,0,25,29,9,57
chr6:166352017-166352263,0,0,0,16,42,92,10,0
chr6:166959307-166959539,0,0,0,6,35,6,7,0
chr6:166962001-166962200,0,16,17,0,57,0,3,9
chr6:167547002-167548600,0,0,0,36,26,142,24,0
chr6:167550202-167553399,86,73,0,8,57,57,26,0
chr6:167565002-167568000,49,0,0,71,82,237,86,78
chr6:167572202-167574200,0,0,0,60,79,106,95,87
chr6:167574471-167575600,40,11,0,0,0,53,15,0
chr6:167704402-167707000,58,0,0,57,21,92,43,22
chr6:167746401-167749200,87,0,25,97,69,155,49,109
chr6:168045601-168046800,0,25,0,2,69,23,12,5
chr6:168368200-168368401,5,0,0,0,6,0,13,11
chr6:168368602-168369200,32,0,0,0,19,15,8,33
chr6:168377487-168377829,93,0,0,0,25,29,13,0
chr6:168384601-168385029,157,57,0,14,38,5,197,36
chr6:169095201-169096200,115,24,85,8,116,43,163,133
chr6:169140202-169143199,0,24,50,0,0,29,3,0
chr6:169156201-169156601,0,0,0,29,0,46,29,2
chr6:169166001-169166400,20,0,112,69,0,0,26,0
chr6:169167002-169170199,296,156,581,708,79,443,301,283
chr6:169171202-169174399,587,73,302,1225,386,303,913,366
chr6:169187976-169191400,40,22,57,84,0,0,24,0
chr6:169319346-169320440,31,24,0,0,12,0,15,0
chr6:169326201-169326801,28,23,41,103,0,60,15,0
chr6:169336801-169337000,0,0,14,4,4,0,25,0
chr6:169337201-169337400,0,19,14,0,13,46,7,0
chr6:169340002-169340999,11,73,0,6,119,25,38,15
chr6:169346452-169347000,0,0,50,63,0,0,15,15
chr6:169406802-169409000,0,0,0,96,69,0,136,44
chr6:169883401-169884400,11,0,27,25,20,0,0,0
chr6:169903402-169907799,39,50,0,11,18,0,13,19
chr6:169932401-169936399,113,143,81,142,65,205,8,23
chr6:169962937-169963137,41,12,14,32,42,47,2,10
chr6:169975801-169976000,0,10,11,4,59,75,26,5
chr6:169976201-169977233,44,25,0,38,255,22,117,14
chr6:169978201-169979400,8,9,0,51,60,0,0,109
chr6:169989899-169990593,43,11,0,15,13,43,24,11
chr6:169994802-170000399,58,0,41,90,222,33,86,24
chr6:170030801-170032138,0,0,84,47,102,60,0,21
chr6:170034401-170038999,0,60,42,0,50,63,38,53
chr6:170128802-170131599,46,36,77,172,19,60,49,0
chr6:170132401-170132600,0,12,0,12,0,0,12,3
chr6:170173202-170175599,666,1461,765,1050,1625,2159,548,884
chr6:170176773-170176827,16,33,13,32,19,65,7,30
chr6:170185602-170187199,0,185,29,12,50,0,0,0
chr6:170462002-170465399,5,0,107,23,0,0,14,0
chr6:170522601-170525200,0,131,0,26,21,0,43,22
chr5:1113085-1113308,31,0,28,9,17,21,12,22
chr5:1116802-1121999,396,33,86,74,228,144,166,430
chr5:1122602-1125799,133,31,35,10,39,0,13,88
chr5:1554401-1556400,11,0,29,37,0,31,31,0
chr5:1564012-1564477,23,0,0,2,26,0,15,0
chr5:1565388-1565476,6,0,6,9,16,0,0,0
chr5:1635600-1636200,0,58,0,43,0,29,15,0
chr5:1788602-1795399,0,33,25,23,102,26,84,88
chr5:1927601-1928200,95,54,22,47,108,15,39,247
chr5:2129201-2130800,19,0,0,25,57,60,0,0
chr5:2710001-2710400,2,12,0,12,0,30,0,0
chr5:2758041-2758431,18,152,132,115,41,76,19,56
chr5:3603801-3604600,16,160,35,154,0,60,15,0
chr5:3606308-3607600,166,447,112,169,0,166,36,0
chr5:3610201-3610600,17,197,28,20,3,74,21,0
chr5:3610801-3611000,12,77,13,27,0,49,3,0
chr5:5329601-5332800,129,0,0,10,35,0,82,23
chr5:5343401-5344800,0,0,0,13,42,0,31,81
chr5:5348001-5348600,0,0,0,12,6,0,8,37
chr5:5349602-5352200,34,8,0,26,42,0,16,45
chr5:5520401-5522999,19,0,53,0,21,25,102,37
chr5:6359402-6361399,0,26,0,45,21,0,59,87
chr5:6365600-6365801,3,0,0,20,14,45,3,0
chr5:6366401-6366600,6,0,0,5,53,28,3,0
chr5:6708712-6709383,16,0,0,17,40,121,52,0
chr5:8937980-8938599,45,0,0,0,41,0,13,22
chr5:9557001-9558201,150,45,28,168,245,168,523,66
chr5:10160801-10163000,69,0,0,13,57,0,25,0
chr5:10201401-10202800,62,0,0,98,130,0,165,54
chr5:10562899-10563170,13,12,53,7,0,0,0,0
chr5:12861801-12862201,0,36,22,5,10,38,116,0
chr5:14140337-14141180,0,44,0,12,46,0,5,0
chr5:14142223-14142541,0,117,33,11,0,0,8,13
chr5:16471001-16471400,28,20,0,4,0,0,15,0
chr5:18686401-18687600,0,0,26,39,14,0,14,22
chr5:18697878-18698072,0,0,0,6,10,0,7,11
chr5:18702602-18703600,22,0,27,62,17,0,0,0
chr5:30486802-30487599,11,18,0,16,50,0,40,17
chr5:31021066-31021756,0,0,28,11,20,0,26,16
chr5:31047002-31050799,22,0,21,115,20,0,0,0
chr5:31088892-31089203,40,13,30,96,53,0,38,0
chr5:32206401-32207799,0,11,0,17,82,27,0,10
chr5:32223002-32226199,86,99,94,13,21,50,122,55
chr5:32606201-32606800,0,0,27,34,41,60,19,0
chr5:32612202-32613549,501,369,330,213,419,90,297,207
chr5:33318602-33322399,45,0,0,12,0,30,149,82
chr5:33361801-33365399,43,0,0,0,19,57,85,0
chr5:33470401-33470601,4,25,103,12,0,0,6,10
chr5:33470800-33471600,0,57,166,50,0,0,45,0
chr5:34652401-34653001,40,45,158,36,47,54,36,21
chr5:34653200-34653600,9,0,123,0,0,0,21,32
chr5:34655313-34655707,0,15,46,10,43,0,0,44
chr5:35881801-35885400,102,23,300,12,14,57,89,235
chr5:36340001-36340600,22,0,0,17,52,0,15,34
chr5:37071401-37073200,376,579,651,540,239,138,346,256
chr5:37082801-37083000,46,34,28,87,6,45,26,0
chr5:37086801-37087200,104,90,0,131,73,43,36,22
chr5:37090001-37090845,114,74,56,304,28,30,42,44
chr5:37102026-37102147,89,14,140,80,131,88,69,21
chr5:37271609-37273669,61,0,34,195,2,0,72,23
chr5:38468923-38469272,14,153,67,0,8,23,31,17
chr5:38472601-38473800,3,117,26,81,41,59,106,244
chr5:38672001-38673200,16,0,55,48,82,0,32,41
chr5:38681001-38681200,20,40,22,22,38,0,85,51
chr5:39529201-39529400,3,0,0,5,0,0,14,24
chr5:39624001-39626400,25,0,0,0,19,28,12,0
chr5:40801600-40803400,18,0,40,12,0,0,31,0
chr5:40837601-40839999,21,0,0,0,0,14,14,20
chr5:40870802-40871800,22,0,27,12,0,0,31,0
chr5:40873202-40873999,0,0,14,18,54,0,49,0
chr5:40904202-40905599,46,0,57,18,70,0,49,34
chr5:40990201-40993200,0,49,55,76,135,17,80,56
chr5:42037201-42038200,37,107,55,0,20,15,31,0
chr5:42168200-42168600,28,7,48,23,67,15,3,50
chr5:42926001-42926200,10,0,0,12,18,0,29,0
chr5:42953201-42953677,85,14,196,46,79,192,62,97
chr5:42961001-42962000,83,49,0,91,41,29,101,23
chr5:42974800-42975000,119,7,64,84,62,15,129,82
chr5:42999421-42999774,6,85,151,67,39,30,103,91
chr5:43004801-43005800,44,19,0,23,0,0,52,0
chr5:43008099-43008336,75,14,0,81,94,41,107,81
chr5:43009239-43009550,175,64,130,130,133,180,348,169
chr5:43010196-43010700,132,52,67,80,76,169,216,187
chr5:43711201-43711801,80,156,147,75,61,28,88,20
chr5:43771401-43774599,0,99,0,0,21,0,29,65
chr5:44441201-44441800,0,16,0,22,43,0,75,17
chr5:44481601-44483372,58,14,0,64,0,0,31,0
chr5:44696801-44697600,56,0,0,42,63,0,127,0
chr5:44730530-44731399,45,0,0,25,39,0,45,11
chr5:44833201-44833600,9,0,14,23,38,0,7,0
chr5:50393856-50394447,594,267,103,44,255,297,332,400
chr5:50652601-50656999,19,21,0,22,12,0,0,19
chr5:54547602-54550399,940,502,415,660,864,736,1253,662
chr5:54550801-54551999,220,282,0,168,401,161,661,256
chr5:54553801-54554000,22,10,14,2,30,0,61,12
chr5:54557801-54559400,126,13,0,44,13,148,89,55
chr5:54561201-54563999,196,50,83,85,42,27,75,89
chr5:54570402-54571999,128,289,186,105,118,28,203,157
chr5:54576801-54583000,0,50,23,89,0,24,38,0
chr5:54589201-54592600,20,49,81,37,37,0,45,19
chr5:54600601-54606000,104,26,60,36,140,0,78,15
chr5:54606401-54606600,36,41,30,15,14,0,41,45
chr5:54607002-54621999,291,171,83,520,288,118,403,261
chr5:54623201-54627000,266,74,0,112,109,30,322,0
chr5:54628001-54629000,95,49,27,65,188,91,41,127
chr5:54632002-54632600,51,0,0,60,79,87,38,15
chr5:54633802-54634600,83,0,0,67,66,0,128,8
chr5:54637602-54639999,172,0,0,133,141,90,203,128
chr5:54651202-54652600,43,11,0,34,42,0,86,0
chr5:54653002-54657400,98,0,0,63,169,0,27,19
chr5:54659800-54660600,537,33,0,43,140,0,66,49
chr5:54889402-54890799,0,0,0,13,26,0,15,66
chr5:55568601-55572800,163,27,31,67,103,91,130,0
chr5:55575801-55579599,0,24,0,35,0,30,11,22
chr5:55590584-55592399,0,0,13,33,42,0,73,0
chr5:55592601-55594000,20,0,2,53,21,0,5,0
chr5:55597270-55597575,0,0,17,33,0,0,16,17
chr5:55615601-55616800,448,76,126,59,77,377,291,224
chr5:55620202-55622000,526,802,614,585,308,427,644,1008
chr5:56326001-56331600,108,0,0,33,23,0,17,0
chr5:56446929-56447975,0,24,0,19,20,0,68,44
chr5:56449001-56449800,17,0,0,12,0,0,46,11
chr5:56649538-56650399,23,0,0,25,0,0,14,11
chr5:56740001-56740600,22,24,0,12,4,0,0,0
chr5:57166001-57167399,50,0,85,23,30,30,14,44
chr5:58450601-58451600,0,13,0,32,0,0,15,37
chr5:61329720-61330352,36,0,0,23,0,30,15,44
chr5:61330851-61331312,64,0,0,24,0,15,9,10
chr5:62640001-62641200,10,0,0,48,0,85,65,22
chr5:65059402-65063799,124,0,8,78,126,0,4,0
chr5:65064802-65067600,41,0,0,42,169,0,5,0
chr5:65075602-65077199,157,0,0,43,59,0,14,0
chr5:65079601-65080200,41,0,0,42,13,0,0,20
chr5:65084601-65085800,295,0,28,36,19,0,31,0
chr5:65086201-65086800,58,0,27,17,41,0,39,0
chr5:67970601-67973199,0,50,0,43,14,0,48,7
chr5:67982801-67984999,0,14,0,13,0,30,6,0
chr5:68021401-68023400,41,0,0,0,41,31,6,43
chr5:68026202-68029599,91,44,0,0,0,0,45,88
chr5:68037001-68043999,73,0,0,35,0,124,21,10
chr5:69091002-69091740,39,0,0,11,28,33,5,19
chr5:69213401-69214201,61,20,14,56,20,15,47,0
chr5:69770202-69772400,23,0,0,3,81,0,159,22
chr5:69986801-69987200,22,12,0,3,3,26,0,0
chr5:69991601-69992000,719,327,342,857,1241,684,1615,705
chr5:69995201-69996000,7,0,0,10,0,0,3,3
chr5:70085000-70085201,70,45,9,172,222,60,170,19
chr5:70279801-70280800,0,24,14,119,37,47,58,55
chr5:70352601-70353200,50,0,0,18,14,0,99,0
chr5:70574802-70576400,28,10,0,37,0,31,36,23
chr5:70729201-70731399,23,35,0,26,21,0,15,22
chr5:70747401-70747800,54,24,14,0,34,11,0,0
chr5:70822801-70823400,11,24,0,41,10,0,6,0
chr5:70862001-70862200,135,141,85,272,360,245,418,139
chr5:70870601-70871400,126,60,169,132,177,150,158,31
chr5:71155001-71156600,143,201,100,1421,406,85,259,190
chr5:71170201-71170800,105,0,0,117,13,1,56,0
chr5:71279201-71280400,35,0,0,13,41,0,16,20
chr5:71573801-71574200,28,1,22,6,20,0,18,33
chr5:71906002-71908200,23,0,0,22,30,30,45,15
chr5:71922448-71926245,0,0,28,25,62,0,27,0
chr5:72210118-72210394,0,21,8,23,0,7,0,0
chr5:72371202-72374000,29,123,0,125,76,0,211,65
chr5:72383202-72389600,239,83,166,135,447,114,622,371
chr5:72390001-72395400,40,0,0,59,0,0,67,149
chr5:72397201-72400400,0,0,0,32,21,57,66,41
chr5:72402130-72403600,19,0,0,48,20,0,0,62
chr5:72407402-72409600,0,0,0,16,75,0,66,12
chr5:72411202-72413115,51,21,0,6,47,0,91,86
chr5:72433001-72435399,96,0,0,26,105,0,134,125
chr5:72920601-72923800,81,162,0,70,43,57,99,23
chr5:72937894-72937969,6,20,30,0,7,37,1,27
chr5:72938354-72938536,11,11,0,4,49,0,10,50
chr5:72940119-72940393,43,12,0,6,52,0,21,87
chr5:72944001-72945799,0,49,83,21,19,0,46,65
chr5:72946802-72948199,0,22,12,9,0,66,39,0
chr5:73113402-73116999,177,23,0,121,227,270,163,198
chr5:73321002-73322999,23,0,0,0,21,142,90,0
chr5:73540002-73542999,80,24,0,25,16,23,31,39
chr5:73544002-73546250,205,25,25,74,40,75,174,39
chr5:73591070-73593599,60,119,112,36,90,30,89,22
chr5:73968401-73969600,1,11,0,0,52,0,23,6
chr5:75057650-75057827,11,13,0,34,24,0,26,26
chr5:75605001-75605400,383,392,399,523,371,218,312,228
chr5:75605801-75608000,1315,1469,3224,1556,1349,940,1489,1335
chr5:76737275-76737397,20,12,0,8,0,0,2,2
chr5:76943200-76943600,0,12,0,5,23,0,22,39
chr5:76944201-76944400,0,0,0,6,9,0,32,46
chr5:76945089-76948199,13,25,0,76,260,0,251,198
chr5:76986886-76987400,0,32,0,28,0,0,12,11
chr5:76998602-77000200,21,0,0,31,79,0,46,20
chr5:77884601-77885799,17,7,0,0,0,35,11,0
chr5:77989001-77991800,62,192,93,172,19,171,84,44
chr5:77991983-77992305,116,424,273,75,198,30,190,129
chr5:77992703-77993000,114,328,355,94,24,49,167,71
chr5:77993201-77995399,860,1892,1081,498,648,783,1010,773
chr5:78483723-78484134,22,0,0,44,0,0,11,12
chr5:78776401-78776601,51,22,49,20,13,30,24,10
chr5:79973401-79975800,21,0,8,46,19,0,86,66
chr5:80091601-80094999,25,0,0,17,46,13,0,0
chr5:80101602-80107399,69,0,0,29,214,34,108,16
chr5:80257226-80257946,224,184,345,220,82,226,112,507
chr5:80884201-80885801,66,81,139,174,120,234,260,134
chr5:80886000-80886200,8,22,30,19,16,0,27,22
chr5:80903401-80905400,92,45,70,157,82,75,31,75
chr5:80916601-80916800,20,12,0,0,0,64,25,0
chr5:80917601-80917999,20,0,0,21,53,0,15,0
chr5:80920969-80921339,24,0,56,60,43,182,46,35
chr5:80925001-80925200,0,13,0,16,0,0,19,11
chr5:80925401-80927800,0,0,84,60,0,28,52,17
chr5:81315001-81316000,0,71,27,60,0,112,23,0
chr5:81316602-81317999,91,18,57,5,0,24,0,64
chr5:81398602-81399600,88,60,226,119,222,77,218,66
chr5:81399801-81400800,19,49,111,107,46,59,44,20
chr5:81758878-81759042,0,0,10,0,0,14,4,5
chr5:81767002-81770199,172,26,41,24,61,88,86,23
chr5:81793801-81795000,17,25,0,13,75,0,0,34
chr5:82395801-82398400,19,63,0,54,0,30,72,22
chr5:82404402-82407599,66,135,0,64,39,88,185,106
chr5:82412802-82414999,19,0,0,26,0,47,25,0
chr5:82416556-82423400,40,0,0,69,18,0,28,79
chr5:82811801-82814599,0,22,25,0,0,38,31,0
chr5:83015601-83016200,22,37,14,59,16,0,43,0
chr5:83019401-83019800,35,12,112,2,40,0,28,0
chr5:83033802-83037599,56,173,253,276,125,202,55,99
chr5:83373801-83380599,0,22,25,34,0,67,28,0
chr5:83583201-83585000,1245,335,160,798,1143,669,4178,2423
chr5:84564202-84568599,72,0,0,282,0,0,13,19
chr5:84578201-84579000,0,24,0,257,0,0,14,22
chr5:84585201-84585601,40,0,0,20,9,0,0,33
chr5:84589201-84589400,54,0,9,119,29,96,27,58
chr5:84604802-84605800,40,0,0,159,4,55,37,33
chr5:93356001-93357200,0,0,0,4,21,0,13,17
chr5:93614210-93614554,0,24,10,24,0,0,50,29
chr5:95615001-95615400,31,12,0,0,62,0,15,88
chr5:97077202-97083400,0,20,0,0,51,24,12,27
chr5:97979801-97981000,127,0,0,0,0,102,55,10
chr5:97986001-97986590,191,0,56,18,41,102,85,31
chr5:99004201-99005983,0,90,0,19,48,45,48,82
chr5:100364401-100365600,16,0,0,0,41,0,6,71
chr5:100600201-100601000,17,10,80,18,0,0,0,6
chr5:100757001-100759000,23,0,0,47,0,31,37,2
chr5:100797801-100798400,8,0,0,27,9,0,39,0
chr5:100904318-100904792,112,42,14,45,82,56,74,150
chr5:100906601-100907000,22,0,28,0,0,0,38,38
chr5:102741801-102743600,0,23,0,0,19,0,11,20
chr5:103279401-103282599,14,20,0,21,0,0,16,0
chr5:103423802-103426199,0,0,0,0,42,28,89,111
chr5:103428001-103429235,11,0,27,0,20,85,0,19
chr5:107025401-107027000,33,52,0,0,65,0,31,27
chr5:107342001-107343200,39,17,40,0,52,0,16,8
chr5:107359001-107368999,194,49,55,42,178,0,289,87
chr5:107369801-107371399,86,0,0,13,63,0,0,39
chr5:107675201-107676401,10,0,113,0,6,104,27,36
chr5:108718601-108718800,57,0,0,6,0,0,52,10
chr5:108719402-108721200,32,0,0,31,0,14,24,101
chr5:109328601-109330399,309,358,183,362,113,67,478,214
chr5:109330801-109331000,35,0,0,40,0,8,2,0
chr5:109411693-109411916,6,10,14,25,62,26,27,4
chr5:109413568-109413861,22,49,0,11,50,0,23,22
chr5:109413936-109414183,34,27,17,20,60,18,10,22
chr5:112528402-112536199,139,114,0,59,64,123,177,430
chr5:112933401-112935200,61,0,193,71,51,28,37,81
chr5:113489432-113489733,0,0,0,6,35,0,2,21
chr5:115189602-115190999,39,41,28,154,57,30,144,97
chr5:115507202-115508179,23,49,85,0,21,0,12,22
chr5:115557002-115560599,80,47,0,24,79,0,26,67
chr5:115564802-115565999,320,86,55,96,264,14,188,398
chr5:115571401-115573401,224,75,126,186,82,59,225,209
chr5:115574201-115576799,3076,1379,1928,1297,1687,715,2679,1940
chr5:115577388-115577800,394,223,288,152,150,186,455,309
chr5:115785401-115786200,21,0,14,0,36,50,0,0
chr5:115929801-115931399,23,0,0,25,54,0,19,0
chr5:115938601-115940000,0,25,0,18,15,0,28,18
chr5:115947977-115949000,0,75,34,13,21,0,0,16
chr5:115953402-115954799,23,93,98,31,21,41,15,32
chr5:116436202-116442800,39,64,61,100,163,78,6,47
chr5:116613602-116614799,43,0,0,51,93,0,12,31
chr5:116628801-116630399,11,237,56,132,162,155,175,199
chr5:116650802-116655999,85,50,57,118,57,0,91,22
chr5:116681201-116681800,14,0,0,6,0,0,15,21
chr5:116682601-116683200,22,24,0,14,0,0,36,0
chr5:116686201-116686800,17,0,0,12,15,49,28,24
chr5:116702802-116705599,62,0,25,26,73,55,40,89
chr5:116706201-116706400,11,0,0,6,0,0,20,11
chr5:118822201-118822800,39,30,0,20,0,0,11,0
chr5:119401802-119407199,32,105,0,0,14,0,16,0
chr5:120137202-120142000,14,62,35,20,26,57,74,55
chr5:120237401-120240800,20,22,0,77,0,0,0,19
chr5:120445002-120447999,22,24,27,0,0,0,77,0
chr5:120449002-120450399,0,45,12,22,0,0,28,44
chr5:120692001-120692200,0,20,0,6,0,13,5,0
chr5:120767001-120770000,0,49,0,12,0,59,52,43
chr5:122091002-122092600,16,0,0,64,0,0,16,20
chr5:122093001-122095599,54,46,28,0,0,0,24,0
chr5:122098402-122099799,16,11,28,13,0,19,60,36
chr5:122099918-122100055,17,0,0,13,0,0,7,17
chr5:122100401-122101200,0,0,37,42,20,15,8,22
chr5:122102402-122103599,43,25,37,25,21,0,47,10
chr5:122735801-122737200,10,0,0,81,0,0,15,22
chr5:122755201-122761799,0,0,0,134,81,0,61,19
chr5:122762201-122762600,0,5,0,4,0,3,10,0
chr5:122840001-122841000,50,124,44,197,153,49,60,101
chr5:122842083-122842236,3,0,0,15,0,32,14,0
chr5:123209002-123210199,23,25,0,0,9,30,16,33
chr5:126855001-126855800,22,10,169,0,10,0,56,79
chr5:127038401-127039000,83,48,40,25,69,39,52,81
chr5:128197002-128200381,20,513,865,128,37,147,55,63
chr5:130336602-130338199,391,0,44,493,254,623,263,74
chr5:130549402-130551200,64,0,0,103,32,89,72,44
chr5:131413402-131417723,83,176,0,248,124,154,93,44
chr5:132684600-132685200,111,8,111,67,49,14,135,29
chr5:133923802-133928599,43,0,26,12,59,0,0,62
chr5:134007402-134008600,60,0,0,42,103,0,7,66
chr5:134038202-134045599,44,169,137,25,0,0,0,21
chr5:134097132-134097508,36,42,28,0,0,0,12,21
chr5:134100068-134100798,0,8,27,31,0,0,0,22
chr5:134512001-134512280,20,1,0,0,0,5,59,15
chr5:135012602-135015399,20,96,249,151,0,27,214,36
chr5:135402801-135403000,1,0,0,7,0,24,13,9
chr5:135403601-135404250,23,0,0,23,34,0,13,57
chr5:135410401-135411200,133,0,14,38,102,98,38,201
chr5:136021493-136021788,18,0,4,42,47,0,39,7
chr5:136064602-136067399,16,22,0,575,0,0,98,0
chr5:137792001-137792200,0,0,58,6,7,0,7,7
chr5:138463692-138464465,21,0,21,6,0,0,0,28
chr5:138549278-138549800,18,0,0,66,0,15,37,32
chr5:138552401-138553000,18,52,0,46,18,22,63,26
chr5:138938400-138939400,163,88,107,443,166,75,232,111
chr5:138942260-138942555,154,250,190,302,346,323,432,254
chr5:138943601-138945200,1035,692,563,1237,1229,877,1035,669
chr5:139336401-139336999,0,49,23,91,0,0,0,5
chr5:139636151-139636533,0,0,29,47,36,69,28,3
chr5:139637238-139637956,0,24,0,25,0,0,22,65
chr5:139638117-139639080,46,116,146,47,39,0,13,22
chr5:140130602-140133800,23,135,219,251,0,0,0,88
chr5:140140402-140142599,114,10,44,362,39,0,0,25
chr5:140154401-140154600,65,11,14,35,0,0,0,22
chr5:140310630-140311208,11,0,13,13,0,0,3,35
chr5:140622401-140626599,25,0,109,31,213,0,78,256
chr5:141692216-141692466,34,48,40,17,3,0,0,18
chr5:141695202-141697800,58,267,549,153,78,0,0,64
chr5:141705402-141706799,96,77,44,55,0,0,0,0
chr5:141713002-141717799,752,297,694,726,283,284,148,83
chr5:141777802-141781199,441,99,289,968,289,154,204,64
chr5:141783401-141786199,75,82,109,892,115,83,60,16
chr5:141787202-141788999,51,23,83,781,41,0,59,0
chr5:141793001-141793799,78,0,91,247,0,0,13,11
chr5:141795001-141795800,0,7,0,366,98,0,8,0
chr5:141800601-141800801,0,0,14,211,8,0,3,0
chr5:141803202-141807399,269,0,202,1953,201,249,112,67
chr5:141807540-141807753,15,0,0,31,0,15,59,44
chr5:141816584-141817066,45,0,0,148,5,3,34,4
chr5:141832001-141832200,175,0,33,250,91,31,102,31
chr5:141848661-141849037,96,12,59,552,164,118,197,21
chr5:141849080-141850136,216,22,196,682,182,66,214,107
chr5:141852401-141852600,776,790,805,683,745,711,689,244
chr5:142015049-142015419,0,0,42,18,36,20,31,0
chr5:142015660-142016376,0,49,0,49,0,75,12,0
chr5:142056602-142059599,40,9,0,43,41,0,0,43
chr5:142069602-142070200,29,48,0,12,0,36,45,0
chr5:142072601-142072800,0,32,0,2,10,0,36,22
chr5:142092402-142099599,86,0,0,6,0,0,29,20
chr5:142155802-142158000,466,351,244,833,335,426,293,236
chr5:142160601-142161600,327,140,63,349,385,294,192,161
chr5:142164401-142165000,235,29,27,233,285,169,405,129
chr5:142169201-142171199,0,49,0,57,0,7,159,61
chr5:142245002-142247399,46,219,284,42,0,0,0,34
chr5:142286402-142289199,0,9,0,28,38,0,0,20
chr5:142290001-142291800,5,32,26,4,0,14,13,0
chr5:142293002-142299999,115,457,571,153,0,152,275,111
chr5:142303602-142305599,0,75,55,96,21,0,35,0
chr5:142306001-142307399,0,0,25,47,0,0,31,52
chr5:142701601-142701800,0,0,42,15,15,0,16,8
chr5:142701874-142702400,61,32,12,82,31,0,19,22
chr5:142762001-142763400,23,50,137,27,63,0,39,28
chr5:143241602-143246800,15,50,48,52,21,61,48,22
chr5:143258401-143259121,34,0,49,12,20,0,21,0
chr5:143261402-143263399,0,49,29,10,0,0,16,0
chr5:148446801-148447200,45,37,46,172,135,9,111,40
chr5:148836801-148837000,118,119,86,125,99,72,148,108
chr5:148837202-148858199,5303,14713,8453,7355,11240,7191,8541,15310
chr5:148858402-148861799,76,399,277,152,321,322,94,202
chr5:148864001-148864832,57,270,58,214,416,171,235,584
chr5:148868201-148869000,190,279,68,116,316,90,87,174
chr5:148873202-148875599,1053,1899,929,521,2570,735,1228,3235
chr5:148877001-148878600,81,522,308,140,362,161,351,371
chr5:148880401-148881000,9,96,22,59,31,29,90,128
chr5:148882201-148883000,47,188,0,79,146,74,171,171
chr5:148898401-148898801,0,18,28,0,39,0,7,33
chr5:148900001-148900200,10,12,21,0,0,0,15,11
chr5:148904202-148905200,0,24,0,0,20,0,14,14
chr5:149462801-149467200,19,0,24,37,0,0,31,44
chr5:149491601-149491800,0,24,0,122,22,15,27,0
chr5:149646602-149647599,22,0,0,41,20,0,81,52
chr5:150415402-150420400,0,0,27,4,0,0,10,14
chr5:150559002-150561799,83,489,368,52,80,0,150,162
chr5:150566601-150568600,0,49,74,43,74,43,49,11
chr5:150575001-150576800,0,0,110,6,0,0,7,10
chr5:150687601-150689000,14,0,0,18,24,0,8,65
chr5:150703401-150704600,166,1599,1171,321,176,182,344,463
chr5:150707217-150707572,130,372,489,159,12,35,77,28
chr5:150763148-150763815,0,74,161,19,63,3,0,0
chr5:150770801-150771800,40,398,322,72,104,225,69,0
chr5:150773402-150774800,35,354,371,149,188,385,62,56
chr5:150776001-150776200,1,164,85,27,28,75,13,14
chr5:151003201-151008999,52,47,0,68,7,91,84,0
chr5:151095377-151095825,116,220,232,196,112,107,79,141
chr5:151097945-151098401,245,543,540,413,282,110,126,202
chr5:151164002-151165400,92,38,80,87,63,94,104,71
chr5:151169001-151169800,209,1083,366,341,136,405,423,300
chr5:151170001-151173000,260,1582,500,357,391,225,869,736
chr5:151580802-151582577,0,0,0,51,73,112,31,23
chr5:151612201-151616399,43,48,0,49,23,58,0,42
chr5:151618802-151621399,0,25,0,0,64,5,10,0
chr5:151624201-151625399,28,80,13,0,31,0,16,41
chr5:151627402-151629399,41,19,22,8,54,0,16,43
chr5:151632002-151634199,32,25,146,53,162,0,47,111
chr5:151637601-151638200,0,12,23,26,20,0,0,81
chr5:151640401-151644400,11,26,185,20,120,0,33,151
chr5:151645801-151649599,22,117,91,32,156,0,66,137
chr5:151728504-151728895,34,112,13,72,59,14,86,64
chr5:151732601-151732800,191,245,211,145,77,49,173,175
chr5:151735601-151736000,184,288,123,263,248,73,149,212
chr5:151740355-151740682,96,244,67,145,29,39,0,90
chr5:151818401-151818800,22,0,0,49,0,30,57,0
chr5:151947601-151948303,0,0,0,10,27,2,64,39
chr5:153958602-153961399,66,45,57,54,0,0,26,20
chr5:153964202-153965474,34,74,136,45,0,0,46,0
chr5:153968601-153969600,20,0,109,14,0,0,58,53
chr5:153969801-153971600,91,0,50,68,0,21,0,88
chr5:154696202-154697999,18,0,26,144,0,0,29,0
chr5:154882001-154882800,254,163,121,296,125,266,228,184
chr5:154885001-154886000,0,91,27,296,207,193,108,91
chr5:157024202-157027199,62,293,183,25,205,0,167,361
chr5:157072201-157072401,0,19,13,0,0,9,0,9
chr5:157073201-157073400,22,0,0,25,3,0,0,15
chr5:157074601-157078000,0,33,12,86,60,60,45,0
chr5:157717201-157719199,0,13,70,87,16,0,16,98
chr5:157761802-157762799,0,0,0,19,19,75,15,17
chr5:157767602-157768769,15,24,147,0,27,0,26,13
chr5:158027801-158029400,131,0,0,36,0,0,11,23
chr5:158271802-158273799,23,0,0,13,21,0,14,0
chr5:158287550-158288799,22,24,0,0,125,0,37,0
chr5:158312401-158315000,948,33,318,19,2512,128,425,687
chr5:158315601-158315800,36,0,1,0,27,0,7,24
chr5:158410602-158415599,0,0,27,38,20,0,0,21
chr5:158470801-158472000,184,49,184,38,602,235,249,428
chr5:159132201-159132400,13,0,0,0,19,0,7,11
chr5:159132601-159133600,38,13,48,6,53,29,49,21
chr5:159981202-159982600,0,0,28,43,24,47,0,22
chr5:159992227-159992391,22,0,14,32,10,2,0,0
chr5:170218802-170226599,0,25,115,19,42,92,0,113
chr5:170745638-170745735,0,2,14,10,0,11,0,0
chr5:171483201-171484816,21,0,26,0,0,0,31,39
chr5:171573601-171574400,15,0,0,16,28,0,26,0
chr5:171577001-171581399,85,0,24,29,66,26,446,153
chr5:171835001-171835200,75,25,2,62,26,83,63,13
chr5:171845201-171846599,31,29,80,53,80,36,83,83
chr5:171847002-171849199,85,25,138,91,57,39,38,79
chr5:171850002-171858621,154,56,64,218,141,34,62,137
chr5:172206001-172208400,179,215,173,219,431,451,588,289
chr5:172291801-172293934,47,0,19,30,67,29,8,12
chr5:172302872-172304628,23,71,0,0,57,0,54,127
chr5:172569202-172576399,107,0,13,219,59,0,208,41
chr5:172607171-172607735,0,0,12,40,20,44,0,0
chr5:172611801-172612800,0,62,0,18,10,209,26,0
chr5:172620401-172621200,0,13,0,12,0,30,14,0
chr5:172636801-172639800,201,112,0,246,242,142,124,0
chr5:172715558-172715873,0,57,0,32,0,18,14,0
chr5:172739402-172745000,0,27,20,9,61,33,28,0
chr5:172794137-172794533,0,21,13,35,18,0,13,44
chr5:172795245-172795803,0,0,19,50,10,0,6,48
chr5:172807133-172807641,0,8,56,0,0,4,7,16
chr5:172953660-172954064,60,12,59,155,120,30,88,154
chr5:172973401-172974000,12,24,0,0,12,16,10,0
chr5:173036157-173036422,53,31,0,38,130,15,107,51
chr5:173045201-173045801,0,12,63,25,13,0,15,0
chr5:173201587-173203400,18,23,26,16,0,0,31,44
chr5:173296401-173299648,0,74,0,24,62,32,30,0
chr5:173333002-173335399,21,23,0,60,16,0,124,66
chr5:173590201-173591400,75,25,166,24,0,0,37,80
chr5:173601401-173603399,0,71,77,57,21,0,41,84
chr5:173659601-173661200,344,0,0,0,41,0,16,41
chr5:173671190-173671635,114,0,27,0,74,103,0,11
chr5:173679801-173682599,276,22,254,23,19,55,46,16
chr5:175216202-175218199,20,0,29,35,0,59,57,0
chr5:176903385-176903674,22,0,0,44,1,31,20,33
chr5:177317801-177318800,1310,1636,1181,711,691,261,689,694
chr5:177319202-177322199,1626,3231,2975,1752,1312,712,1737,1380
chr5:177323402-177324400,292,584,472,431,231,35,239,161
chr5:177481522-177482200,417,143,0,1306,199,135,212,236
chr5:177482721-177482864,54,15,0,173,12,0,10,34
chr5:179349001-179349600,0,15,45,0,20,32,11,3
chr5:179355601-179357600,23,49,252,13,27,35,47,90
chr5:179543402-179547399,23,58,0,50,43,23,4,23
chr5:179612622-179613400,39,108,134,280,142,138,273,104
chr5:179669802-179672199,161,144,80,393,187,61,305,121
chr5:179674801-179675801,390,173,284,261,375,217,413,253
chr5:179779189-179779407,24,76,48,40,20,0,31,21
chr5:179785601-179787200,98,355,385,510,265,196,216,162
chr5:180844601-180845400,735,547,461,643,924,825,1458,1146
chr5:180865601-180866250,0,0,0,26,10,24,0,6
chr5:180872601-180875200,19,0,0,37,24,0,56,45
chr5:181008001-181008400,0,0,0,17,13,54,11,11
chr5:181036201-181038000,21,117,6,143,17,260,46,99
chr5:181286001-181287200,182,49,122,154,174,80,86,55
chr5:181287801-181288800,104,73,0,70,35,170,184,79
chr4:207802-209400,367,579,361,188,195,180,542,582
chr4:263454-263784,164,156,184,140,48,120,82,162
chr4:689893-690233,81,74,189,29,39,36,12,32
chr4:692601-692801,32,24,31,0,22,0,6,22
chr4:694001-695400,23,36,36,17,21,83,33,24
chr4:698402-701399,76,141,133,30,0,0,55,43
chr4:1033401-1038199,100,0,106,24,19,28,74,27
chr4:1345297-1345683,120,0,91,66,53,3,29,105
chr4:1345804-1346471,244,92,61,75,143,76,114,176
chr4:1559201-1559600,0,101,37,9,0,15,131,132
chr4:1560156-1560724,114,72,169,45,25,30,167,228
chr4:1569201-1569400,0,4,0,0,25,13,0,17
chr4:1571801-1573200,92,0,15,5,0,30,0,32
chr4:1603602-1606999,40,0,0,31,18,26,0,0
chr4:1614802-1617000,105,158,167,212,371,0,143,143
chr4:1856678-1857265,0,74,14,20,10,45,71,110
chr4:1865401-1867000,0,0,50,25,63,31,24,20
chr4:2044819-2045058,0,0,75,27,25,45,44,0
chr4:2045592-2046200,16,0,286,21,65,30,100,125
chr4:2047001-2047400,37,0,39,24,0,30,35,34
chr4:2051001-2052000,83,70,265,338,141,413,578,490
chr4:2734201-2735400,68,123,109,138,0,30,29,33
chr4:3276978-3277420,5,0,0,0,26,0,70,21
chr4:3291866-3292447,31,157,20,0,76,4,13,36
chr4:3707201-3711600,0,71,24,1556,36,8,209,44
chr4:3753201-3755399,42,50,0,439,84,47,113,156
chr4:3765207-3765606,0,44,15,293,30,129,169,151
chr4:3769801-3770000,0,40,8,19,1,0,14,0
chr4:4969000-4970001,0,0,16,25,0,21,76,11
chr4:5001801-5004800,0,49,0,60,8,0,6,0
chr4:5033208-5033511,15,0,0,29,0,6,49,0
chr4:5503400-5503801,41,0,14,56,31,28,12,16
chr4:6310601-6311000,0,23,0,10,18,0,6,0
chr4:6565601-6567000,23,0,62,0,0,49,47,69
chr4:6625801-6626000,15,93,64,0,26,5,36,14
chr4:6630801-6631200,0,0,0,22,36,0,12,47
chr4:6632602-6634600,95,49,55,55,118,91,169,127
chr4:7154802-7157599,46,0,0,7,61,49,0,0
chr4:7160801-7162000,105,0,0,25,9,90,0,0
chr4:7945801-7946600,0,49,16,12,0,0,15,61
chr4:7948801-7949400,0,12,18,45,0,0,0,39
chr4:7955402-7957799,107,575,845,152,108,57,258,69
chr4:7958201-7958400,33,73,160,0,0,39,116,11
chr4:7958602-7961999,91,943,983,359,74,369,608,93
chr4:7963200-7964000,0,132,207,75,4,0,97,15
chr4:8245401-8248461,45,15,85,12,0,175,31,22
chr4:8359601-8360221,745,726,241,635,797,582,677,877
chr4:8525002-8526400,23,0,0,11,13,0,13,10
chr4:8528601-8529237,22,0,24,12,0,30,0,22
chr4:10060202-10061600,46,175,98,134,9,99,98,217
chr4:10062802-10064599,99,311,113,208,19,0,126,193
chr4:10413802-10417199,0,22,0,37,0,26,14,39
chr4:11337030-11337600,33,51,0,6,53,75,0,0
chr4:11348401-11349200,2,18,0,29,39,0,0,0
chr4:11355400-11355800,30,11,14,12,77,7,0,22
chr4:12852256-12853199,45,0,0,35,20,0,34,0
chr4:12954182-12955800,21,0,0,64,0,0,112,21
chr4:13294801-13295412,18,16,0,12,26,0,36,0
chr4:14095802-14097999,9,0,0,0,9,30,43,0
chr4:15450001-15453199,19,135,83,70,0,31,0,65
chr4:15466001-15467000,19,0,0,12,20,0,43,0
chr4:15770801-15772000,0,0,0,6,18,23,12,66
chr4:15772201-15773800,21,0,0,12,118,19,69,34
chr4:15773966-15774706,55,38,76,44,71,54,59,246
chr4:15944801-15946400,0,13,0,0,17,0,6,27
chr4:16157202-16158914,46,50,146,5,0,0,15,0
chr4:17447025-17449098,65,98,84,98,142,201,32,15
chr4:19944402-19947799,20,0,0,25,60,0,10,0
chr4:22522002-22523799,43,93,0,54,51,60,102,60
chr4:24469979-24470398,0,49,10,7,10,0,0,21
chr4:24470851-24471675,11,12,12,11,0,0,13,25
chr4:24510002-24512400,21,23,26,64,59,0,77,45
chr4:24802801-24803001,15,0,0,12,28,0,7,0
chr4:24985001-24985200,9,37,0,0,10,30,44,11
chr4:24990001-24992400,175,86,66,227,79,28,69,118
chr4:25104402-25105399,0,0,175,25,20,0,15,0
chr4:25105801-25106200,11,0,14,12,0,0,0,24
chr4:25107800-25108201,11,0,22,6,61,23,28,0
chr4:25112800-25113800,14,124,102,18,20,45,6,0
chr4:25290401-25291200,0,163,175,41,18,0,15,0
chr4:25441401-25442000,0,8,0,26,16,0,13,21
chr4:25467001-25468400,0,0,0,30,21,24,33,0
chr4:25481201-25482400,21,0,0,19,0,0,43,36
chr4:25485602-25487199,0,10,0,27,21,0,23,32
chr4:26013438-26016107,143,0,0,49,3,121,13,97
chr4:26105402-26107199,29,14,13,6,0,106,0,60
chr4:26440801-26441401,82,0,0,12,0,0,38,17
chr4:26762601-26767800,489,433,376,1852,599,452,382,581
chr4:26779202-26783199,1517,920,726,2185,1316,775,1166,1266
chr4:26784201-26785200,118,163,27,489,193,27,264,101
chr4:26802839-26804000,100,5,0,188,82,29,44,42
chr4:26805401-26806800,64,0,0,342,21,0,27,10
chr4:26807001-26808000,16,49,0,235,0,0,39,23
chr4:26819001-26819600,13,12,0,105,30,0,8,0
chr4:26829401-26830800,29,0,0,144,0,22,44,32
chr4:26832201-26832600,0,29,0,39,31,0,14,0
chr4:26836401-26836800,0,15,0,18,55,0,16,63
chr4:26837871-26840399,279,24,84,213,114,185,86,187
chr4:26842401-26843600,252,74,0,57,153,30,158,259
chr4:26849001-26851400,60,0,0,56,55,38,27,20
chr4:37242923-37243594,0,0,0,7,0,75,33,97
chr4:37689201-37690400,23,0,55,0,0,30,50,40
chr4:37877401-37883270,87,28,0,407,80,209,60,102
chr4:37884602-37887000,68,0,0,251,9,0,42,20
chr4:37889894-37890300,16,0,0,12,20,0,7,0
chr4:38141802-38144799,62,0,0,25,20,59,15,8
chr4:38160899-38161213,6,0,0,19,0,0,11,44
chr4:38581001-38583799,20,0,0,33,15,0,69,20
chr4:38703202-38705000,21,99,26,65,0,0,128,33
chr4:38717402-38718599,26,39,0,0,0,30,31,22
chr4:38723202-38724999,131,23,26,0,0,60,63,0
chr4:38728152-38729599,43,189,7,26,9,0,55,37
chr4:38785424-38785743,27,20,0,0,21,45,12,16
chr4:38948202-38950599,82,117,0,38,0,0,42,6
chr4:39035185-39039000,22,37,0,6,0,30,0,0
chr4:39495330-39496209,0,0,73,58,25,0,12,44
chr4:39497001-39497200,0,0,0,9,7,0,10,11
chr4:39819001-39821399,21,219,80,69,39,28,121,45
chr4:40170401-40171000,15,0,6,28,11,0,9,0
chr4:40171602-40174399,62,118,0,82,111,0,150,56
chr4:40178601-40179400,22,0,23,37,53,30,37,22
chr4:40180328-40180672,0,42,0,12,11,0,15,0
chr4:40183952-40184243,0,12,26,0,12,15,0,0
chr4:40185144-40185281,39,14,0,2,13,12,38,46
chr4:40186254-40186364,16,37,7,6,23,0,11,0
chr4:40728202-40735799,22,12,0,90,20,0,15,33
chr4:41969601-41970200,52,246,495,97,20,40,31,73
chr4:41976601-41978400,21,0,106,138,41,60,57,65
chr4:48296400-48296601,28,0,7,57,65,114,39,113
chr4:48329002-48335401,545,146,332,541,202,367,510,632
chr4:48340778-48340960,47,6,0,30,24,0,81,47
chr4:52572800-52574600,45,8,0,0,9,0,13,0
chr4:52585401-52586400,38,101,22,55,0,0,56,72
chr4:52666585-52666667,73,128,48,80,123,74,124,54
chr4:52709001-52709600,124,0,3,134,137,23,57,108
chr4:52871201-52871600,19,0,0,34,1,0,1,21
chr4:55906601-55908200,88,0,32,391,46,0,149,4
chr4:55920201-55921613,8,0,0,270,36,19,29,0
chr4:55925201-55926000,0,0,56,343,66,0,139,53
chr4:55926201-55928001,129,0,0,1048,93,57,426,141
chr4:55928337-55928427,5,0,0,32,11,25,19,0
chr4:55929108-55929600,103,0,13,553,140,185,552,289
chr4:55930602-55931200,7,0,0,628,124,284,431,170
chr4:55931601-55931800,26,0,33,255,48,45,233,11
chr4:56700402-56702091,0,0,0,50,16,30,61,176
chr4:56703402-56705000,33,0,0,35,15,31,46,211
chr4:70811567-70811857,17,51,0,165,0,0,51,56
chr4:70843152-70843405,17,12,0,27,39,0,12,65
chr4:70844201-70844600,0,0,33,5,7,15,7,0
chr4:70849001-70850000,91,24,44,48,19,75,83,58
chr4:70853202-70854200,0,0,0,25,32,0,59,21
chr4:70891401-70893399,0,0,40,13,30,0,37,23
chr4:71031801-71033400,21,15,0,23,21,0,99,27
chr4:74042002-74045200,23,0,11,18,39,0,82,83
chr4:74925801-74926200,0,0,70,0,41,30,15,0
chr4:74930400-74931000,37,12,15,0,6,0,8,11
chr4:75474601-75475000,0,37,16,25,17,0,7,2
chr4:76943088-76944233,698,557,748,1313,866,1127,1071,805
chr4:76944401-76944600,28,199,72,261,87,131,139,167
chr4:77042802-77045400,267,365,236,844,563,308,341,279
chr4:77092202-77094200,98,49,70,321,41,0,173,246
chr4:77095001-77096000,59,99,9,101,56,0,55,43
chr4:77097201-77101400,0,27,85,305,63,83,73,36
chr4:77103601-77105800,85,0,40,81,57,0,0,0
chr4:77122001-77129399,0,96,27,37,20,0,30,21
chr4:77144801-77149000,138,27,31,10,80,0,34,67
chr4:77155149-77155339,0,6,14,1,2,0,11,0
chr4:78621402-78623199,0,73,0,12,0,0,14,20
chr4:78733640-78740600,41,22,0,0,38,55,50,0
chr4:79632200-79632401,125,0,0,30,27,60,110,11
chr4:79634201-79634600,18,0,21,60,20,0,144,0
chr4:79638601-79638801,23,12,0,34,18,49,96,15
chr4:79645402-79647399,17,0,0,64,41,59,47,0
chr4:79650002-79654399,52,143,81,171,12,217,195,19
chr4:79702359-79702641,95,33,41,59,67,60,28,95
chr4:79893401-79894200,138,411,124,41,237,180,252,391
chr4:82228801-82231800,40,0,66,60,61,0,31,39
chr4:82418327-82418664,0,24,0,35,28,15,42,24
chr4:82469800-82470266,9,0,0,43,5,0,15,26
chr4:82475801-82476200,0,20,14,0,0,0,35,22
chr4:82801982-82804400,144,209,85,200,222,91,257,165
chr4:82811401-82812799,35,25,28,97,51,58,76,0
chr4:83137601-83142800,132,59,163,136,149,92,419,60
chr4:83170601-83175600,0,16,0,88,20,59,15,0
chr4:83190437-83190825,32,0,0,12,37,0,3,45
chr4:83191001-83191400,0,24,28,4,33,0,39,22
chr4:84527201-84528000,99,0,0,12,138,60,72,84
chr4:84530401-84532001,86,0,0,44,314,34,8,248
chr4:84578401-84580199,161,0,0,38,41,0,14,5
chr4:84666202-84667600,60,68,57,137,55,0,125,56
chr4:85472601-85473000,0,0,0,16,0,20,7,3
chr4:86816401-86817128,62,26,79,29,72,30,17,0
chr4:86817801-86818401,0,255,196,93,245,365,138,17
chr4:86855002-86858042,45,44,191,74,150,162,100,35
chr4:87152401-87153000,42,320,203,112,94,57,62,225
chr4:87153698-87153938,0,0,36,36,36,0,42,21
chr4:87156647-87157018,0,0,26,48,0,0,40,47
chr4:87540201-87542261,12,0,0,26,42,53,0,0
chr4:87559143-87561000,83,0,0,25,0,0,3,18
chr4:88446001-88446800,21,49,0,30,0,28,42,51
chr4:88447201-88448000,45,0,0,71,95,30,62,139
chr4:88456083-88456412,93,111,7,69,94,158,207,132
chr4:89121970-89124799,21,120,57,0,62,0,0,20
chr4:89134686-89135418,0,0,20,6,19,0,39,22
chr4:94669801-94671068,0,95,54,203,27,30,51,0
chr4:98672602-98673600,0,0,3,27,10,23,0,17
chr4:99381054-99381238,2,107,119,32,20,15,46,68
chr4:99382601-99384600,349,476,204,103,244,253,316,293
chr4:99389595-99391199,0,0,26,25,17,15,13,74
chr4:99394402-99396199,0,0,26,45,9,81,26,20
chr4:99402602-99406000,167,161,100,60,135,148,45,138
chr4:100286602-100291399,0,62,97,170,0,57,14,0
chr4:100298202-100299999,10,49,10,65,0,0,0,0
chr4:100308401-100310200,53,17,90,89,0,0,0,0
chr4:100317024-100318400,61,78,17,46,0,0,0,0
chr4:100339601-100342199,120,161,57,257,0,0,102,33
chr4:100348202-100349200,0,0,0,105,0,27,59,66
chr4:100361801-100363200,23,36,85,397,63,60,14,97
chr4:100367201-100368000,3,41,0,78,15,0,30,0
chr4:100379401-100380600,30,90,55,259,0,66,70,43
chr4:102787201-102788400,211,609,716,335,171,201,357,266
chr4:102788601-102788800,31,116,163,28,85,18,28,111
chr4:102789002-102791000,445,1018,1019,744,526,411,608,624
chr4:105143282-105143647,48,0,0,29,31,0,23,43
chr4:105350401-105351599,0,0,28,38,13,14,0,0
chr4:105352601-105353600,0,0,0,52,61,91,114,20
chr4:105357401-105357800,2,0,0,18,20,0,21,0
chr4:106034400-106035200,40,0,0,29,20,0,68,11
chr4:106036201-106037001,1,20,0,27,10,0,22,15
chr4:107817401-107819600,55,25,40,316,15,30,97,162
chr4:108043002-108046200,23,0,29,0,0,0,33,9
chr4:108526802-108537200,93,16,0,8,42,20,53,45
chr4:108643402-108645016,0,5,0,12,0,28,60,0
chr4:108682002-108683400,89,146,160,94,120,24,62,22
chr4:108702202-108703600,0,114,111,21,42,30,7,22
chr4:109547001-109550200,81,47,0,200,74,0,23,46
chr4:112451401-112452200,34,0,0,12,19,15,24,54
chr4:112453002-112453600,0,0,0,19,31,19,26,18
chr4:113394576-113395399,22,0,27,13,20,0,23,0
chr4:113396801-113398399,35,49,41,17,74,15,46,171
chr4:113398460-113399000,17,0,84,12,21,15,29,44
chr4:113404201-113405600,66,0,0,0,23,0,89,83
chr4:113406202-113407200,44,24,0,25,0,0,0,21
chr4:113432602-113437800,38,110,28,65,42,30,134,90
chr4:113442001-113442200,0,3,71,6,0,0,38,33
chr4:113446050-113446232,0,0,6,0,0,9,21,6
chr4:113447868-113447999,0,12,32,0,0,30,23,75
chr4:118720109-118720471,0,16,0,19,15,90,19,11
chr4:118841401-118843000,57,0,50,143,21,0,33,18
chr4:119080201-119081600,79,22,0,151,0,0,37,22
chr4:119081801-119082399,22,74,0,114,19,0,31,21
chr4:119098802-119107399,89,182,127,1214,188,221,133,137
chr4:119112002-119114799,20,22,15,336,46,0,8,0
chr4:119116601-119119399,117,13,88,324,272,182,98,109
chr4:119123401-119126800,111,49,69,330,107,0,207,88
chr4:119128243-119128600,10,3,0,39,19,0,9,22
chr4:119130400-119130800,22,26,0,49,10,0,16,0
chr4:119131401-119132000,0,16,125,70,20,0,16,21
chr4:119401801-119403399,35,0,53,51,83,183,76,104
chr4:119632400-119633000,22,0,1,4,0,0,15,12
chr4:120007001-120008600,0,0,0,5,0,44,8,2
chr4:120658401-120659600,48,0,28,43,16,0,63,43
chr4:120671601-120672200,66,0,0,12,26,0,13,0
chr4:120924401-120924600,2,8,0,6,0,73,41,5
chr4:121030001-121030801,388,206,172,112,212,90,710,125
chr4:121031201-121031800,806,506,701,193,476,359,1189,209
chr4:121129601-121130600,22,0,0,0,20,53,15,0
chr4:122820001-122820600,0,24,0,25,0,14,14,0
chr4:122820801-122821400,0,24,0,0,0,13,15,18
chr4:123327201-123328400,0,0,13,27,14,23,6,17
chr4:123338402-123347399,174,88,33,76,37,0,74,104
chr4:123385001-123387399,0,23,0,6,9,0,0,20
chr4:123406801-123407347,1920,1902,611,769,3246,1633,3317,1291
chr4:123408001-123410400,437,333,164,300,592,541,832,247
chr4:123477002-123481599,20,0,0,3,0,0,9,13
chr4:123974355-123978399,0,19,0,20,22,88,25,0
chr4:123980001-123983200,23,0,0,29,0,88,0,13
chr4:123984402-123988799,19,21,0,26,0,104,31,0
chr4:124458402-124461000,42,0,0,32,42,30,45,0
chr4:124477401-124480000,0,0,0,59,0,30,56,22
chr4:124565380-124566400,18,0,0,177,20,0,52,0
chr4:124603484-124603766,0,0,0,12,10,0,6,3
chr4:124609601-124610800,28,17,0,191,41,0,27,10
chr4:124634802-124637599,46,22,0,28,0,0,31,0
chr4:124639602-124643599,17,19,0,209,21,79,206,46
chr4:124644601-124645600,0,0,0,71,20,0,34,11
chr4:124651230-124651303,0,0,0,14,10,12,6,1
chr4:125496801-125497000,21,0,0,6,13,0,25,0
chr4:126238001-126238400,6,0,0,16,10,0,12,8
chr4:126242516-126243614,62,0,0,8,3,0,11,14
chr4:127870401-127871799,0,25,0,58,0,60,57,52
chr4:128240401-128242800,21,54,0,12,0,0,0,17
chr4:128291001-128291800,264,121,56,298,303,133,486,255
chr4:128558601-128560400,45,0,0,105,19,92,139,0
chr4:128560601-128561800,89,0,0,42,14,0,75,0
chr4:128578401-128579000,17,0,0,12,63,0,23,0
chr4:128648402-128650209,35,14,0,21,0,60,15,21
chr4:128657402-128661999,0,45,0,27,82,72,0,20
chr4:132528201-132528400,3,10,0,13,52,7,50,3
chr4:133865525-133866728,0,0,0,43,52,150,47,22
chr4:136644401-136645200,54,0,56,4,93,0,38,38
chr4:136651000-136652000,125,0,0,0,13,0,14,17
chr4:136690401-136691000,72,0,0,0,74,0,21,20
chr4:136788801-136789200,1,0,0,6,15,0,5,11
chr4:137266402-137267800,10,0,83,24,124,154,36,22
chr4:137306402-137308999,131,0,0,15,10,0,21,11
chr4:137309802-137311600,163,5,20,19,34,0,143,18
chr4:137622002-137623999,143,0,0,25,104,0,68,20
chr4:137635004-137636173,0,13,0,12,0,6,21,0
chr4:137662001-137665200,23,15,0,13,21,31,6,0
chr4:137668001-137668200,12,0,0,6,6,41,19,6
chr4:137677001-137677200,17,0,0,3,0,5,50,52
chr4:137677401-137678400,47,0,0,0,16,45,60,127
chr4:137680801-137681600,22,0,0,7,19,0,86,17
chr4:138671002-138674800,0,0,0,35,0,90,7,22
chr4:138723801-138727000,38,0,59,27,30,88,13,32
chr4:139237801-139240399,23,25,14,52,0,0,8,0
chr4:139241001-139246599,25,64,10,42,15,0,0,8
chr4:139481402-139481999,44,12,28,47,10,0,49,25
chr4:139483601-139485404,99,97,133,120,136,0,156,159
chr4:140246268-140246589,22,0,14,3,8,0,12,0
chr4:140247001-140247600,11,0,0,6,0,15,0,20
chr4:140248602-140249800,41,11,69,11,0,0,0,22
chr4:141293802-141296000,62,50,102,13,18,204,0,0
chr4:141633201-141633400,11,0,0,9,6,6,16,27
chr4:143501954-143502600,0,0,33,22,0,0,16,22
chr4:146210401-146211199,137,441,47,239,237,72,31,70
chr4:146525801-146526400,30,263,0,49,27,0,72,119
chr4:147720201-147720400,0,0,0,11,20,0,9,8
chr4:151403201-151405000,0,49,0,25,19,14,14,39
chr4:152763601-152764400,17,23,0,19,0,60,42,11
chr4:153790209-153790539,0,0,0,11,5,0,2,13
chr4:155007401-155009000,16,196,142,0,0,139,23,0
chr4:155047201-155048000,0,23,84,0,0,47,18,0
chr4:158114401-158114800,14,6,50,45,20,0,31,0
chr4:158115601-158116400,41,49,135,47,20,0,17,22
chr4:158117401-158118199,15,105,225,0,0,0,46,11
chr4:158260402-158261999,64,49,210,52,188,212,140,141
chr4:158262201-158262400,23,3,14,14,0,40,13,27
chr4:159040602-159044199,43,11,26,12,19,0,0,0
chr4:163169601-163169800,35,15,0,20,0,0,12,0
chr4:164904801-164906399,33,47,0,8,8,0,43,20
chr4:165001801-165002800,19,49,48,48,15,0,15,0
chr4:165499372-165499522,11,68,97,286,83,9,42,26
chr4:165501270-165501532,99,68,46,416,35,99,83,52
chr4:165502786-165504599,67,20,13,233,79,122,153,84
chr4:165505802-165508000,0,0,28,26,0,0,29,12
chr4:169049201-169052999,22,12,0,6,0,90,31,0
chr4:169058801-169061000,0,125,48,35,42,8,15,9
chr4:169724201-169724601,92,30,127,93,38,38,133,22
chr4:173056202-173058999,125,0,0,42,92,60,127,4
chr4:173072802-173075600,0,0,0,7,38,0,20,44
chr4:173087401-173089000,35,0,0,31,0,0,3,18
chr4:173337401-173338000,17,24,0,21,10,29,45,21
chr4:173343202-173344599,0,0,0,92,17,55,109,44
chr4:173381002-173382199,96,74,0,350,113,201,198,123
chr4:173424602-173427200,81,148,0,246,89,46,18,22
chr4:173433601-173437400,0,74,14,456,73,210,98,22
chr4:173458001-173458200,54,12,0,52,26,15,21,7
chr4:173461000-173461201,23,5,44,37,5,0,45,23
chr4:173476883-173477260,86,37,0,46,33,97,112,76
chr4:173477400-173477601,30,0,23,49,18,0,46,31
chr4:173478367-173478601,63,46,0,43,35,23,61,95
chr4:173486201-173487201,14,24,0,64,71,0,81,37
chr4:173514316-173514579,41,24,14,14,5,0,7,35
chr4:174334600-174335400,47,20,0,23,0,0,7,0
chr4:174460401-174462400,23,0,29,5,0,19,0,0
chr4:174559601-174564199,0,22,0,0,18,63,19,20
chr4:174613002-174618400,137,52,0,150,59,42,0,31
chr4:176301802-176303199,0,18,57,44,0,0,31,44
chr4:176303401-176304400,53,58,40,20,0,0,23,33
chr4:176332801-176333200,72,47,109,209,83,45,241,97
chr4:176341401-176341800,426,507,661,511,587,470,1055,374
chr4:176357202-176359599,0,23,0,129,16,0,22,0
chr4:176382802-176384799,20,0,55,140,0,0,55,0
chr4:176435801-176438399,3,29,57,76,57,211,220,79
chr4:176442402-176445127,69,0,0,34,63,0,177,27
chr4:176498402-176500064,0,24,27,12,0,0,5,0
chr4:177427201-177427618,22,12,27,39,20,0,31,0
chr4:177696600-177697000,0,24,0,35,10,0,39,0
chr4:182872200-182872287,6,28,0,25,32,7,46,0
chr4:182874001-182875799,411,126,146,153,367,149,1020,391
chr4:183080201-183081001,0,0,0,18,31,30,13,0
chr4:183326801-183327201,0,34,0,13,20,0,21,11
chr4:183333802-183338199,72,50,0,48,18,26,113,12
chr4:183434002-183435199,23,0,26,0,0,0,12,20
chr4:183454601-183457000,82,0,0,58,82,61,64,132
chr4:183463201-183463800,16,24,0,20,0,0,3,8
chr4:183469018-183469560,14,0,0,24,41,0,14,0
chr4:183490001-183490400,46,0,0,19,0,0,29,16
chr4:183492402-183493671,96,0,56,60,20,95,102,3
chr4:183737602-183738800,23,33,84,32,77,14,68,31
chr4:184064401-184065200,0,24,0,0,20,60,23,0
chr4:184259802-184262400,0,0,0,4,21,0,26,22
chr4:184265823-184266389,2,0,0,3,0,5,24,41
chr4:184273802-184275200,33,45,28,68,69,27,30,81
chr4:184283136-184283666,0,0,40,0,40,14,13,0
chr4:184309401-184320199,16,0,0,18,44,0,33,15
chr4:184385758-184386050,96,46,32,47,51,75,131,48
chr4:184386340-184386501,10,39,14,17,16,96,36,49
chr4:184496401-184496600,0,0,14,0,10,26,0,11
chr4:184499801-184501800,0,0,0,72,32,0,12,23
chr4:184544602-184545599,0,0,14,10,0,0,25,21
chr4:184872402-184876399,47,19,0,60,0,31,111,81
chr4:184957160-184961399,209,48,117,75,116,176,877,129
chr4:184968401-184969799,69,0,44,49,63,0,127,38
chr4:184977801-184978000,66,0,0,9,20,0,33,0
chr4:186727310-186727730,3,37,101,55,10,34,24,10
chr4:186727762-186728155,28,84,25,52,8,49,7,17
chr4:186730001-186731200,68,0,0,95,85,19,63,155
chr4:186734201-186734400,0,12,0,31,10,0,19,49
chr4:186734802-186736799,80,42,248,355,82,47,41,104
chr4:186832601-186833800,68,86,0,24,103,2,211,80
chr4:186841028-186841281,40,11,5,63,78,79,115,45
chr4:186845219-186845609,32,0,23,111,0,12,0,0
chr4:186851801-186852409,45,0,0,85,10,0,22,0
chr4:186881002-186882799,400,17,43,384,7,177,135,159
chr4:186888914-186889599,178,0,40,195,60,171,63,88
chr4:186903602-186905000,83,38,0,205,82,49,167,121
chr4:186919802-186921399,14,31,0,131,0,91,44,20
chr4:186931001-186934199,23,0,0,251,39,0,49,92
chr4:186946001-186947400,64,16,57,87,21,0,27,0
chr3:486401-487200,92,10,184,941,228,359,202,29
chr3:492401-493200,0,0,65,63,41,0,47,48
chr3:851200-851600,22,0,0,32,41,0,60,53
chr3:856258-856578,16,0,0,130,64,17,142,33
chr3:3629904-3634000,6,0,76,38,22,0,0,23
chr3:4888402-4890200,0,0,83,79,41,0,16,20
chr3:5222201-5223199,44,75,50,28,41,0,66,82
chr3:5754001-5757600,64,0,53,12,19,0,33,20
chr3:11784401-11786000,19,26,0,181,41,0,46,23
chr3:12264801-12269399,27,330,51,27,50,9,14,20
chr3:12269801-12272200,0,11,26,0,19,0,0,20
chr3:12436001-12437400,46,176,166,85,82,60,50,40
chr3:12437601-12437999,0,66,65,45,10,0,30,0
chr3:12450801-12452200,115,523,459,84,234,346,123,496
chr3:12453001-12453400,338,274,436,61,124,635,62,291
chr3:12453801-12455400,318,1277,2137,263,507,1349,347,941
chr3:12456601-12464999,1029,3100,3692,923,1221,2344,764,1427
chr3:12471341-12471626,34,178,10,40,67,60,17,70
chr3:12475802-12477199,679,954,596,444,685,832,347,891
chr3:12478401-12478600,52,49,7,19,27,103,49,72
chr3:12893001-12894000,17,0,0,25,0,0,11,4
chr3:13507202-13509199,83,150,0,192,60,63,39,63
chr3:13513533-13513910,43,5,42,125,45,0,20,46
chr3:13514127-13514424,27,118,14,30,38,71,52,33
chr3:13516001-13516600,68,49,22,42,0,0,0,61
chr3:13516801-13519799,232,627,250,220,135,178,77,387
chr3:13525002-13527199,9,0,0,26,39,0,15,0
chr3:13528201-13530800,571,276,144,134,221,2413,403,124
chr3:13532402-13534631,179,72,0,150,42,1540,145,19
chr3:13535002-13540799,26,9,0,107,0,562,108,0
chr3:14091201-14092200,37,0,0,29,116,59,0,65
chr3:14207802-14212199,0,35,24,81,0,87,50,19
chr3:14395802-14396600,0,0,19,12,20,15,8,0
chr3:14673608-14673689,43,48,89,39,85,63,57,42
chr3:15526801-15527600,0,0,0,23,20,0,26,22
chr3:15528202-15530999,46,22,0,63,19,0,14,12
chr3:15534802-15539629,86,134,0,269,19,28,94,0
chr3:15541001-15541767,0,55,49,25,0,0,34,0
chr3:15542601-15543600,37,47,27,38,41,0,66,0
chr3:15556563-15556888,22,3,27,67,23,0,54,38
chr3:15557542-15557986,0,24,45,56,0,25,31,18
chr3:15892787-15894800,15,49,0,25,38,0,39,43
chr3:15958602-15959776,8,21,0,18,3,23,15,0
chr3:16011401-16013200,0,205,26,25,19,28,0,0
chr3:16054516-16057199,60,48,0,13,95,0,16,0
chr3:16063575-16066199,0,179,0,8,0,31,16,110
chr3:16066719-16071199,0,21,16,68,49,26,13,78
chr3:16088202-16091599,0,0,0,8,18,0,14,9
chr3:16109602-16110799,23,0,0,0,9,30,11,26
chr3:16112801-16114262,0,23,0,34,42,14,27,0
chr3:16119801-16123001,23,0,0,13,43,139,16,0
chr3:16124001-16125800,0,47,26,35,163,89,54,91
chr3:16129402-16130999,23,93,29,37,100,411,13,171
chr3:16132147-16133600,67,178,83,98,297,762,109,42
chr3:16135602-16136800,60,152,46,106,97,211,69,59
chr3:16139802-16141599,0,23,20,0,27,24,14,54
chr3:16150601-16152200,0,0,0,5,30,0,8,16
chr3:16233201-16233800,177,1916,692,720,210,858,186,458
chr3:16237201-16238000,402,3890,1154,785,594,1178,407,1055
chr3:16239001-16241400,1276,16546,4065,2343,2081,3995,1244,4964
chr3:16243801-16244800,693,14308,5465,1134,1023,3470,733,2812
chr3:17091801-17092800,0,22,0,0,5,29,7,0
chr3:17094202-17095399,8,3,0,34,80,0,0,0
chr3:20013201-20015801,104,0,0,43,99,87,150,90
chr3:20021402-20025599,6,0,0,21,23,0,60,42
chr3:23193801-23194399,104,0,4,32,39,0,0,23
chr3:23599602-23601999,154,188,26,219,19,104,29,104
chr3:23602601-23603200,0,24,0,69,0,29,15,0
chr3:23605601-23606400,99,3,41,96,0,17,8,0
chr3:23607401-23609600,49,35,134,98,0,21,27,44
chr3:23615601-23616400,112,11,133,10,0,0,19,3
chr3:23616801-23617400,31,69,42,0,0,0,22,33
chr3:23644202-23651400,118,152,133,91,29,0,14,20
chr3:23661601-23662800,0,25,55,70,0,0,11,22
chr3:23663606-23665000,0,50,56,12,0,0,4,0
chr3:23985601-23988400,29,54,0,37,0,16,46,0
chr3:23990602-23994999,85,172,130,312,90,52,359,63
chr3:23995401-23995800,0,24,0,74,20,0,67,11
chr3:24683002-24684217,18,11,0,13,14,0,0,0
chr3:27105201-27109200,209,0,29,250,43,150,144,273
chr3:27641401-27643999,322,199,81,494,395,5,341,464
chr3:27652801-27655000,19,0,0,0,0,30,31,63
chr3:27655401-27656400,0,0,0,6,27,0,15,21
chr3:27657201-27658400,41,25,0,32,0,30,28,0
chr3:30231002-30234799,45,0,0,16,0,52,3,0
chr3:30307001-30309000,92,0,14,71,16,308,500,313
chr3:30340602-30358599,242,588,1268,258,148,748,968,496
chr3:30400402-30401399,22,0,0,0,0,15,26,21
chr3:30402000-30402800,0,70,0,12,0,30,0,19
chr3:30417801-30418799,34,32,135,19,0,43,0,63
chr3:30420801-30422485,0,35,112,21,16,90,155,73
chr3:30470401-30480799,0,16,0,8,99,741,172,302
chr3:30510201-30514199,23,6,0,13,0,0,0,34
chr3:30605476-30605617,15,12,0,17,0,0,6,0
chr3:30702601-30706199,473,2239,574,130,325,619,2648,773
chr3:30707602-30709599,131,926,92,47,49,122,1273,319
chr3:31209401-31216799,0,0,0,12,40,0,15,32
chr3:31647059-31647338,735,471,279,648,840,431,1085,692
chr3:31649400-31649802,244,208,38,448,278,221,513,83
chr3:31649977-31650140,57,111,67,154,90,92,174,78
chr3:32374801-32376999,0,10,24,81,0,21,75,73
chr3:32379601-32380600,0,24,40,51,0,0,15,11
chr3:32384601-32386200,83,15,8,13,39,0,49,0
chr3:32515801-32518199,17,297,57,144,88,261,213,87
chr3:32777002-32777600,0,22,71,23,10,0,0,21
chr3:32913389-32914800,23,0,0,26,0,22,0,20
chr3:32960801-32961600,211,24,28,46,104,45,75,82
chr3:32963705-32964799,6,0,28,12,40,0,0,22
chr3:32971202-32977200,53,0,0,65,65,11,49,61
chr3:32992201-32993999,21,0,50,12,61,28,67,83
chr3:32994200-32994800,49,63,50,9,16,0,9,67
chr3:33788601-33793000,131,71,0,85,0,0,59,242
chr3:36964002-36966199,98,25,57,85,75,147,243,118
chr3:36969964-36970336,0,12,0,5,0,14,42,44
chr3:37204201-37204600,49,0,0,8,20,0,30,31
chr3:37212801-37213799,0,0,0,12,8,0,31,21
chr3:37234002-37237200,4,62,0,10,21,0,0,23
chr3:37374601-37377599,1581,1954,623,1291,613,350,403,692
chr3:37380001-37380400,156,286,113,148,165,23,41,132
chr3:37443401-37443600,11,91,35,21,22,0,13,33
chr3:38256802-38259399,0,76,0,76,21,0,153,22
chr3:38259601-38260799,1,31,84,99,9,21,89,41
chr3:38263602-38265199,69,106,29,36,0,60,47,23
chr3:38423201-38423400,47,16,0,16,52,46,3,15
chr3:38425202-38428399,1127,365,729,1339,965,246,1539,961
chr3:38438001-38438865,68,0,28,66,2,0,0,47
chr3:39180608-39181338,76,96,96,93,291,52,135,161
chr3:39413401-39415670,67,100,54,96,80,0,46,49
chr3:40593255-40593848,38,49,120,19,27,0,0,19
chr3:40864401-40865000,2,0,0,198,0,0,107,21
chr3:40868401-40868600,0,0,0,44,22,58,0,102
chr3:40886401-40887600,0,0,0,67,192,0,149,167
chr3:40913001-40914200,0,0,0,59,21,30,0,22
chr3:41079801-41081000,0,0,15,18,0,59,11,22
chr3:41088201-41089201,0,0,0,90,28,67,50,21
chr3:41100802-41104399,0,0,0,280,44,0,44,83
chr3:41173859-41177399,0,11,6,74,19,0,25,25
chr3:42539402-42541399,137,81,140,54,82,193,47,20
chr3:42544002-42545962,85,124,181,19,121,27,0,0
chr3:43060801-43061399,305,143,14,327,157,134,139,207
chr3:43062401-43062601,124,70,17,130,26,2,63,65
chr3:43742202-43743599,0,41,0,24,0,0,44,132
chr3:43752602-43762200,129,705,35,16,632,95,218,1575
chr3:45040560-45046600,144,217,0,413,41,83,150,0
chr3:45049201-45050399,134,19,80,143,0,0,0,0
chr3:45153602-45155409,0,17,26,12,0,0,0,21
chr3:45204002-45205800,21,8,0,0,7,0,14,0
chr3:45207202-45208080,11,24,3,3,0,0,0,0
chr3:45209202-45213599,0,28,130,26,42,0,13,12
chr3:45215801-45216600,0,109,57,0,20,0,0,53
chr3:46057601-46072000,21,23,0,12,0,0,44,62
chr3:46432401-46434199,0,17,6,45,19,0,24,0
chr3:46490600-46492400,78,0,0,12,19,57,11,20
chr3:46505401-46506800,46,0,0,3,0,0,23,40
chr3:46824201-46825200,38,49,38,116,91,59,66,66
chr3:46913201-46914399,14,11,0,46,4,0,11,22
chr3:47361601-47373400,17,19,0,89,161,23,85,171
chr3:47478801-47480200,39,0,0,35,38,0,36,32
chr3:47490601-47491601,549,255,165,433,270,98,525,299
chr3:47492201-47492600,44,9,28,76,57,21,16,11
chr3:47493001-47494400,288,203,212,491,65,77,527,160
chr3:47583601-47584400,0,0,14,78,0,6,62,0
chr3:48154401-48156400,23,9,0,13,10,27,0,0
chr3:48365201-48371200,0,19,0,0,16,35,6,8
chr3:48618001-48620200,0,179,85,61,21,91,54,54
chr3:48903001-48905000,0,13,14,0,10,0,0,8
chr3:49265801-49267600,524,496,180,999,1173,263,713,428
chr3:49434401-49435600,71,0,11,80,9,0,12,29
chr3:49437201-49437600,10,13,6,37,0,0,15,15
chr3:49441001-49441800,22,73,0,30,81,30,11,17
chr3:49453601-49456890,127,75,54,100,67,0,27,42
chr3:50264679-50265100,64,54,44,117,59,46,86,6
chr3:50313001-50313600,153,397,178,339,336,133,296,66
chr3:50314401-50315000,181,435,289,634,465,198,432,252
chr3:50316962-50317167,0,191,101,94,83,28,70,19
chr3:50601665-50601721,1,0,0,0,3,18,3,5
chr3:50601915-50602351,0,0,0,9,0,44,22,22
chr3:50605119-50605438,0,0,16,0,10,0,20,21
chr3:50651202-50656400,1064,2352,1369,1838,1070,236,1872,1298
chr3:50658600-50658801,58,215,176,98,64,38,52,112
chr3:50659201-50659400,47,116,28,70,52,0,44,107
chr3:51539429-51539854,117,167,37,229,60,33,64,39
chr3:51705185-51705472,0,32,216,19,0,71,0,5
chr3:52028202-52033466,62,68,0,222,0,0,10,0
chr3:52037000-52038401,46,0,28,68,1,30,15,0
chr3:52038801-52041800,58,0,27,119,0,0,0,17
chr3:52064802-52066399,0,15,0,13,41,0,31,0
chr3:52067201-52074200,146,102,246,94,76,124,130,50
chr3:52243804-52244082,0,0,42,58,6,0,43,0
chr3:52244159-52244335,36,0,0,13,11,0,49,0
chr3:52253324-52253609,30,0,28,19,25,0,39,54
chr3:52302598-52304600,125,75,315,740,200,305,182,317
chr3:52306801-52308600,83,102,80,497,86,81,63,167
chr3:52311494-52311787,18,0,0,111,40,59,45,0
chr3:52313784-52314174,44,80,43,149,41,14,57,41
chr3:52447801-52448200,32,126,25,16,38,45,119,81
chr3:52809801-52810000,0,8,0,7,3,0,23,18
chr3:53211401-53213800,68,7,57,32,0,0,171,59
chr3:53216802-53221000,94,0,163,60,184,149,317,24
chr3:56724801-56726600,0,49,0,47,19,81,11,65
chr3:57615401-57617000,52,44,127,159,101,120,109,0
chr3:57751202-57753200,29,3,55,71,115,27,82,23
chr3:57753801-57754200,13,56,57,122,60,152,87,54
chr3:57987401-57988385,16,67,0,200,16,0,0,167
chr3:58296202-58297400,261,223,0,110,34,0,81,22
chr3:58298201-58298400,0,12,0,19,0,0,9,18
chr3:58437201-58437601,50,12,0,8,0,0,0,20
chr3:58440592-58441200,11,0,0,17,0,0,15,19
chr3:58539601-58540000,13,0,0,21,0,21,9,0
chr3:61268601-61269000,0,24,0,46,20,56,35,0
chr3:64028800-64029600,1,0,0,12,19,0,13,11
chr3:65094601-65095400,0,24,26,12,53,28,0,22
chr3:65105801-65108400,42,25,0,57,74,0,51,0
chr3:65126402-65127599,0,17,0,2,16,0,11,0
chr3:65133401-65134600,23,137,84,57,148,0,0,22
chr3:65351601-65352000,0,62,0,18,0,20,15,16
chr3:67240601-67241200,90,110,178,84,206,90,165,144
chr3:67288201-67293600,0,17,30,50,37,53,16,0
chr3:67357684-67358399,52,25,132,109,16,89,108,146
chr3:69970001-69971800,118,79,56,97,41,24,182,44
chr3:72586201-72586400,20,12,18,0,25,12,1,0
chr3:72589802-72592799,76,0,0,35,20,17,43,21
chr3:72593601-72599400,43,0,86,44,71,0,30,84
chr3:72657402-72659199,21,0,26,33,9,0,0,0
chr3:72659402-72662399,0,0,83,17,0,59,0,21
chr3:72692801-72693600,0,24,84,17,20,0,21,80
chr3:72695601-72696200,21,0,0,6,22,0,14,41
chr3:72697201-72698800,23,26,29,151,59,91,11,23
chr3:72720202-72722446,90,25,33,186,104,31,16,78
chr3:72744001-72747201,19,26,0,51,39,0,0,55
chr3:73379001-73380200,55,74,28,92,9,0,27,19
chr3:75379572-75380400,0,0,16,12,36,81,0,7
chr3:78582001-78582400,19,17,0,23,41,0,50,31
chr3:81484601-81486400,48,417,293,150,93,81,190,44
chr3:87835201-87836199,20,0,0,87,52,29,0,0
chr3:87858601-87860400,21,0,0,150,19,21,40,0
chr3:87997324-87997523,127,47,151,54,106,149,155,122
chr3:88043801-88045800,0,45,0,25,41,31,16,0
chr3:88180228-88180826,11,0,0,14,0,54,0,21
chr3:88203210-88204199,14,50,27,47,55,0,33,84
chr3:99542402-99547399,0,0,0,38,137,0,51,21
chr3:99577001-99579800,0,0,0,16,15,0,26,32
chr3:99808073-99808632,61,99,67,10,31,16,1,20
chr3:101635602-101636943,0,50,42,24,55,0,0,0
chr3:101637800-101639001,16,0,55,38,51,0,16,29
chr3:101701801-101702238,77,0,0,92,101,13,49,41
chr3:101702402-101704999,221,46,57,679,456,462,376,200
chr3:101705551-101705872,17,0,28,126,60,22,49,21
chr3:101707400-101708000,75,0,0,220,307,101,60,72
chr3:104628132-104630199,0,10,0,43,0,69,59,0
chr3:105899402-105900799,41,0,0,0,0,49,15,44
chr3:107429990-107430168,0,22,27,12,0,0,0,11
chr3:107930202-107932399,0,25,0,20,21,13,47,293
chr3:107997401-108000035,0,0,9,0,28,0,32,45
chr3:108024001-108025200,112,11,0,59,105,30,23,81
chr3:108028801-108029599,382,0,66,167,218,86,401,324
chr3:108537601-108539000,0,0,28,39,9,0,13,44
chr3:108859801-108860200,42,0,0,12,7,0,7,22
chr3:112364001-112366200,210,75,20,76,135,74,182,191
chr3:112506602-112510599,41,0,0,0,21,0,62,63
chr3:112516201-112516800,2,12,0,4,20,0,46,0
chr3:112586401-112587600,1,225,151,169,0,133,104,193
chr3:112592001-112593400,196,509,470,363,103,216,328,124
chr3:112894002-112894800,0,0,0,11,20,30,29,0
chr3:113208201-113208400,331,83,123,78,152,228,341,413
chr3:113209201-113209400,173,143,97,52,127,207,171,302
chr3:113635401-113636800,14,25,0,45,32,0,98,113
chr3:113697189-113697777,0,43,0,0,107,29,34,0
chr3:118896724-118896964,0,22,0,6,0,113,15,0
chr3:119210001-119210200,33,10,15,24,20,7,10,21
chr3:119210801-119211000,30,0,43,10,0,7,8,22
chr3:119423401-119424629,145,465,232,794,401,235,927,492
chr3:119425748-119426316,32,69,157,267,121,82,67,21
chr3:119426947-119427075,0,56,0,60,18,48,56,0
chr3:119630609-119630770,16,0,10,7,0,0,0,6
chr3:120158601-120163400,21,0,89,24,0,0,29,62
chr3:120299201-120300200,38,0,38,23,0,0,17,0
chr3:121956201-121959800,21,23,0,24,0,0,0,10
chr3:122122802-122124599,209,0,0,60,61,103,106,185
chr3:122353202-122357600,0,21,0,14,0,26,31,19
chr3:122576205-122576636,49,35,0,24,0,0,27,67
chr3:123453801-123454000,88,0,0,32,10,45,15,23
chr3:123457401-123458799,104,207,31,133,143,160,92,304
chr3:123459601-123460599,191,92,112,234,178,179,100,358
chr3:123489201-123489922,21,24,0,25,63,0,35,22
chr3:124038388-124038731,22,0,0,94,0,12,0,18
chr3:124042001-124042400,16,38,0,178,0,40,14,0
chr3:124055602-124058131,128,49,140,684,104,240,15,66
chr3:124061402-124064799,55,116,44,477,18,295,14,9
chr3:124075202-124076600,0,0,0,319,49,38,4,44
chr3:124079001-124079401,45,12,0,94,0,0,0,37
chr3:125068601-125070800,0,0,28,61,21,0,22,57
chr3:125072001-125074000,20,0,0,0,21,0,33,46
chr3:125598201-125599200,0,13,0,6,57,0,134,17
chr3:125948602-125949600,31,75,27,5,0,0,31,0
chr3:125984401-125985336,29,73,20,82,30,24,81,44
chr3:125990299-125990647,13,40,13,58,30,24,33,50
chr3:125993809-125993986,14,0,0,11,40,0,18,0
chr3:126341779-126341993,13,0,0,12,11,0,7,0
chr3:126981958-126982450,19,0,0,25,27,0,0,72
chr3:126982626-126983248,12,0,4,0,32,0,7,44
chr3:126984090-126984381,0,0,28,16,32,0,12,32
chr3:127064801-127066219,21,0,0,22,21,30,0,20
chr3:128414601-128418000,20,22,25,77,74,26,91,0
chr3:128421201-128421801,0,12,27,0,18,0,22,7
chr3:128423600-128425400,69,23,0,47,59,28,40,20
chr3:128434601-128436644,21,133,41,20,47,20,31,50
chr3:128504831-128505659,175,335,287,332,244,232,544,214
chr3:128515801-128516200,117,874,572,211,191,253,572,153
chr3:128531801-128533515,23,0,0,75,0,30,5,22
chr3:128546602-128551000,13,71,24,130,60,0,18,0
chr3:128551601-128552999,46,0,2,36,0,0,43,0
chr3:128559001-128560200,0,37,28,13,6,0,0,0
chr3:128567146-128569399,67,25,12,24,21,0,16,0
chr3:128584001-128586560,0,25,104,19,42,0,0,0
chr3:128587601-128589200,0,0,14,13,0,0,4,13
chr3:128618661-128618901,11,25,0,34,43,14,29,34
chr3:129080401-129081000,20,49,14,0,0,0,0,11
chr3:129161678-129161873,0,0,10,7,5,73,0,38
chr3:129164801-129165000,279,202,195,164,131,58,183,83
chr3:129189801-129190200,22,0,0,15,0,42,15,38
chr3:129199201-129200200,266,140,276,321,209,352,263,422
chr3:129210601-129212799,0,7,0,13,15,0,4,0
chr3:129238991-129239228,11,0,11,0,0,0,21,8
chr3:129240037-129240391,0,0,0,20,0,60,42,22
chr3:129245512-129245844,14,0,0,4,10,40,23,17
chr3:129248837-129249103,0,0,23,13,0,0,45,60
chr3:129328502-129329096,80,53,0,23,19,30,17,0
chr3:129330001-129331400,119,205,0,56,113,8,72,0
chr3:129336401-129336600,4,56,0,2,20,2,20,0
chr3:129364401-129366600,723,3029,1567,938,748,1088,1853,348
chr3:129368601-129368800,114,231,120,80,127,32,64,83
chr3:129370802-129371399,45,683,72,213,270,108,277,329
chr3:129378602-129380199,709,897,613,953,846,392,777,1197
chr3:129539201-129540200,56,52,0,6,1,0,0,21
chr3:129627488-129627647,0,7,6,3,9,0,8,0
chr3:129633896-129634527,67,9,52,0,0,0,15,0
chr3:129641001-129642200,43,7,15,0,21,26,14,64
chr3:131401802-131403999,0,68,244,24,60,82,22,0
chr3:132380802-132383200,0,35,0,26,0,28,42,20
chr3:132404202-132407800,32,0,86,0,0,0,29,41
chr3:132543026-132543419,20,42,0,53,0,45,7,27
chr3:132549402-132551800,207,250,258,349,75,356,121,240
chr3:132553602-132557288,192,289,294,558,192,175,202,166
chr3:133561401-133564399,62,0,0,91,16,53,15,0
chr3:134323401-134324000,98,68,184,93,52,5,208,33
chr3:134326268-134326518,487,512,352,152,147,146,648,233
chr3:134326852-134327208,96,12,196,23,115,0,73,60
chr3:134328318-134328552,110,34,41,23,14,0,90,0
chr3:134331317-134331729,38,12,56,27,10,0,35,0
chr3:134332307-134332517,31,17,0,44,0,0,24,0
chr3:134334594-134334937,46,42,0,45,14,0,39,29
chr3:134381201-134382600,1048,125,210,657,416,138,410,268
chr3:134388402-134389599,64,25,53,305,70,0,60,22
chr3:134391802-134394599,250,210,57,397,184,44,202,12
chr3:134429601-134429800,0,0,0,10,25,9,44,30
chr3:134470602-134473399,263,114,0,89,211,503,211,142
chr3:134473602-134474400,56,24,0,16,98,120,58,22
chr3:134474802-134475200,0,0,0,6,20,0,33,22
chr3:134588801-134589400,11,19,1,0,9,0,9,0
chr3:134590802-134592399,0,0,14,13,21,0,0,11
chr3:138041602-138044399,92,22,0,295,42,0,46,4
chr3:138046801-138048200,140,182,0,341,157,72,144,44
chr3:138048994-138049800,100,52,55,104,60,78,128,39
chr3:138050028-138050412,11,0,12,28,0,0,4,0
chr3:138060001-138060600,86,109,65,125,59,0,54,77
chr3:138060801-138061400,38,59,55,107,135,28,86,19
chr3:138597401-138598200,47,0,0,73,88,0,33,66
chr3:138645919-138646518,11,24,55,103,29,0,40,29
chr3:138871601-138877999,19,73,154,75,237,76,6,83
chr3:138879601-138880599,0,0,42,27,0,0,15,15
chr3:138881002-138882200,0,49,24,0,0,2,7,0
chr3:138882602-138883600,0,22,0,73,41,0,15,21
chr3:138905201-138911399,259,243,253,576,136,184,179,225
chr3:138912600-138912801,14,0,0,33,0,0,7,13
chr3:140581000-140581200,90,404,49,130,158,126,155,272
chr3:140586000-140586201,58,622,314,162,139,327,153,607
chr3:140588002-140589200,358,1378,725,379,485,1561,699,1516
chr3:140627802-140631199,0,105,25,0,18,60,0,103
chr3:141474201-141477800,64,123,26,45,187,178,122,193
chr3:141478001-141480000,92,16,111,38,63,162,72,153
chr3:141933818-141934330,25,12,28,31,0,27,0,0
chr3:143065001-143065400,0,22,42,12,20,60,0,0
chr3:143132602-143137200,89,97,25,62,0,45,14,13
chr3:143150801-143153200,60,0,0,12,19,14,44,20
chr3:143216201-143218999,46,22,0,21,19,0,0,0
chr3:143241200-143243200,17,68,0,0,21,59,14,0
chr3:143963402-143964400,17,24,0,8,10,0,0,21
chr3:144483001-144484400,89,112,41,123,374,33,72,128
chr3:144522201-144522800,22,0,5,0,0,0,15,36
chr3:146058401-146058600,5,17,10,0,12,0,11,42
chr3:146165408-146165694,72,454,149,73,49,60,116,66
chr3:146166503-146166881,105,94,28,47,138,48,122,27
chr3:146176201-146179800,1414,2922,474,871,464,855,1374,674
chr3:146184201-146185001,465,1737,291,416,245,125,432,328
chr3:146189401-146189601,59,233,14,159,231,0,61,51
chr3:146190000-146190600,276,548,61,215,119,102,117,42
chr3:146256802-146258199,0,0,28,13,42,13,0,0
chr3:146510002-146514000,1350,1789,1773,1363,1454,1915,8331,1800
chr3:149395844-149396220,0,0,8,23,0,0,9,34
chr3:150227714-150228399,2,0,0,12,10,2,0,0
chr3:150232785-150234199,23,18,0,2,0,0,2,0
chr3:150251201-150256400,15,0,86,13,0,0,10,83
chr3:150306806-150310235,66,22,25,8,23,0,14,19
chr3:150352001-150352800,0,74,25,31,20,0,103,141
chr3:150354801-150355400,41,61,42,43,144,45,39,16
chr3:150355601-150356200,0,86,0,29,50,0,39,52
chr3:150362202-150363599,265,226,67,119,339,0,386,341
chr3:150365002-150366199,152,39,73,40,26,0,31,120
chr3:150382001-150382600,6,3,0,38,0,0,12,0
chr3:150385973-150386315,0,15,0,8,0,0,21,11
chr3:150388201-150389400,69,74,113,74,52,40,226,40
chr3:150389602-150390600,35,91,131,78,102,29,117,145
chr3:150391001-150391800,72,99,56,69,35,0,84,53
chr3:150394401-150395400,26,21,0,77,63,29,61,104
chr3:150397201-150397600,14,12,0,19,20,0,6,15
chr3:150403601-150404000,1,37,0,56,14,0,15,0
chr3:150404201-150404400,0,12,0,15,32,13,10,0
chr3:150467802-150471400,0,0,26,30,19,0,29,0
chr3:150472201-150473086,26,0,11,0,0,14,23,7
chr3:150504201-150505600,0,25,0,17,21,24,15,69
chr3:150512801-150513600,22,0,28,33,0,0,0,22
chr3:150518801-150519787,144,24,0,8,73,11,36,44
chr3:150521600-150522000,46,0,0,0,10,0,9,11
chr3:150527202-150528809,84,99,0,80,28,0,0,0
chr3:150538601-150539282,19,42,0,59,20,14,26,21
chr3:150727839-150728119,0,38,50,27,0,0,0,20
chr3:151459554-151459672,0,0,0,20,9,18,0,11
chr3:151467001-151467600,26,26,0,6,19,0,0,0
chr3:151552002-151554600,42,0,0,46,17,0,59,0
chr3:151969001-151969800,0,20,0,8,0,0,9,22
chr3:152073290-152073813,0,31,0,83,0,0,21,11
chr3:152205299-152205578,11,0,8,47,0,0,0,40
chr3:152209801-152210400,17,0,0,41,18,0,14,0
chr3:152212401-152214800,0,0,0,284,42,0,49,118
chr3:152229801-152231400,114,0,29,395,101,15,157,95
chr3:152515801-152518400,0,0,0,43,35,195,16,75
chr3:153137001-153141799,0,0,26,8,0,0,4,69
chr3:153172401-153173399,132,210,131,103,120,29,119,120
chr3:153173602-153174800,32,186,106,113,57,59,104,271
chr3:153180401-153183800,182,1171,397,376,489,242,570,577
chr3:153247489-153248204,5,57,25,53,21,15,69,118
chr3:153254602-153258600,17,0,0,84,21,31,62,52
chr3:153337202-153339800,15,0,28,32,21,0,0,26
chr3:154260002-154262599,256,428,231,540,82,108,137,286
chr3:155185400-155186200,251,590,154,53,60,44,271,147
chr3:155187001-155187400,0,131,0,13,0,15,79,48
chr3:155945801-155946800,0,0,85,30,20,15,0,43
chr3:156576002-156590584,21,47,0,0,0,0,15,21
chr3:156711801-156712399,79,84,48,272,446,225,352,698
chr3:156718201-156719401,105,115,0,93,136,0,62,43
chr3:156720601-156723678,110,80,0,239,101,152,73,192
chr3:156724984-156725140,11,11,11,0,0,0,6,0
chr3:156725201-156725999,0,24,7,14,41,0,8,18
chr3:156727202-156728999,0,123,0,56,39,0,14,0
chr3:156729401-156730000,0,20,27,0,0,22,24,4
chr3:158830600-158831000,480,376,309,387,937,633,475,623
chr3:158845770-158846240,64,0,56,21,0,0,35,10
chr3:158918200-158918600,25,0,0,0,0,15,46,11
chr3:158936000-158937400,12,0,0,5,0,0,43,44
chr3:160613201-160613600,0,0,0,2,62,0,14,28
chr3:160616202-160618800,62,0,28,0,0,0,16,22
chr3:160747201-160748400,68,123,55,108,108,28,96,132
chr3:161262602-161267999,637,749,1141,844,1215,908,1402,838
chr3:161332602-161334800,65,0,0,26,18,30,45,0
chr3:161339201-161340600,43,0,0,10,0,0,15,18
chr3:161405802-161407677,28,24,0,52,0,0,0,21
chr3:167657001-167658723,61,0,51,49,0,61,28,17
chr3:167666202-167666999,344,2573,1265,925,771,398,787,549
chr3:167672401-167673400,534,1406,775,1008,367,558,630,682
chr3:168838201-168841000,20,0,57,61,38,5,28,20
chr3:168875602-168879199,258,47,0,24,24,0,204,20
chr3:169664801-169666000,104,201,171,124,192,0,180,156
chr3:170307714-170308600,0,0,0,12,13,29,0,11
chr3:171055485-171055694,6,53,28,33,41,28,40,97
chr3:172600801-172602200,0,0,28,13,1,0,34,81
chr3:172605802-172609199,0,49,0,11,18,0,52,14
chr3:172625001-172628400,0,49,0,11,13,0,28,29
chr3:174290201-174290400,39,4,0,1,10,103,46,0
chr3:178950401-178951200,112,13,28,96,1,60,120,97
chr3:179453602-179456000,78,0,0,12,9,14,39,0
chr3:179459801-179461200,33,0,0,0,13,24,31,24
chr3:182923401-182923800,44,7,19,72,0,0,29,62
chr3:182924417-182924677,0,6,0,39,0,36,15,0
chr3:182924801-182926399,59,62,86,188,21,44,129,153
chr3:183006401-183007200,20,57,22,87,96,115,83,44
chr3:183009600-183010800,5,92,26,94,0,14,0,89
chr3:183013201-183013400,12,0,0,13,10,15,7,0
chr3:184147602-184149199,157,0,0,109,35,28,44,148
chr3:184458801-184460999,16,0,0,3,0,0,6,12
chr3:184479601-184481000,75,25,57,55,17,58,275,0
chr3:184482201-184482719,118,74,0,0,12,0,93,0
chr3:184509401-184510400,22,14,0,5,0,0,30,0
chr3:184513279-184513452,11,39,0,0,32,30,57,41
chr3:184519401-184520000,34,0,0,12,16,0,24,0
chr3:184540986-184542800,46,0,57,0,84,28,0,0
chr3:184590401-184599599,1457,345,307,1603,770,1110,1885,1376
chr3:184613401-184613999,22,0,0,18,20,0,0,7
chr3:184616402-184621600,23,25,77,136,292,30,48,264
chr3:184776001-184777000,0,24,0,25,15,0,0,116
chr3:185058601-185061000,57,125,0,42,62,61,59,45
chr3:185502801-185503999,62,0,55,36,92,0,167,120
chr3:185635400-185635800,118,1029,357,108,63,184,331,227
chr3:186860601-186861917,155,862,283,63,41,0,229,130
chr3:186869202-186872399,860,3896,1234,232,496,1512,1284,1537
chr3:186893002-186894799,43,0,23,25,29,60,14,44
chr3:187082201-187085599,0,0,0,51,18,53,49,0
chr3:188076001-188077775,66,724,177,129,321,4834,97,87
chr3:188149801-188150000,200,129,224,142,152,282,136,49
chr3:188899402-188902999,0,141,0,225,0,28,14,36
chr3:188903602-188908999,64,35,0,136,0,85,16,7
chr3:188910601-188912200,21,23,0,27,0,0,16,0
chr3:188927002-188934600,147,136,112,334,584,421,479,99
chr3:188940733-188940831,31,15,3,32,51,90,165,11
chr3:189330001-189331799,37,123,56,261,195,53,359,36
chr3:189333802-189335399,212,112,251,212,181,110,365,164
chr3:189337800-189338201,22,48,24,87,148,50,320,17
chr3:189369801-189371000,44,0,0,38,37,0,54,59
chr3:189509001-189509201,14,0,5,0,19,32,22,0
chr3:189512201-189514399,0,25,0,53,9,0,13,0
chr3:189563581-189564799,20,0,0,12,20,0,27,21
chr3:191400001-191400600,38,0,0,51,0,7,15,21
chr3:193701602-193703600,546,502,433,294,279,356,525,339
chr3:193704201-193704400,51,15,79,29,23,93,95,99
chr3:193715601-193717799,0,21,12,26,0,0,36,0
chr3:193825402-193833999,0,0,0,36,59,51,17,0
chr3:193850802-193854474,0,0,0,24,20,14,7,0
chr3:193930001-193930600,22,0,14,9,0,0,15,0
chr3:193938401-193939400,0,0,0,36,27,0,31,11
chr3:194112201-194113999,45,0,0,9,0,0,11,20
chr3:194133847-194135408,261,270,266,59,152,151,324,190
chr3:194292600-194292801,5,0,0,15,14,15,13,10
chr3:194294002-194295599,35,26,0,77,151,0,79,180
chr3:194573740-194574430,0,0,8,12,18,0,0,16
chr3:194579278-194579673,18,0,0,6,40,0,23,1
chr3:195062602-195065399,20,22,36,18,23,0,46,20
chr3:195558201-195559400,0,25,28,13,0,0,0,22
chr3:195565797-195567599,10,0,0,12,42,0,37,20
chr3:195585401-195585800,9,15,0,14,75,109,36,31
chr3:195591001-195592001,0,0,0,10,38,29,28,0
chr3:195608802-195610400,88,0,0,56,441,60,90,83
chr3:195743601-195744000,94,0,14,47,36,22,38,60
chr3:195958801-195959000,58,146,74,36,140,39,149,76
chr3:195994201-195994800,0,64,43,6,0,23,55,33
chr3:196440000-196440201,33,0,5,23,34,0,39,55
chr3:196440401-196440800,0,16,66,19,129,0,34,18
chr3:196443945-196445800,208,294,55,271,252,91,146,110
chr3:196448001-196448400,0,12,0,9,17,0,17,11
chr3:196457001-196458600,62,26,56,60,79,0,0,0
chr3:196552801-196553000,133,139,86,93,75,32,146,137
chr3:196969940-196970149,6,19,22,6,26,7,18,15
chr3:198139201-198140400,0,0,0,29,222,90,16,62
chr2:661202-663199,44,26,77,15,30,0,43,43
chr2:883401-885000,26,73,0,8,0,53,0,32
chr2:886601-889599,67,24,27,12,61,59,15,65
chr2:1749401-1749800,245,24,221,96,139,189,127,300
chr2:1750001-1750200,65,0,58,39,62,123,57,196
chr2:1750550-1751799,670,167,118,152,406,455,253,682
chr2:2613312-2613669,14,0,11,1,0,54,22,23
chr2:2845802-2850399,54,0,25,11,56,0,14,33
chr2:3487601-3490400,20,0,0,11,61,0,40,0
chr2:6806001-6807001,17,0,0,10,0,0,20,231
chr2:6811801-6812000,0,36,0,0,0,11,24,69
chr2:6812201-6813600,102,75,0,43,82,30,47,132
chr2:6907664-6907915,13,37,70,13,174,94,59,124
chr2:6909811-6910035,0,0,14,17,1,46,26,1
chr2:7094201-7095000,10,99,0,39,0,30,0,11
chr2:7145401-7147000,45,151,0,83,0,91,16,20
chr2:7180402-7181400,61,110,0,77,20,0,0,36
chr2:7188202-7189600,0,105,28,30,17,119,5,0
chr2:7189939-7192799,64,126,26,104,31,28,0,108
chr2:7201801-7202200,16,16,0,6,5,0,0,0
chr2:7205201-7207000,0,0,0,25,41,89,0,26
chr2:7225401-7228600,86,240,0,100,79,329,16,125
chr2:7241001-7245199,18,157,54,85,40,66,21,109
chr2:7262402-7264000,0,26,53,46,21,0,0,0
chr2:7269002-7270999,62,0,0,13,35,59,10,20
chr2:7278801-7279000,0,81,0,0,3,0,10,23
chr2:7281002-7282199,10,88,0,12,0,30,18,36
chr2:7377802-7378999,87,13,73,69,271,30,99,257
chr2:7745600-7748200,108,0,0,0,53,0,29,101
chr2:7748748-7749401,22,20,0,0,104,0,4,15
chr2:8849001-8850000,22,0,40,23,10,23,0,0
chr2:9564801-9566400,16,0,0,55,61,126,64,11
chr2:9572602-9574999,261,74,102,261,908,208,183,243
chr2:9577401-9577800,121,0,169,60,167,222,95,144
chr2:9773202-9774999,37,117,0,57,91,0,63,78
chr2:10111402-10113799,21,11,13,0,0,0,12,0
chr2:10541602-10545199,21,11,0,15,29,0,7,10
chr2:10566200-10566401,63,77,83,102,156,0,86,63
chr2:10568801-10570200,468,759,971,890,676,365,604,333
chr2:11433602-11434800,12,58,24,73,0,0,0,0
chr2:11472601-11474400,21,23,26,56,19,0,31,86
chr2:15131401-15132200,0,0,16,0,20,3,17,0
chr2:15132802-15135600,0,22,31,33,15,55,14,20
chr2:15634202-15641399,150,282,467,225,237,114,260,334
chr2:15641661-15643399,0,0,71,25,40,0,63,22
chr2:17535201-17535800,51,0,0,48,0,0,9,21
chr2:18549001-18549800,390,479,381,407,454,324,348,460
chr2:18550961-18553200,689,918,294,424,359,744,619,540
chr2:18598202-18600599,0,23,26,46,0,23,12,41
chr2:18642801-18644600,0,23,3,36,49,78,24,31
chr2:18742002-18743000,0,0,0,6,0,59,47,21
chr2:18890000-18890401,4,0,0,31,0,30,4,0
chr2:18924201-18927000,0,0,57,78,0,0,26,44
chr2:18949802-18950999,23,0,0,185,72,14,0,0
chr2:18975601-18977600,17,0,0,45,30,0,0,31
chr2:19363029-19363297,17,0,0,27,0,28,2,0
chr2:20021601-20024600,161,24,27,63,61,89,49,21
chr2:20153401-20154000,0,104,0,12,47,0,0,44
chr2:20415379-20416200,0,0,0,17,38,19,34,0
chr2:20418601-20420599,134,0,0,38,126,0,159,116
chr2:20472001-20475800,0,0,56,25,0,75,15,0
chr2:20477801-20478600,19,49,37,35,19,20,15,22
chr2:20523402-20528199,0,211,62,44,39,114,9,20
chr2:20536002-20544724,0,797,501,95,23,673,18,88
chr2:20551002-20552399,0,25,0,13,40,60,15,22
chr2:20555201-20555600,40,18,0,8,79,0,29,34
chr2:20556601-20558200,461,250,240,383,357,180,165,374
chr2:23711802-23714000,601,456,913,887,292,178,571,520
chr2:23716201-23717000,222,146,127,197,61,45,46,139
chr2:23719401-23721600,427,183,204,545,217,117,284,188
chr2:23734401-23735000,48,39,34,114,0,119,24,0
chr2:23744946-23746399,54,23,0,338,0,28,15,16
chr2:24785001-24786599,26,0,0,14,0,6,0,34
chr2:25346801-25348200,37,0,0,27,3,0,30,30
chr2:25348602-25350600,23,0,0,60,24,0,16,23
chr2:25354801-25355400,22,0,0,19,25,0,34,13
chr2:25358401-25359399,44,16,27,54,19,0,12,21
chr2:25364602-25365600,67,117,98,62,37,0,25,40
chr2:26139200-26139401,22,47,0,35,26,0,24,16
chr2:26143601-26145486,118,120,41,157,7,44,150,109
chr2:26646402-26648599,9,0,0,39,0,0,75,44
chr2:26648801-26649892,1,0,0,44,0,15,56,6
chr2:26650401-26653399,0,0,100,149,0,0,40,43
chr2:26653801-26655999,39,0,81,53,0,0,31,22
chr2:27029002-27030200,30,96,157,142,41,0,95,76
chr2:27030401-27030600,0,7,42,15,0,0,44,21
chr2:27162201-27163090,7,0,0,5,0,14,29,0
chr2:27183402-27187438,12,0,59,37,22,0,29,23
chr2:27249202-27250806,0,73,56,10,17,0,0,58
chr2:27527001-27527601,62,2,56,6,0,0,31,5
chr2:27716425-27716804,14,150,220,121,17,0,30,77
chr2:27716987-27717284,3,16,6,12,14,0,6,12
chr2:27726801-27731629,0,47,0,159,59,0,24,21
chr2:27735453-27735831,10,26,28,13,35,0,30,34
chr2:27737690-27738342,0,10,0,12,17,0,4,0
chr2:28346401-28350399,71,209,14,87,109,31,20,69
chr2:28350801-28351200,0,0,0,47,30,0,2,21
chr2:28352001-28352999,76,24,0,162,19,0,13,53
chr2:28356116-28356353,0,12,0,12,45,0,1,7
chr2:28359328-28359843,67,0,0,46,63,15,0,23
chr2:28360917-28361361,35,10,0,70,36,0,20,20
chr2:28419601-28420200,130,216,193,211,182,289,286,126
chr2:28429601-28433400,363,825,253,572,318,609,389,242
chr2:28691002-28693199,0,165,85,35,39,30,13,25
chr2:28702001-28703799,40,264,26,48,123,149,14,20
chr2:28704601-28705000,19,99,42,0,60,7,15,0
chr2:28950202-28954599,124,344,293,427,138,287,341,0
chr2:30164601-30165600,0,0,22,12,20,0,44,21
chr2:30184601-30186200,38,75,0,13,21,0,0,44
chr2:30190602-30196800,18,10,0,36,0,0,32,0
chr2:30201801-30202600,76,688,252,4,0,0,0,59
chr2:31272002-31272599,230,138,71,153,123,0,89,42
chr2:31272801-31274401,310,695,487,516,395,88,129,118
chr2:31275401-31275600,0,22,17,7,0,4,23,0
chr2:31828801-31829201,22,0,0,18,0,15,12,0
chr2:32323601-32323800,23,49,0,68,0,0,6,3
chr2:32330801-32331401,46,8,27,90,41,29,0,44
chr2:32333401-32334200,0,13,56,146,0,0,0,4
chr2:32341801-32342601,35,13,0,47,0,0,0,44
chr2:32343000-32343600,0,0,14,104,20,0,15,0
chr2:32622601-32623600,0,35,0,60,41,0,26,52
chr2:33573401-33574200,23,0,50,31,0,0,31,97
chr2:33577202-33578799,45,41,142,55,19,15,89,67
chr2:36821002-36822200,32,0,24,0,83,0,34,0
chr2:36834402-36835999,19,167,59,114,32,28,167,118
chr2:37778202-37783800,16,0,0,28,15,0,5,24
chr2:37785601-37787275,0,0,245,12,20,16,15,26
chr2:37789801-37791000,23,23,227,32,0,0,47,41
chr2:37792201-37799200,0,68,272,35,124,0,72,71
chr2:37800002-37803999,0,26,229,57,60,0,16,0
chr2:37808601-37810800,16,0,244,13,42,0,0,0
chr2:37916202-37918199,0,52,85,25,16,0,45,23
chr2:37918601-37920124,61,22,0,34,0,51,12,0
chr2:38258401-38267800,28,30,0,0,51,0,0,40
chr2:38380443-38380739,4,0,40,6,0,0,10,14
chr2:38386402-38386999,6,0,0,25,26,0,15,26
chr2:38516801-38517600,22,24,0,7,20,0,14,22
chr2:38540402-38544199,289,415,528,298,166,142,137,275
chr2:38549001-38549999,0,24,183,297,108,15,13,21
chr2:38552269-38553000,23,104,56,199,69,59,50,0
chr2:38555283-38559000,177,261,172,965,76,29,88,102
chr2:38651601-38655799,6,0,7,0,5,0,8,24
chr2:38791401-38795600,43,13,31,24,63,0,47,6
chr2:38977801-38980000,49,0,28,63,78,60,47,111
chr2:39125441-39125729,4,12,0,0,0,0,13,18
chr2:39133001-39145200,91,179,0,72,66,0,63,70
chr2:39241201-39242600,0,25,51,26,17,0,0,0
chr2:40699401-40700600,0,0,0,11,18,59,2,26
chr2:41803218-41803535,16,0,0,8,18,15,10,33
chr2:41899600-41900000,37,0,19,6,0,15,7,30
chr2:41905402-41908400,152,0,27,12,24,130,142,152
chr2:41909601-41910000,20,0,0,0,10,77,0,11
chr2:41925801-41929399,112,0,0,103,83,21,145,282
chr2:41962802-41968799,26,0,89,5,82,0,0,8
chr2:42063001-42065039,2,19,170,12,53,16,120,44
chr2:42068400-42069800,39,25,72,10,21,0,44,22
chr2:42071402-42075399,161,176,66,114,43,102,62,110
chr2:42075601-42076000,38,24,94,25,41,15,34,0
chr2:42083402-42087200,22,49,56,12,41,30,43,22
chr2:42793301-42793887,510,105,127,280,485,254,395,450
chr2:42796130-42796173,0,14,16,11,21,0,12,4
chr2:42800201-42801800,784,284,347,518,999,715,349,913
chr2:42803201-42806000,1029,457,586,874,1498,515,568,1094
chr2:42809650-42810859,632,268,489,537,1826,531,295,887
chr2:42823801-42824400,37,0,92,68,76,0,0,0
chr2:42835401-42837600,207,0,0,725,102,135,77,25
chr2:42840001-42841000,11,0,0,112,59,45,20,0
chr2:42841202-42842842,49,0,0,102,47,29,33,4
chr2:42843201-42848599,435,0,60,571,192,117,128,376
chr2:42853002-42855800,301,0,25,303,149,44,104,260
chr2:42856202-42862200,519,88,33,954,839,190,521,453
chr2:42865601-42868200,34,0,0,98,0,61,43,22
chr2:42872001-42883400,187,186,0,241,125,383,106,16
chr2:42888308-42889400,22,0,0,25,16,0,31,0
chr2:42912602-42915199,108,25,86,116,21,113,94,41
chr2:42916002-42920000,221,71,548,284,120,150,240,87
chr2:42922909-42923514,28,0,16,10,10,0,0,0
chr2:42936432-42936585,23,0,0,29,26,0,5,30
chr2:42938582-42940400,975,0,0,464,1053,417,794,1149
chr2:42974855-42975377,40,0,0,19,20,48,0,0
chr2:42979631-42980078,18,12,0,10,69,0,0,0
chr2:42983202-42985399,154,50,44,182,138,30,31,6
chr2:42985602-42987999,143,47,22,70,342,227,22,73
chr2:42988601-42989000,73,0,0,34,95,14,78,11
chr2:43009801-43012600,46,0,0,68,76,0,31,65
chr2:43065801-43066000,34,57,30,62,113,0,52,11
chr2:43075115-43075375,28,0,14,107,69,0,4,14
chr2:43077801-43078000,16,24,24,102,6,0,23,0
chr2:43083818-43083966,109,8,20,37,2,0,33,0
chr2:43086598-43086803,16,0,0,43,9,0,13,9
chr2:43152310-43152489,27,0,0,36,9,0,0,13
chr2:43194866-43195333,22,4,0,11,30,17,0,12
chr2:43205801-43207001,3,0,28,55,0,0,13,0
chr2:45352602-45355399,0,0,25,33,0,0,144,85
chr2:45380001-45381400,41,34,0,130,67,30,95,69
chr2:45382401-45383600,10,0,69,118,83,161,100,83
chr2:46196202-46201999,69,0,0,83,47,91,12,0
chr2:46223201-46226800,16,0,0,48,19,57,0,0
chr2:46236601-46242000,80,52,0,86,44,0,0,0
chr2:46251402-46253999,66,76,0,160,3,61,24,22
chr2:46284401-46285129,59,11,56,12,75,0,77,77
chr2:46285401-46287258,111,75,113,32,112,58,67,62
chr2:46290001-46290800,105,99,56,18,30,9,25,104
chr2:46634401-46635800,211,262,309,1095,236,460,528,479
chr2:46636802-46637400,67,128,62,517,325,195,323,365
chr2:46643601-46648799,1981,3413,2170,3606,2233,1656,3352,2658
chr2:46655201-46657637,83,700,149,536,290,57,512,286
chr2:46661201-46661800,0,0,0,112,36,0,3,59
chr2:46662402-46665199,100,292,98,466,96,182,396,260
chr2:46666001-46667400,66,203,124,195,263,260,186,189
chr2:46680000-46681000,20,24,27,66,0,0,15,55
chr2:46681801-46682400,109,73,55,333,228,111,513,330
chr2:46682601-46682999,58,178,51,208,71,22,145,68
chr2:46684001-46685400,71,253,111,271,142,0,263,195
chr2:46865602-46879599,41,182,0,142,38,166,86,223
chr2:46880602-46883399,0,45,0,7,30,0,8,40
chr2:47916602-47918600,0,26,129,108,137,0,192,107
chr2:48525308-48526200,84,13,28,95,0,0,41,73
chr2:54394401-54394800,10,0,0,29,10,0,0,22
chr2:54415002-54421399,57,20,59,59,70,126,72,102
chr2:54422801-54424200,23,0,0,27,73,44,0,0
chr2:54438801-54439000,11,0,0,19,14,24,0,8
chr2:54439202-54440600,0,0,0,13,32,8,0,67
chr2:54455015-54455440,143,173,164,132,235,106,145,352
chr2:54715801-54716800,0,0,48,4,0,0,14,21
chr2:55118769-55119030,18,0,0,21,10,0,16,0
chr2:55123801-55124400,86,0,0,49,31,0,17,23
chr2:55128801-55130400,109,0,0,0,94,41,92,41
chr2:55170801-55171200,0,21,14,43,0,0,7,11
chr2:55482001-55486799,35,23,0,16,39,0,39,0
chr2:55490202-55492199,71,189,222,65,79,59,128,168
chr2:55511401-55511904,27,0,85,27,19,0,9,0
chr2:55625801-55626000,129,7,8,99,32,28,95,96
chr2:55771601-55773599,0,22,0,8,52,11,111,52
chr2:55779002-55781599,46,50,0,61,35,30,99,0
chr2:55804401-55805200,52,0,28,25,0,0,14,15
chr2:55809800-55811600,34,35,320,12,168,103,285,62
chr2:55841602-55845800,6,27,0,53,17,58,43,0
chr2:55847801-55848000,0,13,2,6,10,0,22,0
chr2:55848201-55848600,0,15,14,9,0,0,40,0
chr2:55855402-55858199,0,0,0,63,19,0,55,52
chr2:55860802-55864399,1301,793,1628,651,1254,356,1999,836
chr2:56588601-56589000,14,0,0,5,7,0,28,0
chr2:57597002-57603400,19,0,0,59,43,0,13,18
chr2:57862095-57862819,41,0,21,0,0,27,10,0
chr2:57890202-57895199,22,0,55,12,54,0,103,21
chr2:60934799-60935110,171,49,11,139,54,143,59,125
chr2:61055539-61056002,219,215,148,298,244,242,305,175
chr2:61758802-61760999,59,10,40,102,63,91,68,63
chr2:61763547-61764012,84,201,249,199,110,272,160,234
chr2:61764066-61764525,140,29,112,70,95,130,38,77
chr2:62148028-62148291,63,74,74,306,308,81,265,141
chr2:62153202-62154600,96,159,153,475,529,30,567,432
chr2:62156802-62157999,85,115,40,219,184,194,171,177
chr2:62159001-62159400,57,45,25,63,52,39,21,56
chr2:62160001-62160200,16,22,42,77,47,60,24,32
chr2:62163401-62164800,23,50,0,99,38,30,92,122
chr2:62175602-62179799,87,116,0,291,109,116,104,134
chr2:62180601-62182599,0,98,29,71,57,7,78,61
chr2:62184602-62188200,188,111,307,200,316,57,279,88
chr2:62189001-62189400,34,22,0,14,0,0,8,4
chr2:62226402-62229800,20,83,25,117,37,0,207,19
chr2:62231401-62232800,0,75,28,50,21,33,53,81
chr2:62452800-62453001,6,0,0,11,10,0,12,0
chr2:62461401-62462400,11,13,27,0,0,25,0,0
chr2:62485002-62487399,17,0,0,22,19,0,4,0
chr2:62512602-62513600,0,13,0,38,80,0,45,0
chr2:62525602-62527199,0,18,0,23,41,0,47,0
chr2:62527401-62528200,0,0,0,20,3,0,13,22
chr2:62528801-62530200,6,0,0,13,71,30,57,0
chr2:64275502-64275785,18,0,0,11,28,0,15,0
chr2:64381601-64384800,196,146,290,246,122,88,115,250
chr2:64386601-64387200,15,224,0,130,125,0,85,46
chr2:64391533-64391816,29,17,0,51,49,16,66,48
chr2:64625272-64629999,70,0,26,24,90,0,0,0
chr2:64756801-64757600,63,0,0,38,116,22,69,125
chr2:64767173-64767331,35,0,0,6,0,0,6,11
chr2:64767794-64768092,0,21,0,0,13,6,0,24
chr2:64792002-64800399,62,54,0,0,0,0,26,48
chr2:65194801-65196000,0,0,0,11,36,30,80,0
chr2:65275143-65277199,0,0,49,50,0,61,23,0
chr2:65277602-65279600,0,49,0,28,0,59,14,0
chr2:65291402-65295599,269,61,210,372,409,257,169,140
chr2:65309201-65309400,62,0,14,8,10,36,46,26
chr2:66424601-66425000,0,98,0,12,20,0,13,33
chr2:68274001-68274400,0,0,0,13,20,40,8,0
chr2:68280802-68281400,51,92,162,91,184,142,104,102
chr2:68282601-68283200,76,22,42,98,119,71,76,33
chr2:68341201-68343400,23,25,4,0,33,0,52,60
chr2:68345600-68345801,32,12,20,7,0,0,10,0
chr2:68350802-68354000,19,26,219,0,21,19,135,106
chr2:69271401-69273600,101,50,24,96,21,69,15,83
chr2:69275201-69276600,100,0,12,82,34,44,17,0
chr2:69285402-69286400,0,14,27,0,0,29,0,11
chr2:69296802-69302200,16,26,0,22,0,0,0,15
chr2:69306188-69306624,36,0,0,32,0,0,5,44
chr2:69306809-69307062,0,6,0,12,0,0,2,9
chr2:69390001-69391400,0,27,0,75,63,0,47,0
chr2:69444801-69445200,161,126,95,97,49,89,85,109
chr2:69448401-69453999,2652,1920,2191,1691,883,1152,1419,1675
chr2:69455401-69456000,263,396,251,363,21,252,181,197
chr2:69943712-69944040,32,10,42,59,28,0,29,21
chr2:69944148-69944642,79,0,0,42,24,0,28,22
chr2:69945463-69945761,48,12,14,10,16,0,0,0
chr2:69946408-69947101,54,0,56,78,5,67,14,11
chr2:70135927-70136334,0,38,21,12,0,0,0,36
chr2:70791401-70799200,69,50,0,32,42,0,0,0
chr2:70822601-70823800,95,0,0,18,77,30,16,0
chr2:71182001-71182200,16,33,27,14,77,15,58,72
chr2:71440001-71442399,344,748,912,545,444,674,687,592
chr2:71443001-71443600,359,313,569,288,395,213,421,398
chr2:71690801-71693199,14,117,57,79,16,90,104,0
chr2:71713602-71722200,12,0,0,50,0,68,17,0
chr2:71742002-71750399,112,123,233,78,23,299,52,48
chr2:72031601-72031800,6,0,7,7,32,0,0,10
chr2:72032316-72033000,1,12,0,12,46,0,9,2
chr2:72166400-72166600,10,17,0,25,104,15,20,38
chr2:72173002-72174599,269,232,272,244,609,126,469,213
chr2:73630401-73631200,68,0,0,54,45,20,53,52
chr2:73707002-73708799,37,23,0,48,41,263,80,80
chr2:73739991-73740374,26,171,405,146,120,163,133,118
chr2:73746002-73747999,1125,1876,1364,1737,1678,984,1358,1686
chr2:73759001-73760400,98,418,218,816,117,121,155,132
chr2:74495708-74495894,0,71,4,65,34,0,45,44
chr2:74690494-74691129,75,0,50,165,101,6,173,90
chr2:74691801-74692400,28,29,0,234,154,65,119,60
chr2:74692601-74696213,545,501,26,1231,332,228,400,372
chr2:74696446-74697799,93,119,10,404,176,40,169,300
chr2:74700401-74701200,124,19,138,397,105,152,211,66
chr2:74701601-74701800,47,26,6,97,30,30,33,21
chr2:74703202-74704000,273,64,44,285,237,150,199,103
chr2:74707402-74709600,1173,452,240,1421,1152,465,1552,1009
chr2:74712295-74712470,83,24,30,120,116,89,157,22
chr2:74721202-74722200,5,11,79,44,0,0,5,0
chr2:74788601-74791200,139,76,86,19,0,92,0,22
chr2:74804601-74805400,63,0,143,0,20,60,15,11
chr2:74806202-74808399,118,0,236,27,57,21,0,12
chr2:74812789-74814000,39,0,0,39,0,0,15,14
chr2:74828401-74829400,0,24,38,6,0,0,25,1
chr2:74914618-74914953,39,84,28,92,0,15,0,21
chr2:74915566-74916799,38,120,27,174,0,73,60,73
chr2:74944801-74946213,80,131,83,383,0,30,141,119
chr2:74947601-74948199,19,0,14,103,0,27,0,21
chr2:74954001-74954200,9,4,0,52,0,0,29,37
chr2:74954402-74954800,2,46,53,229,0,30,7,13
chr2:74979601-74980600,0,13,70,124,1,29,39,0
chr2:74984801-74985400,31,4,23,109,39,0,28,0
chr2:74991601-74992600,38,24,53,49,46,29,31,0
chr2:75017602-75018999,12,0,41,119,34,0,13,22
chr2:75026200-75026400,0,0,14,13,24,0,10,0
chr2:75033201-75036400,14,10,0,113,8,0,16,0
chr2:75275801-75278799,573,465,862,438,971,409,2948,300
chr2:75284601-75284800,29,0,14,5,0,43,23,0
chr2:75286801-75289199,21,0,102,111,39,0,139,45
chr2:75289601-75291200,81,0,50,47,83,0,86,67
chr2:75292402-75293599,39,0,102,61,97,0,50,22
chr2:85119601-85120800,0,0,0,13,21,90,26,0
chr2:85311602-85314217,4233,7823,3790,3654,4617,2148,5401,7523
chr2:85652201-85655200,13,73,0,38,20,0,52,21
chr2:85712346-85712713,0,30,0,12,31,26,0,0
chr2:85716755-85716837,2,0,26,0,34,32,5,0
chr2:85729192-85729511,49,0,0,14,3,70,39,0
chr2:85730488-85734300,56,37,134,54,225,550,240,72
chr2:85799201-85800200,0,220,53,69,91,156,15,2
chr2:85800601-85800800,5,103,14,47,20,76,32,4
chr2:85801344-85801484,17,76,5,26,10,32,11,0
chr2:85803201-85803510,11,24,0,12,25,12,8,0
chr2:85804001-85805400,89,153,57,104,21,119,21,44
chr2:85805601-85807000,0,18,28,79,21,22,0,0
chr2:85810401-85812599,88,0,48,59,84,13,15,35
chr2:85907001-85908556,523,81,28,151,237,24,130,235
chr2:85910545-85914800,1481,152,213,615,502,395,220,513
chr2:85918001-85918201,72,101,0,42,27,45,0,62
chr2:85919801-85920000,152,115,57,19,107,49,27,120
chr2:85924001-85927999,962,307,348,470,625,87,264,487
chr2:85929001-85929399,101,61,13,5,136,0,69,22
chr2:85929602-85932199,1036,364,472,336,1148,179,432,509
chr2:85932401-85932800,255,74,43,51,158,51,65,29
chr2:85949002-85950199,44,21,28,0,39,59,40,34
chr2:85950401-85951000,62,0,0,0,20,60,9,40
chr2:85951402-85957599,250,0,23,0,93,0,250,117
chr2:85975201-85977000,37,47,0,0,0,149,57,20
chr2:85978202-85980999,393,329,114,260,268,664,298,56
chr2:86017262-86017469,0,0,33,4,0,15,27,0
chr2:86398029-86399600,16,0,0,6,41,31,14,11
chr2:86494890-86495269,32,167,44,181,2,5,14,53
chr2:86495851-86496201,6,62,28,93,30,95,30,33
chr2:86809551-86809952,0,0,70,6,25,0,24,23
chr2:86809986-86810508,53,0,0,73,5,0,31,44
chr2:86811576-86813800,23,0,0,13,39,0,0,45
chr2:87024039-87024734,156,169,64,239,268,146,219,249
chr2:87025602-87029599,250,117,111,257,274,126,244,139
chr2:87198001-87199200,62,203,22,50,98,0,117,69
chr2:88188002-88189200,439,1098,580,650,291,263,313,447
chr2:88190811-88192200,168,145,41,155,230,187,106,302
chr2:88671633-88672433,82,0,56,37,114,0,119,88
chr2:88687401-88687800,16,7,98,88,41,28,76,84
chr2:88751773-88757000,0,42,0,39,0,31,32,45
chr2:90239201-90240400,19,0,82,102,0,0,0,3
chr2:90265716-90267771,0,0,26,20,62,0,42,0
chr2:95024301-95024551,8,20,13,0,0,132,7,0
chr2:95264401-95265800,225,194,111,575,328,185,197,130
chr2:95267601-95268400,253,73,249,355,206,148,93,168
chr2:96139801-96140000,0,3,0,0,10,0,7,11
chr2:96245745-96245928,125,527,304,272,221,99,297,359
chr2:96389002-96392000,0,49,0,0,4,0,12,43
chr2:96474201-96475599,35,0,0,13,17,0,0,81
chr2:96564802-96565799,38,24,46,125,41,53,57,55
chr2:96587402-96588800,12,36,0,61,30,30,31,6
chr2:97703801-97705000,17,109,28,84,74,38,119,64
chr2:97751515-97753600,0,23,58,68,42,24,90,87
chr2:97754601-97755800,0,47,0,25,41,80,11,66
chr2:97997791-97998200,18,22,0,6,0,15,6,57
chr2:98596682-98596843,115,87,108,245,284,78,286,141
chr2:98740001-98741000,101,93,40,125,78,41,96,185
chr2:98742801-98745399,50,0,28,103,242,102,174,226
chr2:98745601-98746000,22,0,0,17,31,15,12,69
chr2:98746802-98752999,324,70,195,136,986,355,647,1071
chr2:98753201-98754999,0,0,56,0,19,0,5,44
chr2:100195802-100199600,22,0,49,0,20,52,0,0
chr2:100587401-100590000,15,16,53,26,49,0,34,15
chr2:100819034-100819540,21,7,28,12,0,8,46,0
chr2:101680801-101683200,0,0,17,8,9,0,7,0
chr2:101895590-101895950,0,38,17,51,43,21,12,9
chr2:101897001-101898200,0,25,28,19,9,0,34,10
chr2:101899820-101900841,91,100,28,36,113,60,89,120
chr2:101908202-101914400,0,10,23,0,0,0,44,45
chr2:102059188-102059800,9,37,0,0,0,20,0,30
chr2:105106601-105107600,13,0,14,11,0,0,0,21
chr2:105239602-105240599,41,13,0,0,20,0,49,14
chr2:105253402-105257600,0,20,54,24,40,0,82,67
chr2:105356983-105357157,106,187,230,146,64,63,85,110
chr2:105446401-105448600,0,61,0,27,42,0,31,0
chr2:105450401-105450800,0,16,28,10,0,0,16,11
chr2:105515802-105519399,53,182,86,0,19,28,14,0
chr2:105582001-105585199,52,0,0,121,57,0,9,0
chr2:105971802-105976199,39,21,0,52,12,0,54,0
chr2:106052202-106060199,59,0,0,60,21,0,57,46
chr2:106084002-106088999,112,73,417,215,41,178,72,195
chr2:107897601-107898600,0,16,64,61,124,79,85,61
chr2:108162801-108164200,56,0,0,35,0,0,31,22
chr2:108444801-108445601,22,0,0,12,7,0,0,22
chr2:108688801-108689799,20,70,0,44,32,0,111,52
chr2:108689955-108690437,46,12,49,3,41,8,21,72
chr2:109109001-109110200,23,0,15,13,0,0,39,0
chr2:109516002-109518199,0,0,0,18,39,60,15,9
chr2:109519201-109520000,0,0,0,38,0,90,21,83
chr2:109674601-109679999,16,17,0,4,22,64,33,0
chr2:109689002-109694999,0,0,0,20,8,0,24,26
chr2:109720402-109722599,23,0,0,66,21,60,31,0
chr2:109862602-109863999,46,111,0,44,30,13,23,117
chr2:109997801-110001200,20,0,18,37,79,0,28,0
chr2:112031908-112032084,30,0,0,12,26,11,13,0
chr2:112033178-112033489,0,12,49,16,0,13,0,0
chr2:112198201-112199800,16,0,0,102,10,0,0,44
chr2:112362002-112363399,25,70,0,73,103,0,31,52
chr2:112679401-112680000,0,0,0,11,0,29,6,14
chr2:112695802-112704000,0,80,91,13,0,0,16,11
chr2:113304602-113306999,68,23,0,87,0,28,27,31
chr2:113309202-113311999,87,0,72,123,134,332,182,109
chr2:113567162-113568600,518,94,106,584,511,415,263,219
chr2:113570001-113572600,687,573,689,2019,1348,437,788,415
chr2:113583981-113584129,26,24,25,36,63,12,17,29
chr2:113760202-113761199,2,0,12,9,317,0,15,76
chr2:113761402-113763199,5,0,0,4,323,0,65,182
chr2:113806201-113807026,0,0,0,6,111,0,29,134
chr2:113826201-113827600,23,0,0,11,15,0,0,28
chr2:113886523-113886787,0,0,0,30,52,0,21,6
chr2:113968601-113968800,0,5,0,40,0,17,13,0
chr2:118112002-118114599,166,131,139,233,139,41,112,128
chr2:118115201-118116001,0,0,0,12,20,0,48,22
chr2:118116201-118116400,0,0,25,14,10,0,12,0
chr2:118120429-118120806,0,29,0,30,2,41,53,16
chr2:118312971-118314399,23,0,0,25,1,0,7,22
chr2:118549000-118549201,0,0,0,14,14,13,3,0
chr2:118851840-118852345,20,0,0,16,88,0,61,55
chr2:118860498-118862200,17,0,0,5,0,30,0,32
chr2:119275602-119277199,45,26,50,109,54,76,185,81
chr2:119282461-119283426,424,325,259,311,538,166,256,180
chr2:119283840-119284405,210,113,38,233,176,90,114,94
chr2:119290799-119291799,266,55,55,278,186,144,155,88
chr2:119294401-119294600,0,35,0,48,30,68,7,61
chr2:119376602-119378599,8,65,0,0,21,0,0,23
chr2:119421801-119422000,8,0,0,16,20,0,10,17
chr2:119423001-119423400,0,0,0,12,20,0,4,11
chr2:119704696-119705800,0,0,0,51,12,0,36,61
chr2:119717801-119718000,8,0,0,14,20,0,0,6
chr2:119718202-119718999,22,0,0,52,13,17,24,2
chr2:119723401-119724400,52,0,111,62,46,87,62,100
chr2:119730201-119731201,64,75,209,52,75,71,185,97
chr2:119731801-119732400,0,12,1,12,51,0,83,21
chr2:119745801-119748400,139,0,0,37,24,0,8,0
chr2:119753268-119754800,22,37,85,71,122,81,14,153
chr2:120298200-120298401,44,60,0,26,10,41,21,9
chr2:120326801-120329800,246,142,128,114,370,279,503,156
chr2:120336601-120342800,55,121,92,104,229,184,256,675
chr2:120472801-120474327,0,0,28,12,0,0,15,22
chr2:120525001-120528599,21,0,113,0,39,28,0,41
chr2:120546119-120546579,79,24,9,12,55,270,127,176
chr2:120568001-120569200,23,117,55,0,19,0,16,43
chr2:120593202-120600000,10,122,100,23,214,94,91,9
chr2:120603277-120606600,44,92,61,36,164,0,247,9
chr2:121334601-121336400,21,38,0,71,0,0,0,20
chr2:121771601-121773800,0,75,44,134,0,0,29,9
chr2:126655169-126655457,0,24,13,0,14,0,15,5
chr2:126698602-126701992,167,199,283,48,116,241,66,34
chr2:126704201-126705200,0,52,70,12,0,0,0,21
chr2:126719201-126721400,23,0,0,0,12,21,22,0
chr2:126721801-126723601,43,0,0,9,9,24,0,0
chr2:127896401-127902199,112,75,355,103,222,57,72,143
chr2:128319886-128320124,5,0,0,3,0,0,7,14
chr2:128487602-128492799,124,0,0,79,0,30,64,22
chr2:128501002-128506999,26,29,0,0,16,59,0,8
chr2:129962202-129962845,13,0,0,0,21,0,7,11
chr2:130349417-130349678,21,42,14,11,12,0,71,0
chr2:130349801-130350600,87,154,13,194,92,237,176,97
chr2:130355139-130355392,22,91,63,49,122,96,93,88
chr2:130384602-130388600,352,176,252,338,439,87,467,360
chr2:130391660-130392105,22,0,0,35,18,44,15,0
chr2:130396401-130397000,43,0,0,12,0,29,64,0
chr2:130719801-130720600,19,13,0,0,9,0,0,10
chr2:130798022-130798247,0,23,0,16,0,0,12,29
chr2:130819202-130821199,116,0,0,48,41,67,20,87
chr2:131099202-131101400,0,0,8,5,21,21,0,0
chr2:132366401-132367600,68,0,28,57,62,0,23,61
chr2:132382801-132386400,10,0,0,3,0,14,0,10
chr2:133949801-133952200,0,0,26,30,19,0,0,55
chr2:133954000-133954400,8,3,0,18,64,0,7,9
chr2:133986402-133987399,161,31,92,134,193,59,43,17
chr2:134018801-134019400,45,0,0,26,20,0,18,27
chr2:134020002-134022506,41,0,0,103,41,0,44,0
chr2:135889601-135894999,32,70,130,45,22,64,72,23
chr2:135904202-135905200,22,0,0,72,23,0,28,2
chr2:138071002-138073199,295,68,114,327,340,208,175,159
chr2:138085002-138088599,0,23,0,60,39,0,29,0
chr2:138122144-138126199,0,0,0,24,16,32,0,35
chr2:138151855-138152231,9,0,0,12,16,14,36,0
chr2:138212601-138212800,43,4,17,29,31,17,13,21
chr2:138271001-138272200,0,0,51,13,0,26,4,0
chr2:138272401-138273000,42,107,42,112,76,131,78,103
chr2:138291601-138292001,5,0,26,14,10,0,77,11
chr2:138596400-138597000,16,49,27,0,13,0,45,40
chr2:144354602-144360199,0,64,0,42,38,55,11,24
chr2:144631801-144633799,0,26,0,47,41,0,76,75
chr2:144644801-144647400,0,0,0,13,64,0,13,67
chr2:144651001-144651400,0,0,0,11,19,0,15,19
chr2:146539402-146542599,19,0,59,18,17,0,0,0
chr2:148518401-148519800,35,0,0,99,0,16,15,22
chr2:148520802-148531599,161,194,60,292,207,128,190,235
chr2:148533401-148535800,21,0,0,0,0,90,14,20
chr2:149566800-149567001,46,41,35,50,0,48,33,29
chr2:149567801-149568600,114,420,261,251,199,357,352,233
chr2:151295802-151299200,20,0,25,20,41,60,161,310
chr2:151303601-151307200,0,0,0,24,14,0,11,67
chr2:151324801-151327600,71,41,5,23,42,0,8,32
chr2:151754401-151754600,0,0,14,13,10,7,25,22
chr2:151756401-151757400,37,49,0,44,0,0,55,0
chr2:151763002-151772999,283,98,0,651,205,118,589,188
chr2:151774002-151776599,147,25,43,235,128,241,255,162
chr2:151781001-151782601,184,26,23,242,160,0,268,160
chr2:151783000-151783400,47,37,0,70,26,150,61,0
chr2:151786002-151786999,71,45,0,190,41,53,246,128
chr2:152113801-152114999,0,0,4,25,4,59,16,10
chr2:155689802-155697599,23,0,57,13,0,0,48,22
chr2:156004601-156005000,13,0,0,42,48,0,71,2
chr2:156346401-156347200,10,0,0,8,0,0,23,27
chr2:156431137-156431421,56,0,0,9,16,0,0,23
chr2:157052402-157054399,0,13,0,11,95,0,0,66
chr2:157329001-157329800,96,158,115,0,38,0,61,55
chr2:157331828-157332059,0,9,6,0,17,0,0,3
chr2:157340001-157340601,0,24,81,0,42,0,0,106
chr2:157345725-157346599,22,24,0,0,20,0,0,10
chr2:157363002-157364999,0,26,81,0,21,0,43,20
chr2:157409133-157409565,0,30,47,31,20,30,25,0
chr2:157523001-157523400,0,16,0,0,20,0,32,7
chr2:157691802-157693799,38,26,0,13,0,0,39,0
chr2:159633801-159638600,93,15,53,203,32,171,64,69
chr2:159927001-159927200,84,28,11,40,68,1,55,25
chr2:161062802-161064400,0,26,56,10,0,243,0,0
chr2:162256202-162262600,0,52,0,10,61,0,46,18
chr2:164626000-164626400,3,12,284,8,41,0,0,44
chr2:164638201-164638800,0,48,53,87,0,0,23,0
chr2:164651001-164652000,390,803,1591,460,160,195,110,75
chr2:165846801-165847200,74,54,14,94,143,96,69,23
chr2:168253001-168254000,0,24,11,0,41,0,2,0
chr2:168424201-168425800,83,222,0,39,15,136,81,146
chr2:168426201-168426600,0,87,0,25,20,0,29,5
chr2:168427202-168427999,0,74,71,81,136,45,142,16
chr2:168428201-168428400,20,36,19,6,35,30,68,41
chr2:169104686-169105014,0,77,0,0,50,29,0,11
chr2:169778001-169779800,0,32,207,50,7,28,14,13
chr2:170088401-170089400,53,49,0,115,17,29,30,17
chr2:170968401-170968800,0,31,0,13,0,0,31,27
chr2:170969202-170970599,0,36,28,46,21,0,18,28
chr2:170983601-170984600,16,0,38,14,13,0,38,59
chr2:171244001-171250400,133,125,213,162,210,126,52,167
chr2:171259401-171263200,0,99,14,70,36,30,27,0
chr2:171267801-171268800,0,0,85,32,20,3,23,50
chr2:171271202-171272930,0,56,48,13,83,0,32,92
chr2:171762602-171764068,37,239,111,263,68,0,126,61
chr2:171781438-171781838,173,477,578,605,627,284,662,814
chr2:172415602-172417199,23,0,2,51,0,25,16,88
chr2:172613200-172613401,86,191,199,42,26,48,84,24
chr2:173970000-173973400,137,49,25,57,209,201,112,158
chr2:173978001-173979200,0,0,0,15,23,0,69,22
chr2:173982202-173984399,160,0,44,72,129,60,268,181
chr2:173984802-173987800,107,49,111,60,123,0,124,235
chr2:173989261-173992999,111,18,55,189,87,59,243,190
chr2:174047401-174048999,100,2,29,24,63,31,66,44
chr2:174057202-174060599,30,49,81,37,0,0,0,0
chr2:174061602-174064199,0,59,28,26,0,25,0,0
chr2:174521202-174526799,92,27,0,23,107,55,46,24
chr2:175061401-175063671,111,204,96,76,40,89,183,42
chr2:176824402-176827600,23,99,59,73,92,152,69,88
chr2:179351801-179353600,56,0,0,60,54,0,22,0
chr2:179884001-179884600,45,37,28,5,0,0,13,22
chr2:179910001-179911400,6,73,49,95,36,0,14,0
chr2:180537801-180541200,0,11,0,25,13,0,123,64
chr2:182906263-182906424,14,23,0,15,1,0,0,20
chr2:182906602-182907800,41,92,169,264,115,0,234,50
chr2:183170601-183171200,8,0,45,93,0,0,26,0
chr2:183529002-183530800,18,0,0,27,56,89,46,20
chr2:183532201-183533799,64,0,0,0,0,91,31,23
chr2:183536401-183536800,39,0,0,17,13,0,21,5
chr2:185970262-185971000,0,49,54,39,39,14,31,23
chr2:185978924-185980251,41,13,0,173,20,26,63,19
chr2:186009201-186010000,22,24,0,98,61,0,0,0
chr2:186426401-186427200,56,24,28,38,91,0,24,17
chr2:186440401-186441200,22,0,28,57,20,0,0,0
chr2:186515201-186515800,123,217,238,289,249,162,327,283
chr2:186516001-186516200,168,92,92,71,37,76,85,65
chr2:186518801-186519600,239,240,219,169,462,93,231,158
chr2:186532601-186534201,191,227,282,285,120,237,212,137
chr2:186538801-186539000,0,0,0,5,27,15,15,0
chr2:186554202-186555999,0,0,53,45,19,60,31,0
chr2:186561401-186562001,19,24,0,25,0,0,15,0
chr2:186574601-186577400,0,0,20,125,15,0,46,0
chr2:187574801-187577799,58,49,0,25,37,0,27,0
chr2:189013801-189015999,16,0,0,14,21,30,15,22
chr2:189025291-189025600,27,0,0,37,0,0,10,19
chr2:189296202-189306599,31,0,77,105,0,20,10,30
chr2:189407618-189407948,20,0,0,16,10,0,7,22
chr2:189511601-189518600,0,22,0,302,96,180,14,0
chr2:189551801-189556799,0,0,0,38,54,0,15,21
chr2:189768001-189768400,228,82,130,143,269,370,307,173
chr2:190404001-190405600,14,49,0,9,0,0,0,23
chr2:190570401-190571200,45,99,0,161,36,64,28,0
chr2:190571574-190572599,61,0,11,99,0,0,5,0
chr2:190573002-190574599,0,0,29,270,21,66,31,13
chr2:190574801-190576200,0,0,0,133,19,0,27,30
chr2:190582602-190584200,33,0,0,83,43,76,273,44
chr2:190596802-190597257,7,0,0,19,0,0,44,25
chr2:190598402-190600599,82,0,57,167,0,56,179,54
chr2:190846401-190848599,95,100,126,120,21,30,34,19
chr2:190849201-190850912,38,2,0,60,21,0,0,0
chr2:190853601-190854799,105,25,120,76,77,0,63,0
chr2:190857402-190865000,124,161,112,347,83,0,15,99
chr2:190870202-190871999,145,0,240,153,83,28,93,65
chr2:191158001-191158799,107,0,0,191,98,147,174,90
chr2:191166332-191166714,133,0,0,43,89,198,128,14
chr2:191169529-191169739,3,6,0,21,18,5,15,0
chr2:191176802-191179799,295,68,0,230,164,59,310,217
chr2:191180202-191181400,68,25,0,61,21,45,29,20
chr2:191191601-191195400,22,0,0,106,104,240,62,44
chr2:191201602-191203600,41,0,0,50,0,23,22,0
chr2:191206201-191207999,43,0,0,33,19,60,14,10
chr2:191215601-191216200,11,0,0,12,0,23,0,66
chr2:191217202-191220599,147,49,0,37,0,0,112,0
chr2:191222002-191223199,8,37,28,29,42,0,12,114
chr2:191225001-191225800,9,0,28,12,8,0,0,0
chr2:191226001-191226800,16,24,14,0,20,0,2,5
chr2:191500002-191501910,17,0,0,0,10,0,15,11
chr2:191515467-191516800,0,0,0,16,10,0,31,11
chr2:191616601-191627399,0,17,60,36,29,0,11,0
chr2:191830202-191832799,0,8,0,24,0,0,16,22
chr2:197477602-197479799,55,125,0,156,54,0,72,67
chr2:197482402-197483400,0,45,0,114,0,29,31,11
chr2:197483601-197485400,107,85,146,112,41,21,100,128
chr2:197555602-197557200,0,261,0,85,98,0,117,0
chr2:197557401-197557800,20,0,0,32,0,0,71,22
chr2:200026202-200027239,17,0,0,9,21,0,16,0
chr2:200041801-200043400,0,13,20,0,26,0,4,0
chr2:200130001-200131401,0,13,0,0,3,2,18,2
chr2:200483201-200484201,139,758,278,531,299,382,376,311
chr2:200485000-200485600,183,461,292,343,182,275,572,207
chr2:200486201-200487200,222,416,352,360,182,178,361,94
chr2:201099401-201099800,0,0,0,40,13,45,24,0
chr2:201113860-201113998,29,11,0,38,54,30,13,52
chr2:201179801-201180600,25,49,0,77,7,22,0,0
chr2:201363801-201364349,3,0,0,16,0,13,9,4
chr2:201483600-201483800,57,1,0,50,36,0,0,37
chr2:202018802-202020799,11,0,51,50,21,0,0,66
chr2:202313601-202314600,17,24,0,59,0,0,28,0
chr2:202316202-202318599,21,39,0,271,138,61,146,0
chr2:202327602-202328599,20,34,27,113,23,23,12,0
chr2:202343801-202344600,0,24,0,88,0,28,33,0
chr2:202360601-202362400,303,114,220,281,200,213,283,303
chr2:202366778-202367022,30,0,36,6,16,0,0,11
chr2:202373001-202373200,15,5,15,24,35,16,11,31
chr2:202623602-202625999,7,0,0,14,9,0,7,0
chr2:202626201-202630200,0,26,29,13,82,15,16,0
chr2:203309601-203310199,116,117,21,156,138,19,140,96
chr2:203741043-203741328,75,6,94,0,39,0,9,70
chr2:203746002-203749399,91,0,0,23,102,0,49,123
chr2:203750401-203751000,58,0,0,16,46,0,0,6
chr2:203751201-203752600,81,0,2,0,96,91,0,44
chr2:203758602-203761800,191,0,71,0,21,0,16,23
chr2:203986802-203995399,38,0,31,0,0,0,17,24
chr2:204320802-204326199,0,17,0,31,0,0,16,15
chr2:205985601-205986799,0,74,0,6,41,23,0,0
chr2:206092001-206092800,22,0,0,80,83,90,15,6
chr2:206105602-206106999,73,0,0,111,42,0,43,22
chr2:206937401-206937800,80,58,28,12,66,174,63,45
chr2:206970001-206970200,29,27,3,33,10,20,34,28
chr2:206970601-206972600,110,0,0,76,49,59,76,69
chr2:207675802-207678799,17,0,27,0,28,0,6,283
chr2:207784602-207788000,20,0,25,17,0,26,45,0
chr2:207805401-207806600,23,0,0,13,18,0,16,22
chr2:213229801-213230399,0,24,0,12,0,181,12,0
chr2:215351511-215351759,13,17,152,34,66,85,51,9
chr2:215355783-215356166,0,0,0,23,50,12,7,104
chr2:215357910-215358286,45,24,13,0,10,0,8,40
chr2:215358540-215358581,17,0,0,0,9,0,14,21
chr2:215898201-215905799,0,24,0,0,41,30,0,22
chr2:215913807-215921199,77,0,54,0,40,0,30,0
chr2:216214801-216215000,78,44,56,128,74,59,132,14
chr2:216242062-216243200,22,11,0,0,0,0,24,21
chr2:216582802-216585000,55,35,106,132,111,30,131,44
chr2:217074401-217076599,23,0,0,50,21,91,15,0
chr2:217086021-217086148,21,0,0,6,19,0,0,11
chr2:217228601-217229001,20,49,28,31,31,34,31,33
chr2:217231001-217232000,83,86,24,126,41,95,30,188
chr2:217247401-217250999,69,41,0,51,0,14,0,15
chr2:217256060-217256885,67,115,0,43,0,0,7,15
chr2:217258401-217258600,7,0,7,4,26,0,7,11
chr2:217779401-217779600,19,37,0,35,38,0,64,11
chr2:217785353-217786000,282,43,14,220,55,58,63,0
chr2:218140001-218143600,0,0,26,6,0,14,0,83
chr2:218145001-218158199,19,0,24,11,18,0,13,19
chr2:218191401-218194000,15,0,14,8,0,0,0,3
chr2:218605201-218606199,22,0,55,38,63,0,33,21
chr2:218762001-218763000,22,83,98,160,104,0,207,206
chr2:218763602-218765000,18,48,98,110,44,24,57,117
chr2:218775601-218777200,0,112,29,106,30,0,61,44
chr2:218820391-218820751,1,66,0,43,0,30,56,37
chr2:219362001-219363600,454,614,626,341,98,155,597,334
chr2:221576201-221576800,0,0,87,8,10,71,0,0
chr2:221580801-221581400,41,12,0,12,0,0,15,0
chr2:222353949-222354400,25,0,0,0,21,0,23,95
chr2:222662801-222665000,0,0,28,13,21,0,0,19
chr2:222710899-222711053,63,42,41,25,13,0,23,97
chr2:222714001-222715400,893,98,207,453,1785,853,750,2808
chr2:222715602-222716400,5,0,0,14,104,39,18,121
chr2:222730001-222732000,20,75,0,43,16,0,0,66
chr2:222732801-222735400,97,97,53,65,114,108,78,64
chr2:222745802-222748399,42,42,0,13,99,0,40,120
chr2:222750601-222751800,0,64,0,11,19,33,0,66
chr2:222752002-222754399,17,82,0,12,59,0,4,0
chr2:222776601-222777600,0,0,0,5,94,55,49,116
chr2:222778406-222778537,11,0,0,0,11,26,0,29
chr2:223046201-223048599,0,0,0,52,65,61,94,20
chr2:223459201-223470399,0,0,0,28,92,0,34,48
chr2:223536402-223539799,45,16,0,11,0,87,0,74
chr2:223947402-223953399,44,39,89,142,90,23,161,296
chr2:223969001-223971000,5,0,0,11,0,150,53,0
chr2:225739202-225740532,0,0,22,3,0,0,9,9
chr2:226190202-226191450,41,0,34,0,8,0,38,10
chr2:226720802-226722799,62,19,55,25,0,0,43,23
chr2:226723202-226727400,81,48,54,39,74,0,104,0
chr2:227000200-227000401,24,19,0,82,0,55,61,27
chr2:227428601-227429439,0,0,14,12,83,0,0,21
chr2:227434802-227439799,59,0,27,4,82,0,41,108
chr2:227442402-227443400,7,0,0,12,20,0,26,66
chr2:227447001-227458000,328,323,142,195,452,195,648,814
chr2:227462464-227462866,8,0,0,0,25,0,25,26
chr2:227568601-227569000,62,180,121,62,38,117,188,113
chr2:227570801-227571000,18,105,84,29,0,0,15,44
chr2:227671402-227672799,27,169,57,0,0,0,4,54
chr2:228363682-228364400,10,0,28,25,47,24,0,21
chr2:230018001-230018201,25,50,32,9,0,0,0,11
chr2:230405401-230407200,1339,746,384,896,2181,395,2161,3754
chr2:231174217-231174430,0,0,28,9,0,0,13,10
chr2:231383202-231384399,44,25,0,161,93,0,61,113
chr2:231386329-231387200,110,49,0,61,26,63,82,68
chr2:231517401-231517988,41,70,56,0,83,43,134,22
chr2:231576002-231577999,68,26,55,48,35,0,49,46
chr2:231604180-231605417,77,46,13,117,64,29,137,122
chr2:231605571-231605766,0,0,0,21,18,24,0,33
chr2:231613447-231615107,22,0,0,61,31,88,61,16
chr2:231627201-231630000,20,13,0,33,53,0,60,44
chr2:231632401-231635399,71,34,27,0,0,59,34,61
chr2:231666142-231666951,9,0,0,13,11,0,15,35
chr2:231692002-231696800,279,0,0,227,131,28,59,174
chr2:231701201-231702800,38,0,35,92,15,47,64,106
chr2:231716117-231716346,0,11,0,3,0,0,5,22
chr2:231720601-231722199,126,0,0,77,63,0,122,53
chr2:234477402-234479800,175,66,57,52,151,0,14,87
chr2:235218800-235219401,22,0,0,6,20,0,0,64
chr2:235235601-235237000,10,0,0,61,21,0,149,0
chr2:235244362-235245289,8,0,0,0,10,29,13,0
chr2:236307002-236308399,68,61,28,131,57,0,15,0
chr2:236684201-236685600,64,0,28,18,21,30,57,22
chr2:236732083-236732410,11,0,0,0,54,0,27,9
chr2:236767401-236771600,56,0,31,14,0,0,43,97
chr2:236775801-236778199,96,0,0,20,144,0,86,59
chr2:236782401-236784000,0,20,0,12,21,0,34,27
chr2:236784801-236785800,0,24,0,10,20,0,31,21
chr2:236793202-236795199,104,0,55,424,134,59,10110,1401
chr2:236832801-236835000,0,50,0,1798,63,0,0,25
chr2:236835601-236836800,44,49,0,1407,93,111,12,83
chr2:236842602-236844000,0,25,0,687,21,0,0,117
chr2:236856001-236858800,4,214,0,1246,38,0,0,130
chr2:236859801-236860400,0,24,0,323,27,20,14,0
chr2:237141401-237142001,22,57,56,84,93,122,15,75
chr2:237143401-237143600,24,0,13,44,35,0,21,51
chr2:237143738-237144047,44,0,79,71,76,25,35,76
chr2:237144758-237144940,17,24,26,6,22,19,12,16
chr2:237149201-237149401,11,9,0,11,3,0,15,1
chr2:237156465-237156786,22,5,17,8,56,78,21,100
chr2:237157432-237157941,35,81,87,20,100,0,30,27
chr2:237159001-237162200,0,156,47,151,74,19,19,144
chr2:237165600-237165800,0,19,0,17,13,0,20,0
chr2:237166401-237166800,0,0,23,13,20,15,0,0
chr2:237171458-237171759,22,57,0,12,20,29,49,20
chr2:237177202-237179200,173,522,522,233,216,201,115,406
chr2:237181601-237182882,32,83,4,67,142,149,14,22
chr2:237183401-237183600,46,0,31,0,19,15,0,11
chr2:237183802-237185999,42,279,28,119,340,134,52,60
chr2:237190601-237192400,16,47,0,54,41,60,14,0
chr2:237194402-237200600,18,172,103,178,85,61,25,63
chr2:237204402-237206399,23,26,37,11,123,0,18,17
chr2:237206801-237214711,413,452,220,267,651,203,302,540
chr2:237217802-237219599,37,41,26,36,41,0,0,78
chr2:237220801-237224400,53,94,46,33,237,42,93,167
chr2:237227002-237228800,13,0,66,71,69,24,98,54
chr2:237231201-237231601,0,12,28,19,0,0,0,44
chr2:237233801-237236599,87,86,197,85,188,149,110,235
chr2:237241949-237242554,16,0,0,12,11,0,2,0
chr2:237244401-237246000,121,49,0,40,177,0,365,27
chr2:237254452-237254829,4,0,33,0,7,0,11,11
chr2:237269201-237271000,965,123,220,341,723,171,931,180
chr2:237276802-237284399,351,24,42,250,83,30,495,308
chr2:237290409-237290599,0,48,0,13,0,12,0,11
chr2:237291482-237291693,0,47,14,0,3,6,0,27
chr2:237293814-237295400,71,7,29,25,50,72,45,20
chr2:237295801-237301599,34,142,0,73,87,34,78,109
chr2:237308801-237311200,0,23,0,26,19,28,9,13
chr2:237313401-237318800,0,149,0,95,44,21,11,109
chr2:237447602-237453799,148,70,138,262,119,159,12,135
chr2:237558602-237559800,34,197,244,78,0,180,9,62
chr2:237917252-237917800,0,13,11,19,6,0,0,0
chr2:237918801-237920200,33,25,0,55,0,33,39,22
chr2:238458049-238459999,46,38,0,188,34,0,0,65
chr2:238492402-238494999,170,0,0,125,0,61,0,22
chr2:238508975-238509378,11,12,0,39,24,0,2,28
chr2:238846806-238847266,394,550,516,209,356,315,150,533
chr2:238928802-238930799,14,16,0,47,21,59,0,11
chr2:239008401-239009799,41,0,0,99,124,0,47,50
chr2:239025001-239026400,0,0,0,18,9,22,0,54
chr2:239046801-239047200,0,0,39,0,12,0,29,4
chr2:239828202-239834000,199,66,258,245,740,0,102,783
chr2:240383801-240385001,21,137,182,15,21,221,45,22
chr2:240385487-240386200,22,138,166,19,0,94,0,13
chr2:240396601-240398200,0,26,29,13,21,0,0,44
chr2:240399002-240401200,19,68,0,0,0,0,47,22
chr2:240426402-240428073,734,360,784,321,348,1486,1850,446
chr2:240434093-240434505,67,87,14,16,18,105,134,36
chr2:240469401-240469800,71,0,0,15,127,26,181,128
chr2:240470801-240471600,129,0,0,40,146,90,224,1
chr2:240473287-240474400,126,25,0,76,255,85,238,55
chr2:240635001-240636400,2,2,2,0,0,13,1,4
chr2:241514800-241515801,34,49,0,95,10,15,60,33
chr2:241859771-241860423,6,310,357,17,215,120,27,288
chr2:241863497-241863832,104,311,715,35,546,109,125,404
chr2:241865890-241867103,0,11,13,0,20,0,26,17
chr2:241868714-241869096,0,17,0,0,48,0,7,3
chr2:241875469-241876399,15,24,13,0,0,0,0,33
chr1:1208148-1208818,15,0,0,11,0,0,47,21
chr1:1237921-1238356,0,0,14,12,18,0,0,21
chr1:1407974-1408388,189,289,203,216,55,273,300,345
chr1:1415601-1416200,11,61,5,0,39,24,15,0
chr1:1611328-1611593,6,0,0,18,20,0,7,49
chr1:1696602-1697999,292,11,0,44,40,30,151,164
chr1:1782581-1783506,0,0,25,51,62,36,0,25
chr1:1908439-1908739,0,25,0,6,0,5,0,18
chr1:1908917-1909396,71,0,16,0,55,0,0,9
chr1:2506202-2507199,277,275,9,265,250,233,274,478
chr1:2572401-2572800,35,0,0,12,11,0,28,0
chr1:2576627-2577055,7,7,33,15,38,84,37,26
chr1:2578263-2578759,43,0,0,31,23,0,11,3
chr1:4930802-4931848,0,0,44,3,21,0,13,0
chr1:6397801-6398400,39,17,0,63,0,58,6,34
chr1:6401201-6402600,10,0,0,5,0,0,5,10
chr1:7988401-7989200,0,0,0,25,20,0,19,22
chr1:8126402-8128400,41,22,55,221,49,47,60,110
chr1:8141401-8142399,10,0,0,12,10,0,0,21
chr1:8144202-8146399,0,0,0,26,0,82,15,28
chr1:8257402-8260400,0,9,0,12,32,0,0,4
chr1:8294601-8294800,0,0,0,6,10,134,7,0
chr1:8854600-8855001,11,24,8,12,0,0,7,11
chr1:9142001-9146600,13,15,0,0,6,0,0,6
chr1:9275624-9275871,26,0,28,27,0,22,39,12
chr1:9380401-9380800,31,0,28,26,18,0,0,0
chr1:9382802-9386799,0,98,155,101,21,55,33,63
chr1:9388202-9389208,22,72,330,71,38,0,90,43
chr1:9444162-9444446,0,11,0,25,44,30,27,0
chr1:9446801-9447600,53,40,0,137,92,58,170,34
chr1:9452000-9454600,58,0,57,145,82,128,78,0
chr1:9455401-9456399,31,0,44,103,43,41,73,0
chr1:9615402-9616200,41,24,118,20,25,0,0,22
chr1:9825309-9825637,29,5,0,10,0,0,6,0
chr1:9995201-9996000,0,35,19,48,5,0,15,22
chr1:10021602-10025199,69,76,26,27,34,14,74,36
chr1:10026002-10028599,34,97,154,136,32,10,59,45
chr1:11267202-11268399,23,23,13,11,8,0,7,0
chr1:11298802-11299800,99,332,151,84,160,120,230,209
chr1:11383001-11385399,21,23,0,50,19,0,0,0
chr1:11850602-11852599,0,0,63,18,0,0,16,11
chr1:11929942-11930272,22,0,0,12,0,16,0,18
chr1:12215801-12216200,0,0,2,13,32,0,13,0
chr1:12217601-12219600,23,26,25,10,93,0,39,0
chr1:12518602-12520199,250,112,0,90,157,88,362,290
chr1:12524801-12527199,121,47,84,56,115,0,268,97
chr1:12529410-12529721,39,59,0,65,80,125,65,134
chr1:12537801-12538000,35,23,36,0,72,45,26,0
chr1:12538401-12539000,76,33,27,25,174,22,172,138
chr1:12539911-12540157,0,24,0,2,20,28,30,26
chr1:12544401-12545400,22,44,0,0,0,73,26,0
chr1:12555002-12558000,13,39,0,0,41,59,43,26
chr1:12565801-12566407,0,0,0,32,12,0,48,20
chr1:12626801-12627600,43,18,0,31,60,0,90,148
chr1:13642202-13644000,53,0,23,44,51,28,0,78
chr1:13661602-13666773,15,25,0,0,120,0,16,97
chr1:13825601-13827200,45,26,0,93,21,0,33,51
chr1:13848201-13848800,0,19,0,9,15,0,0,21
chr1:15435565-15435772,0,15,130,25,29,9,10,11
chr1:15453802-15456202,10,23,0,38,13,142,24,0
chr1:15673601-15677800,56,315,132,216,51,49,43,140
chr1:15680788-15681084,11,36,25,26,0,33,7,6
chr1:15814601-15816399,16,0,0,53,32,89,57,41
chr1:15816601-15816801,15,0,17,30,0,0,26,11
chr1:15829889-15830041,0,5,0,13,13,13,1,0
chr1:15831914-15832265,14,33,0,74,27,28,39,17
chr1:16162526-16162712,14,12,30,18,0,11,35,0
chr1:16180202-16185399,302,314,347,316,278,185,209,324
chr1:16505912-16507200,0,25,0,38,14,0,0,16
chr1:16508001-16509600,16,44,0,25,41,0,16,23
chr1:16536949-16538200,0,0,0,111,41,0,103,90
chr1:16671295-16672087,90,0,0,37,0,89,0,191
chr1:17487800-17488400,0,11,0,4,0,0,14,20
chr1:19295997-19296251,251,243,184,245,203,263,193,168
chr1:19336800-19337001,7,25,28,72,6,0,56,13
chr1:20355802-20359999,112,0,0,10,17,0,0,24
chr1:20626601-20627600,0,99,0,2,20,7,0,0
chr1:20738201-20738400,34,117,69,15,23,0,56,14
chr1:21181601-21185600,41,26,29,33,60,63,115,40
chr1:21187840-21187971,9,0,0,6,8,0,15,3
chr1:21189202-21191600,21,0,0,30,102,38,27,0
chr1:21349802-21350800,22,102,55,0,0,59,56,0
chr1:21970202-21976399,0,0,0,10,25,12,6,0
chr1:22108001-22109200,0,72,55,149,0,0,11,0
chr1:22111201-22112600,0,75,49,146,57,0,99,0
chr1:22112801-22116000,90,135,178,330,21,209,278,74
chr1:22538001-22538800,0,16,115,0,19,0,12,22
chr1:22539001-22540800,0,38,43,24,0,0,14,23
chr1:23356401-23357999,1524,1650,3055,1224,1997,1512,6674,2970
chr1:23374945-23375281,10,19,0,17,18,0,15,26
chr1:23505001-23505600,113,0,75,0,34,29,61,0
chr1:23554689-23555352,10,0,0,6,0,43,13,0
chr1:23562231-23562712,0,0,0,6,12,63,4,11
chr1:24014001-24023999,14,16,55,16,68,19,10,145
chr1:24117401-24118401,8,0,27,12,0,0,14,0
chr1:24474602-24476599,304,832,552,977,825,569,1143,577
chr1:24673801-24674200,33,20,33,6,0,0,7,0
chr1:24678342-24679020,15,231,42,20,0,90,23,71
chr1:24682602-24684600,23,49,29,0,0,23,14,20
chr1:25216001-25217400,23,25,2,7,0,0,0,6
chr1:25577201-25577600,92,49,8,104,10,0,12,0
chr1:25609601-25611199,98,91,29,68,208,22,16,37
chr1:25794400-25794601,0,7,0,17,0,0,19,34
chr1:25796959-25797333,2,40,0,6,0,0,13,10
chr1:25958201-25959000,57,54,0,12,38,0,82,0
chr1:26480401-26481636,22,24,18,283,20,83,0,48
chr1:26483201-26484200,22,0,0,135,0,29,14,21
chr1:26496801-26497400,0,33,0,2,0,0,54,21
chr1:26500741-26501457,32,23,0,6,15,51,19,31
chr1:26576801-26586400,14,94,0,24,26,19,0,27
chr1:26619770-26621864,159,167,139,163,80,62,97,176
chr1:26786192-26786426,0,17,0,7,0,0,15,56
chr1:26805001-26806000,44,0,0,35,20,0,11,0
chr1:26858248-26858481,0,70,28,0,0,0,20,40
chr1:26858966-26859229,0,28,50,37,0,0,28,43
chr1:27017001-27019000,38,26,55,13,16,118,14,0
chr1:27021202-27022261,45,0,0,35,11,29,0,0
chr1:27035201-27037000,37,0,0,4,0,60,9,10
chr1:27062801-27063000,8,12,0,18,0,15,25,81
chr1:27522214-27522776,0,6,107,12,27,0,0,0
chr1:27636889-27637463,45,0,0,8,2,0,74,39
chr1:27863057-27863822,0,0,0,0,11,6,7,11
chr1:28313001-28317799,0,0,17,4,0,0,14,27
chr1:28367995-28368567,20,0,13,4,28,0,0,0
chr1:28775032-28775462,0,24,0,7,10,0,11,0
chr1:29124553-29124964,50,24,116,45,66,11,49,47
chr1:29135001-29135200,0,1,20,28,12,63,11,37
chr1:29136401-29137001,98,110,15,74,82,105,4,61
chr1:29186001-29187399,135,0,0,136,86,60,207,249
chr1:29682401-29683600,21,21,42,71,0,0,104,76
chr1:29685601-29685800,0,12,8,29,0,23,19,11
chr1:29686601-29686800,0,10,73,45,24,48,108,35
chr1:29687602-29689599,250,355,659,671,137,668,992,304
chr1:31099201-31104599,24,0,0,9,0,0,5,7
chr1:31154719-31155112,4,3,0,0,0,10,6,0
chr1:31399401-31401600,0,10,16,13,21,0,15,0
chr1:31593402-31595199,10,164,20,71,2,0,0,0
chr1:31595402-31598399,22,181,111,116,20,29,58,21
chr1:31605402-31607199,0,44,26,36,17,0,11,41
chr1:31609202-31612399,66,443,65,121,83,0,43,55
chr1:31613202-31615999,0,292,57,142,122,49,176,44
chr1:31616601-31616800,0,6,0,25,0,0,15,11
chr1:31780401-31786199,26,0,0,63,39,0,60,25
chr1:32008307-32009504,23,0,28,0,21,0,27,0
chr1:32706601-32707000,89,0,21,15,11,0,27,0
chr1:32729602-32731999,32,11,0,6,16,0,12,0
chr1:32735801-32738200,0,31,0,0,3,0,4,3
chr1:32875602-32878999,30,11,0,66,32,53,42,4
chr1:32881402-32883067,19,10,12,39,96,16,43,26
chr1:32981215-32981881,22,0,0,23,0,89,15,0
chr1:32984511-32984882,13,44,22,17,15,0,7,36
chr1:32984998-32985236,0,43,0,8,2,0,7,0
chr1:33130002-33131399,93,25,0,392,30,30,141,44
chr1:33132001-33132200,2,0,0,40,0,45,48,0
chr1:33133801-33134000,6,0,0,26,0,22,7,0
chr1:33501001-33501600,291,281,224,421,298,231,698,261
chr1:34968601-34969200,0,0,27,23,12,0,0,74
chr1:34970802-34971399,0,0,13,58,98,0,15,18
chr1:34972001-34972600,539,415,231,391,699,318,353,368
chr1:35264002-35265800,0,41,13,6,32,0,11,10
chr1:35425601-35426820,83,159,18,123,123,14,123,108
chr1:35427801-35428000,0,28,14,20,17,0,14,0
chr1:35428801-35430000,121,1,28,123,55,19,91,169
chr1:35431001-35431999,22,80,53,98,56,114,16,117
chr1:35567801-35568600,76,40,28,231,255,30,123,185
chr1:35596801-35597200,22,41,84,32,0,3,70,6
chr1:36182625-36184000,0,0,28,72,0,29,34,0
chr1:36200001-36205599,25,27,0,75,130,0,28,40
chr1:36206201-36206800,0,47,0,12,51,60,0,0
chr1:36207002-36210600,59,52,0,143,88,78,18,88
chr1:36212601-36213800,23,0,0,27,80,21,0,22
chr1:36387420-36387861,67,124,3,78,36,14,51,22
chr1:36401036-36401298,10,21,0,1,5,0,9,5
chr1:36408400-36409001,47,0,26,47,4,0,42,21
chr1:36411401-36412999,226,143,234,151,52,88,119,174
chr1:36414001-36414200,0,0,24,11,12,0,55,41
chr1:37994907-37995066,210,422,281,90,102,148,198,161
chr1:38038602-38041164,0,8,0,26,0,0,7,44
chr1:38826402-38837599,50,292,124,47,0,66,115,16
chr1:38985002-38987399,0,0,40,36,19,0,14,13
chr1:39043160-39045400,733,673,1276,1522,1630,962,1345,947
chr1:39046601-39049199,1957,526,1084,2709,1919,1368,1756,1879
chr1:39051001-39051400,156,0,103,314,103,49,176,64
chr1:39052200-39052600,48,18,128,517,63,64,177,97
chr1:39063401-39065600,453,258,293,1031,824,474,842,690
chr1:39076029-39077600,18,0,0,109,38,3,42,22
chr1:39488002-39489800,0,23,56,60,0,0,37,15
chr1:39653487-39653849,5,0,0,183,7,0,36,1
chr1:40000801-40001800,7,3,0,3,0,9,0,7
chr1:40299201-40299600,20,22,0,10,41,0,0,0
chr1:41426601-41430200,107,0,26,94,64,28,40,67
chr1:41434802-41437199,68,0,0,62,0,0,32,20
chr1:42170402-42175399,127,277,102,33,75,89,165,152
chr1:42339402-42341399,0,49,0,42,16,0,26,58
chr1:42426401-42428400,38,29,0,11,41,0,0,14
chr1:43327401-43327992,468,648,667,892,423,905,794,370
chr1:43329001-43331600,54,25,106,277,206,61,16,64
chr1:43373688-43373852,0,8,14,7,29,0,46,37
chr1:43465201-43467000,45,0,0,70,41,0,50,0
chr1:43470402-43478000,79,0,0,57,20,0,31,44
chr1:43634601-43634801,34,0,0,3,34,0,7,3
chr1:43640001-43640400,0,37,25,0,18,30,105,33
chr1:43942201-43943199,459,99,181,619,76,389,653,393
chr1:44789801-44790200,14,7,0,6,0,22,3,60
chr1:44793002-44795064,0,67,42,31,0,0,59,56
chr1:44818117-44818454,498,236,92,667,1383,412,446,519
chr1:44848002-44849799,341,302,263,422,194,28,344,201
chr1:44999201-45001800,295,573,245,228,189,262,559,317
chr1:45321201-45322999,104,490,370,73,86,21,76,94
chr1:45573002-45577399,0,57,24,3,36,8,22,44
chr1:46223202-46224599,2084,678,521,1816,1736,641,3268,1833
chr1:46238401-46239800,0,2,2,41,34,0,10,0
chr1:46320201-46321600,0,25,64,13,0,19,0,16
chr1:46386602-46388799,88,147,40,225,123,82,70,194
chr1:46421801-46423200,60,16,57,86,76,193,226,46
chr1:46423401-46423800,8,0,0,62,33,0,30,41
chr1:46621402-46624599,23,198,23,16,21,0,66,65
chr1:46820201-46820400,34,128,91,97,24,46,6,0
chr1:46822401-46823200,190,41,0,439,91,87,13,0
chr1:46925001-46925800,68,284,149,94,0,83,13,22
chr1:46946802-46948199,150,463,0,104,51,193,14,22
chr1:46948800-46949000,11,100,70,15,0,37,0,0
chr1:46949401-46949600,8,123,12,19,34,147,0,4
chr1:46983002-46985199,59,114,28,74,0,0,47,22
chr1:46991400-46991801,35,9,0,17,20,22,7,4
chr1:47017801-47018800,379,160,181,226,41,314,126,42
chr1:47208201-47215199,83,285,246,230,269,110,210,91
chr1:47234002-47240199,18,0,0,10,17,0,12,0
chr1:47322601-47324600,0,49,0,54,21,0,0,20
chr1:47324778-47326200,6,0,0,6,0,90,0,22
chr1:47331401-47331600,25,56,34,44,18,42,25,11
chr1:47449872-47450369,0,43,28,10,0,58,76,0
chr1:47655401-47658000,85,118,0,299,92,61,72,45
chr1:47999401-47999600,42,0,0,61,40,0,80,11
chr1:48003401-48007811,46,0,24,179,84,0,41,0
chr1:48038201-48044799,0,21,0,44,18,26,0,19
chr1:48208375-48209383,18,13,0,12,155,0,32,21
chr1:48210801-48211000,11,0,0,5,15,15,56,2
chr1:48211601-48211800,61,11,0,21,26,0,52,0
chr1:48293201-48294200,94,24,100,31,57,120,45,5
chr1:50976450-50976736,56,102,95,57,129,72,61,133
chr1:50999001-50999600,69,0,34,38,0,29,75,0
chr1:51009708-51009879,25,0,43,43,0,46,145,38
chr1:51061002-51063999,0,0,55,73,12,23,43,43
chr1:51069834-51071600,0,25,45,11,21,0,52,153
chr1:51274601-51275000,274,368,254,332,304,337,614,239
chr1:51283802-51285399,23,242,56,62,0,0,105,88
chr1:52098001-52098599,0,127,2,7,36,0,0,0
chr1:52119001-52120400,0,150,85,26,0,0,0,22
chr1:52587401-52590799,15,0,0,11,18,0,0,19
chr1:52612001-52612400,80,49,17,130,21,0,15,11
chr1:52613402-52614649,182,49,78,303,20,49,55,34
chr1:52614801-52616200,269,25,111,236,80,0,53,71
chr1:52624401-52624800,68,99,105,55,55,0,49,61
chr1:52673002-52673400,51,0,14,33,20,0,15,78
chr1:52674202-52675399,0,0,28,7,164,11,120,66
chr1:52676201-52678200,47,0,29,111,200,31,111,110
chr1:52678854-52680000,0,0,0,80,20,61,62,21
chr1:52700002-52701999,98,0,0,37,30,51,37,17
chr1:53060401-53061200,87,0,0,14,113,3,0,42
chr1:53166401-53166800,0,5,0,0,43,5,0,20
chr1:53187602-53188599,0,0,27,18,20,0,15,30
chr1:53913002-53914399,108,27,25,136,42,58,170,93
chr1:55215913-55216183,53,500,477,104,141,122,49,148
chr1:55216405-55216635,134,415,230,102,133,68,94,117
chr1:56072401-56074999,0,0,0,26,42,0,10,22
chr1:56132601-56136199,16,23,26,0,0,92,0,41
chr1:58591202-58593799,135,25,0,206,60,0,72,0
chr1:58616802-58622200,250,44,50,324,44,85,150,47
chr1:58628401-58629401,53,13,0,64,0,0,65,43
chr1:58703601-58705200,45,0,20,13,15,0,16,39
chr1:58772602-58774800,13,28,4,76,0,60,134,31
chr1:61544801-61545800,17,11,0,43,133,150,122,37
chr1:61673802-61675000,37,47,28,122,49,0,105,97
chr1:62227801-62231799,53,0,7,43,197,0,62,104
chr1:62712601-62713000,20,0,0,12,73,60,32,123
chr1:62720602-62726799,37,0,57,36,0,0,25,18
chr1:62869401-62870461,0,19,27,23,0,0,15,0
chr1:62881852-62883199,44,0,0,9,11,0,8,0
chr1:63723202-63725000,16,0,56,25,19,0,0,88
chr1:63728800-63729400,38,0,0,12,15,23,7,79
chr1:63731626-63731955,40,0,48,8,0,0,7,0
chr1:64699001-64700000,0,24,7,34,0,59,15,29
chr1:65068494-65069241,11,42,11,20,20,174,89,163
chr1:66412001-66422000,89,49,55,33,0,0,62,116
chr1:66787801-66789200,0,43,210,26,0,30,31,44
chr1:67056001-67056200,0,3,28,19,0,30,12,19
chr1:67058202-67061799,118,158,80,423,83,28,96,276
chr1:67402112-67402471,4,64,78,54,45,69,0,88
chr1:67405201-67406200,183,40,55,238,41,0,82,159
chr1:68254001-68257600,0,47,26,24,0,57,0,0
chr1:70440602-70444399,215,1488,584,716,526,1240,707,1097
chr1:70817402-70821200,0,24,0,51,0,90,7,0
chr1:74693154-74694200,93,0,0,20,0,0,20,103
chr1:77222601-77222800,0,5,0,41,5,0,41,0
chr1:77227201-77228600,41,11,0,76,0,30,155,42
chr1:78145601-78146000,0,0,14,12,27,0,14,0
chr1:78154602-78155600,44,70,0,136,31,91,140,0
chr1:78157001-78157799,7,0,54,96,10,270,81,0
chr1:78676377-78676801,19,24,14,34,125,32,28,142
chr1:78872601-78873200,36,92,158,49,20,0,67,48
chr1:78884602-78885600,985,1006,1901,1067,510,1953,4747,1239
chr1:83216002-83218799,33,18,25,52,19,0,0,0
chr1:84285001-84285600,95,124,0,9,103,29,64,0
chr1:84615401-84616599,57,0,42,1,13,102,57,22
chr1:85587602-85588399,22,0,0,24,0,0,30,33
chr1:85596402-85598200,0,17,56,27,9,0,14,10
chr1:85605802-85609599,0,24,0,41,0,0,19,22
chr1:85622602-85623800,23,0,0,35,0,0,53,10
chr1:85627602-85630599,250,200,133,367,201,124,366,82
chr1:86344801-86346000,73,0,44,143,449,30,257,109
chr1:86845001-86847399,0,50,66,60,0,28,57,0
chr1:86858001-86859200,41,213,40,26,0,59,52,22
chr1:86860201-86860400,0,0,15,5,10,0,19,11
chr1:87206202-87210399,100,0,15,39,40,0,26,0
chr1:87273401-87275200,0,11,0,0,32,0,29,44
chr1:87290913-87291203,18,8,0,0,10,0,62,0
chr1:87391802-87393999,114,125,57,65,21,30,29,76
chr1:87398617-87399999,41,60,51,45,56,27,57,54
chr1:87401002-87404600,188,147,273,70,39,85,74,203
chr1:87404801-87405000,0,2,0,9,0,3,0,11
chr1:87426402-87429599,23,26,0,37,0,0,9,65
chr1:87448802-87451399,23,12,57,28,32,0,24,22
chr1:87463601-87464800,10,70,28,0,39,0,16,10
chr1:89001251-89003600,108,149,204,184,177,148,90,204
chr1:89004401-89005200,51,48,117,60,20,44,52,22
chr1:89033801-89035279,99,9,57,0,0,81,9,6
chr1:89037001-89038000,19,37,27,74,0,85,43,110
chr1:89040001-89042199,75,35,122,122,51,87,40,137
chr1:89048601-89048800,31,10,14,40,31,142,45,22
chr1:89049163-89051000,156,81,225,315,88,432,129,381
chr1:89961801-89962999,0,0,0,42,21,59,31,43
chr1:89966401-89967200,2,0,56,2,0,0,0,13
chr1:89986000-89986800,80,0,14,10,80,0,27,151
chr1:89989601-89992799,133,172,267,97,70,0,69,246
chr1:90890601-90891000,0,24,83,60,59,60,47,11
chr1:91529801-91530600,22,0,0,5,20,0,28,19
chr1:91537200-91538001,100,0,13,22,24,19,72,35
chr1:91540101-91543200,97,10,0,115,144,55,70,139
chr1:91545802-91562200,392,107,60,208,832,422,322,690
chr1:92015802-92018199,0,0,0,38,19,28,14,66
chr1:92962360-92962851,0,98,40,19,0,168,0,74
chr1:92989002-92993200,6,27,0,60,121,108,30,0
chr1:92993601-92994567,0,37,28,13,33,0,34,0
chr1:93373601-93374000,79,19,46,51,62,0,29,11
chr1:93555757-93556069,0,156,202,52,20,180,10,65
chr1:93558146-93558502,11,128,166,72,0,21,48,0
chr1:93558801-93559800,83,663,456,144,53,108,72,84
chr1:93850402-93851179,122,149,112,133,120,35,28,144
chr1:94528259-94528589,15,0,0,28,43,17,29,42
chr1:94543137-94543265,0,12,20,7,14,0,7,8
chr1:94966401-94968400,143,49,0,133,35,87,35,23
chr1:94970602-94972600,0,284,51,136,32,0,53,20
chr1:95094402-95099400,22,0,0,25,0,59,15,21
chr1:96518802-96524399,0,109,0,56,107,33,17,81
chr1:96973401-96974001,0,0,0,37,0,29,10,21
chr1:98761362-98762000,21,5,0,0,14,0,10,0
chr1:98763601-98767200,64,47,140,146,39,28,52,62
chr1:99441002-99442799,0,0,56,12,0,17,0,20
chr1:99456402-99458757,0,11,0,25,0,23,90,109
chr1:99827001-99829800,20,0,0,35,0,0,40,61
chr1:99956202-99957294,22,0,0,12,0,30,9,63
chr1:100184201-100185600,23,0,0,55,36,52,24,0
chr1:100529002-100537000,95,156,103,74,735,237,157,151
chr1:101148601-101151400,112,109,36,92,242,410,275,248
chr1:101161802-101163000,10,203,146,38,87,434,58,123
chr1:101163202-101166799,2000,2433,1675,1208,3051,6032,2718,2633
chr1:101174001-101174400,69,167,53,102,147,587,362,195
chr1:101174578-101176999,412,613,507,584,874,1222,1421,534
chr1:101177601-101180799,286,668,540,603,601,924,1019,975
chr1:101181601-101183800,16,21,57,48,21,0,15,0
chr1:101200001-101201200,0,0,28,13,0,0,16,43
chr1:101220176-101220600,22,24,18,6,0,4,0,17
chr1:101220801-101222799,23,182,203,199,164,257,138,66
chr1:101249402-101252400,22,78,27,50,0,59,0,21
chr1:101278954-101279132,0,12,151,12,0,0,7,0
chr1:101284192-101284591,20,284,183,30,30,30,0,13
chr1:108091202-108092599,62,73,0,0,21,82,62,20
chr1:108096202-108097799,193,13,0,10,92,145,125,109
chr1:108113527-108115000,46,24,0,0,42,0,7,0
chr1:108125002-108126200,175,1241,789,276,18,192,124,121
chr1:108126401-108127800,129,832,820,216,17,83,139,73
chr1:108130202-108132800,442,2636,2478,492,142,432,484,528
chr1:109083002-109085599,23,144,48,59,135,0,32,128
chr1:109633801-109637121,0,0,0,42,41,0,6,38
chr1:109639002-109644599,0,9,0,90,53,0,46,40
chr1:109776602-109778400,155,0,0,56,2,0,46,20
chr1:109975202-109982199,1139,1451,415,349,624,2216,383,203
chr1:109982607-109982880,38,18,11,0,41,30,14,11
chr1:110510845-110511196,22,0,0,0,23,0,15,14
chr1:110686001-110691800,17,28,247,24,63,0,30,0
chr1:110722602-110723399,45,0,0,12,9,0,31,0
chr1:110927201-110927860,45,24,89,42,0,99,0,19
chr1:110928201-110928799,0,37,56,103,33,0,8,32
chr1:111368801-111370800,17,42,0,6,16,114,0,0
chr1:111470709-111471409,219,141,102,211,296,259,317,327
chr1:111769401-111770000,0,83,57,28,107,15,89,98
chr1:112092601-112094799,548,298,611,279,648,692,566,370
chr1:112144401-112144600,12,79,0,31,3,75,21,20
chr1:112144802-112145200,0,12,0,11,14,103,45,35
chr1:112729001-112730199,19,0,17,11,14,0,7,0
chr1:112903201-112907200,41,71,274,77,16,0,57,156
chr1:112907401-112907829,0,49,23,13,19,0,12,35
chr1:113158663-113159999,15,0,0,47,0,0,78,13
chr1:113190172-113190441,4,11,0,6,34,0,1,0
chr1:113692001-113693000,653,1522,558,729,1857,484,1175,1343
chr1:113693793-113694138,139,35,147,88,178,113,74,102
chr1:114368865-114371422,0,0,28,12,0,0,42,44
chr1:114538770-114541310,0,24,9,58,41,25,92,18
chr1:114558565-114562200,21,0,20,92,74,64,67,110
chr1:115036801-115037600,29,26,0,274,41,0,67,134
chr1:115377202-115378000,57,0,0,0,56,0,20,96
chr1:115959801-115961000,23,25,28,4,0,0,23,0
chr1:115961801-115962800,22,0,9,9,8,0,0,0
chr1:115968802-115970199,62,25,15,35,0,0,0,0
chr1:116481801-116482200,0,0,0,12,20,0,47,18
chr1:116488209-116488412,84,0,37,107,126,82,259,42
chr1:116489411-116489674,156,0,2,99,148,49,320,32
chr1:116503621-116503927,65,25,13,80,14,100,162,44
chr1:116504431-116504806,57,0,0,114,29,0,25,14
chr1:117562802-117565799,17,49,0,12,0,0,0,13
chr1:117656166-117656625,22,12,0,0,10,0,8,0
chr1:117820402-117823399,58,24,27,78,20,0,77,65
chr1:117824602-117828697,165,46,228,180,56,89,89,35
chr1:117838202-117839399,963,1710,1068,1313,1372,751,1222,1604
chr1:117843000-117843200,103,45,98,123,135,159,64,66
chr1:118993073-118993662,29,22,7,52,72,43,16,18
chr1:119006601-119007400,37,107,75,0,0,0,15,22
chr1:119452202-119453600,0,36,0,11,21,0,13,0
chr1:119552002-119555200,86,0,0,0,127,63,115,13
chr1:119556001-119556800,13,0,0,39,130,120,345,19
chr1:119561401-119561600,304,17,34,22,494,241,533,222
chr1:119572801-119574600,174,0,0,214,605,317,544,104
chr1:119580401-119581200,66,0,0,64,106,26,77,18
chr1:119582666-119583236,40,0,0,27,106,45,46,0
chr1:119583801-119587999,319,0,54,298,489,199,169,42
chr1:119590001-119591800,99,0,0,56,249,0,182,20
chr1:119593601-119595211,69,23,0,133,216,28,75,23
chr1:119611401-119612200,198,0,28,156,409,197,168,198
chr1:119613601-119614600,98,88,55,324,452,281,237,239
chr1:119614801-119615000,18,16,0,34,101,30,93,0
chr1:119615201-119615400,26,21,0,78,46,18,26,11
chr1:119909385-119909692,464,690,528,310,689,470,527,583
chr1:120349401-120349600,11,0,0,23,12,0,16,0
chr1:120468601-120468800,87,12,130,54,95,0,129,55
chr1:120476801-120477999,964,291,113,446,594,310,326,323
chr1:120713402-120717777,65,0,0,51,60,0,9,44
chr1:120910601-120911000,11,0,0,0,14,0,10,42
chr1:143775401-143778600,382,83,0,89,263,63,145,199
chr1:143950401-143953999,75,0,0,0,64,0,29,41
chr1:145114002-145117400,81,49,0,0,60,60,0,54
chr1:145221401-145224599,0,0,0,0,43,44,52,41
chr1:145499602-145500999,0,38,28,127,80,0,15,0
chr1:145562001-145563599,0,49,0,58,10,31,14,27
chr1:145714202-145718599,32,28,16,81,78,0,13,19
chr1:146009602-146012000,21,0,0,20,0,28,32,31
chr1:146012201-146013999,0,0,0,25,29,78,0,10
chr1:146244602-146252200,0,24,14,19,20,0,0,66
chr1:146302801-146303200,52,258,28,26,12,0,31,119
chr1:147152801-147153000,11,115,83,58,28,15,47,0
chr1:147726001-147726999,0,49,0,5,61,0,14,0
chr1:147734002-147734999,28,24,0,10,0,0,8,0
chr1:147736402-147738599,0,0,0,13,9,239,40,44
chr1:147748602-147749200,36,0,14,13,0,0,0,21
chr1:147807401-147808401,20,0,198,12,32,0,36,40
chr1:148026601-148027599,22,0,0,12,20,0,26,73
chr1:148057328-148058600,18,37,84,12,125,0,39,0
chr1:148072802-148074090,0,25,28,70,61,0,0,0
chr1:148101001-148101200,83,24,61,34,63,50,44,31
chr1:149363002-149365599,62,678,419,158,164,179,204,188
chr1:149366401-149376399,14,0,0,25,0,39,10,0
chr1:149377402-149384799,55,0,0,18,91,0,53,107
chr1:149598801-149601800,62,0,55,0,0,130,152,26
chr1:149826002-149828399,39,0,0,32,0,28,12,0
chr1:150015402-150018200,79,0,197,213,288,83,191,203
chr1:150018801-150019000,12,18,3,26,12,0,10,16
chr1:150020801-150022999,26,0,12,44,21,0,43,22
chr1:150165991-150166325,23,66,0,46,0,43,22,0
chr1:150168601-150172401,147,117,105,234,41,15,35,22
chr1:150182288-150182618,99,34,0,109,55,74,7,30
chr1:150186849-150187212,16,23,42,21,18,0,0,29
chr1:150191781-150193199,0,16,13,13,0,0,0,30
chr1:150315601-150316200,0,0,14,22,4,0,6,0
chr1:150528002-150529600,45,26,56,52,0,0,0,23
chr1:150538093-150538237,0,18,9,10,14,29,2,6
chr1:150543401-150544400,22,0,79,24,31,0,31,43
chr1:150586202-150586600,112,50,30,240,196,37,178,147
chr1:150591801-150593200,742,429,322,602,682,69,665,656
chr1:150595001-150597400,756,544,458,1488,774,313,934,1003
chr1:150632401-150633000,723,160,270,421,353,127,550,620
chr1:150633801-150634600,1183,24,654,769,915,437,1126,1877
chr1:150634801-150636200,2144,347,685,1212,1798,917,1954,2007
chr1:150640802-150642200,144,93,59,127,118,80,179,123
chr1:150782601-150783400,0,2,0,25,20,15,0,22
chr1:150784601-150785800,0,49,84,38,80,59,11,17
chr1:151195821-151196188,0,65,0,12,0,29,66,0
chr1:151336201-151337000,133,188,118,180,127,120,238,146
chr1:151855402-151861399,286,1107,801,350,913,213,471,906
chr1:151866401-151869000,15,123,188,0,0,30,24,22
chr1:151960001-151964999,22,24,0,25,0,0,31,21
chr1:151966601-151974200,45,0,0,12,20,0,15,0
chr1:151976001-151978599,0,25,0,26,39,0,40,18
chr1:151979601-151981999,14,70,133,62,85,0,59,209
chr1:153465402-153468000,62,8,197,13,14,0,0,67
chr1:153483624-153484800,22,24,28,12,0,0,0,0
chr1:153498801-153499400,59,42,0,26,10,45,77,20
chr1:153505602-153508600,112,68,111,76,20,0,31,43
chr1:153509668-153523600,1749,1866,1473,1178,592,882,822,1032
chr1:153525288-153528200,252,104,86,276,20,138,69,42
chr1:153532270-153532477,31,113,14,25,10,44,18,51
chr1:153551179-153551421,144,0,26,158,113,90,322,292
chr1:153551789-153552188,444,75,28,209,131,162,441,435
chr1:153552548-153552936,0,0,0,35,20,0,15,70
chr1:153553803-153554069,22,24,0,22,0,0,7,65
chr1:153555801-153558399,209,67,178,101,24,15,56,192
chr1:153568542-153568893,11,49,5,13,20,30,2,48
chr1:153576801-153579399,46,0,38,37,92,0,16,0
chr1:153584002-153585600,198,47,177,158,83,0,57,48
chr1:153651602-153654799,71,31,100,64,96,152,86,32
chr1:154877202-154878944,41,51,54,13,21,31,0,42
chr1:154883802-154886892,18,116,229,62,55,0,9,9
chr1:154896200-154896400,11,7,14,43,0,15,15,0
chr1:154896601-154897400,104,24,5,117,47,0,15,22
chr1:154911601-154911800,11,19,10,34,0,0,8,0
chr1:154912001-154912400,44,0,0,13,25,16,17,0
chr1:155565362-155565402,11,5,35,11,5,0,0,13
chr1:155569401-155570999,616,974,1053,630,351,208,1340,1054
chr1:155889201-155890800,66,0,53,89,59,91,44,55
chr1:156143801-156144801,85,37,0,316,188,71,65,129
chr1:156186201-156186600,41,24,24,77,112,0,0,84
chr1:156502901-156503160,6,0,11,20,0,0,0,2
chr1:156503318-156503586,20,0,2,6,13,0,23,10
chr1:156514001-156516600,112,0,53,233,0,61,16,86
chr1:156607201-156607600,9,22,119,5,0,0,7,0
chr1:156608001-156609470,21,93,128,146,22,0,27,36
chr1:156612401-156613200,68,13,35,54,0,0,0,66
chr1:156616563-156616772,0,1,14,115,23,77,0,0
chr1:156709770-156710091,173,253,227,34,61,128,115,88
chr1:156717401-156717800,215,291,230,176,181,37,115,89
chr1:157150601-157151000,0,24,0,12,9,0,39,0
chr1:158193401-158194000,22,16,0,15,77,67,70,0
chr1:159211201-159212000,0,0,333,53,20,4,219,161
chr1:159239201-159240600,0,0,57,9,40,0,81,0
chr1:159773801-159775800,0,0,0,0,104,59,76,107
chr1:159790201-159790708,0,74,14,12,13,0,0,11
chr1:159817202-159818412,23,19,56,12,16,16,63,35
chr1:159904001-159905200,66,54,40,135,16,0,16,0
chr1:159908214-159908314,11,16,70,45,0,14,46,21
chr1:159916436-159916517,2,13,13,58,30,42,35,23
chr1:160145000-160145400,21,23,53,36,28,0,12,29
chr1:160361601-160363936,55,118,0,29,9,0,45,81
chr1:160655801-160659400,0,23,20,12,0,242,29,52
chr1:160986402-160988799,913,1265,1152,754,724,788,1737,1055
chr1:161241601-161242800,23,0,55,101,69,0,73,73
chr1:161286601-161286800,44,89,35,162,55,0,125,123
chr1:161296801-161300000,205,52,29,319,83,44,96,190
chr1:161300601-161301400,44,0,26,81,19,28,78,39
chr1:161386001-161387600,16,0,0,79,111,164,79,23
chr1:161389822-161390428,0,0,23,12,14,70,54,13
chr1:161390527-161391012,0,0,0,9,0,25,15,80
chr1:161392601-161393800,23,0,0,13,0,0,16,22
chr1:161612422-161612851,1085,266,240,62,1018,199,352,206
chr1:161969602-161971599,0,19,0,13,0,0,16,49
chr1:161971802-161974832,40,98,84,151,87,90,138,114
chr1:162538822-162539139,0,97,0,7,0,0,7,20
chr1:162552787-162553400,0,0,28,13,8,10,6,0
chr1:162604402-162606599,75,25,85,139,42,0,29,0
chr1:162626199-162627599,198,304,522,80,36,0,130,221
chr1:162918601-162919599,22,0,0,0,16,79,15,21
chr1:165717871-165718428,40,24,0,29,0,0,3,0
chr1:165913402-165914612,23,79,29,49,21,28,78,29
chr1:165915602-165916400,0,20,19,9,0,19,26,0
chr1:165925949-165926247,0,12,0,5,10,0,4,0
chr1:167525201-167526000,22,0,22,31,53,45,47,0
chr1:167526801-167527400,34,0,0,20,29,0,28,0
chr1:167528201-167528400,45,0,0,39,23,0,0,9
chr1:167793801-167794400,0,47,70,45,39,0,58,17
chr1:168259602-168262599,1034,1283,1040,1580,1777,812,2659,1680
chr1:168267000-168267201,0,0,0,10,45,0,7,11
chr1:168273201-168273601,28,0,0,8,13,0,9,9
chr1:168501201-168515999,44,24,0,0,40,0,0,42
chr1:168518001-168524000,26,39,89,40,0,0,0,0
chr1:168571601-168572400,21,20,0,0,10,0,40,0
chr1:168574001-168575200,0,11,0,13,21,0,40,0
chr1:169508201-169510400,46,0,0,13,18,30,6,19
chr1:169908401-169909478,19,22,28,25,0,0,22,0
chr1:170314601-170315600,0,0,27,21,0,0,8,27
chr1:170410002-170411599,43,18,97,51,30,60,84,246
chr1:170415202-170416399,153,0,71,53,139,0,214,114
chr1:170426401-170427200,0,24,14,12,0,0,3,10
chr1:170661628-170661851,23,0,14,6,0,0,20,21
chr1:171365601-171368199,0,0,19,0,35,15,10,0
chr1:171595202-171598599,0,38,63,48,60,134,31,34
chr1:171743074-171743576,54,19,123,83,22,15,32,65
chr1:171745088-171745256,93,0,0,29,23,0,29,52
chr1:173111001-173114999,478,137,0,27,142,0,33,0
chr1:173116601-173119399,192,22,0,0,38,0,26,0
chr1:173161509-173163011,152,0,0,21,41,2,49,43
chr1:173208601-173209000,18,0,0,6,14,0,0,11
chr1:173210201-173211399,109,0,0,12,34,0,93,22
chr1:173224190-173225600,94,0,10,42,90,0,87,69
chr1:173267183-173268399,103,0,0,12,0,16,0,44
chr1:173268602-173270999,279,43,0,140,0,0,14,0
chr1:173295201-173301200,35,0,0,65,41,0,43,0
chr1:173329001-173332600,21,11,0,88,19,85,14,41
chr1:173341001-173342200,44,15,0,13,0,30,7,22
chr1:173392801-173394035,0,22,0,39,11,0,15,12
chr1:173399801-173401671,0,24,0,77,20,0,30,0
chr1:173682074-173683599,0,0,28,25,20,0,11,0
chr1:173795176-173795208,0,14,13,11,28,3,20,0
chr1:173797201-173797600,75,88,92,146,120,68,230,62
chr1:175935601-175937000,0,123,20,110,0,13,15,0
chr1:178071602-178073399,126,49,0,173,291,60,150,44
chr1:178075400-178075800,64,139,122,180,263,170,168,6
chr1:178080201-178080600,32,12,0,33,0,0,54,0
chr1:178086692-178087400,73,37,60,180,47,40,30,36
chr1:178564001-178568200,43,0,0,159,23,33,13,24
chr1:178572402-178577400,44,0,0,287,82,0,31,65
chr1:178597602-178615252,263,201,32,881,72,104,73,153
chr1:178618401-178620000,19,44,0,74,39,0,44,11
chr1:178655201-178656599,117,18,0,66,61,0,17,0
chr1:178660401-178662800,469,23,111,192,296,185,67,122
chr1:178663602-178667399,1061,136,176,1259,1079,142,475,573
chr1:178682002-178686399,190,122,0,178,108,26,18,210
chr1:178702002-178702599,22,0,27,11,50,0,15,0
chr1:178927802-178935400,45,74,28,244,0,210,0,66
chr1:178936601-178937000,0,0,0,52,20,30,37,78
chr1:179077400-179078000,54,40,27,74,49,83,39,49
chr1:179231928-179235399,0,22,0,11,0,75,53,15
chr1:179820202-179821799,54,227,23,20,100,224,23,18
chr1:179823801-179826399,11,59,0,8,24,41,8,67
chr1:179837801-179838732,22,12,0,0,42,0,44,41
chr1:180893401-180894399,0,24,0,41,20,21,57,0
chr1:180898200-180900400,0,0,28,141,75,34,291,41
chr1:182569201-182571800,0,25,28,76,24,30,16,0
chr1:182835801-182836000,19,45,50,9,20,0,15,65
chr1:183147801-183150399,128,246,48,437,196,468,322,67
chr1:183158801-183166000,0,70,0,140,49,28,37,0
chr1:183178401-183178940,45,24,0,30,40,12,13,11
chr1:183179601-183182199,19,0,0,13,0,30,0,18
chr1:184767401-184768600,0,11,0,55,21,0,23,22
chr1:184769201-184769400,3,40,27,18,0,0,4,0
chr1:184769601-184769800,8,48,0,49,62,0,19,31
chr1:184770152-184771000,16,187,0,75,0,30,0,66
chr1:184773601-184774399,0,14,2,58,0,7,31,22
chr1:184786202-184788399,49,75,0,479,301,60,68,47
chr1:185336001-185342399,19,20,59,135,0,0,13,18
chr1:185360601-185361400,0,0,43,10,19,0,0,66
chr1:185366202-185369600,40,83,81,0,41,0,45,108
chr1:185369800-185370400,49,24,27,17,0,0,0,42
chr1:185372201-185378400,287,354,437,157,306,294,198,549
chr1:186574201-186577548,125,21,0,73,55,59,273,19
chr1:186993965-186997199,14,73,0,10,0,32,46,0
chr1:192959801-192960200,29,12,42,96,14,60,9,62
chr1:192966402-192969600,109,276,243,430,122,139,175,102
chr1:192974001-192975001,38,57,126,168,6,0,27,21
chr1:192977200-192978400,39,0,13,111,41,0,36,22
chr1:192983002-192985399,39,62,57,229,36,28,47,45
chr1:192997601-192999000,16,217,137,244,0,0,0,0
chr1:193010401-193011400,22,22,0,166,0,0,8,0
chr1:193257201-193257400,94,140,88,173,83,50,123,56
chr1:193271000-193271401,0,25,28,59,0,0,7,11
chr1:193275801-193276001,29,14,16,13,18,45,23,0
chr1:193283000-193283600,45,139,395,177,23,110,72,73
chr1:193283801-193284000,0,25,103,62,0,22,19,34
chr1:194225201-194226800,0,20,0,2,0,31,31,0
chr1:195481401-195481800,19,10,5,0,0,11,11,16
chr1:198116402-198124999,25,28,31,0,0,0,62,0
chr1:201229558-201230859,38,55,0,34,0,0,9,0
chr1:201444401-201445800,0,0,0,9,42,0,15,16
chr1:201455808-201455998,0,32,24,6,0,0,0,15
chr1:201457062-201457245,14,49,30,30,0,0,32,22
chr1:201461862-201462164,121,1301,480,97,11,111,118,32
chr1:201471600-201472201,0,412,75,144,106,32,80,9
chr1:201472401-201472600,0,65,34,80,0,27,10,33
chr1:201474998-201478000,314,372,189,388,90,142,167,52
chr1:201590802-201595400,254,52,59,431,63,27,71,106
chr1:201597002-201600999,358,84,0,615,32,31,70,46
chr1:201601802-201606799,470,171,0,668,102,158,113,167
chr1:201608202-201611799,102,47,53,377,19,57,63,78
chr1:201618401-201620599,52,143,114,130,0,117,97,44
chr1:202043001-202049600,0,10,12,5,0,13,13,9
chr1:202084402-202088600,0,6,7,7,5,16,0,0
chr1:202834402-202838800,0,43,48,22,0,0,31,0
chr1:203320809-203321278,0,69,27,10,0,31,0,0
chr1:203335401-203337000,43,0,23,35,21,22,33,16
chr1:203374001-203375400,866,269,109,400,134,174,944,185
chr1:203381256-203381372,38,16,0,54,0,30,26,0
chr1:203388801-203389400,487,104,75,456,91,29,367,44
chr1:203389802-203391399,1516,433,50,1161,467,297,1715,239
chr1:203421401-203423199,161,23,0,62,51,0,46,65
chr1:203423601-203424000,89,0,0,5,39,0,10,39
chr1:203430001-203431400,0,36,0,13,0,0,23,44
chr1:203438602-203444199,58,45,0,37,23,11,40,40
chr1:203469002-203470599,21,18,0,32,10,6,16,0
chr1:203523601-203530199,19,21,73,128,90,26,47,172
chr1:203533602-203539000,64,0,0,31,22,64,27,62
chr1:203546401-203550199,11,99,28,189,20,60,15,215
chr1:203551400-203551601,0,0,0,11,8,23,3,0
chr1:203752402-203757200,0,15,26,24,46,57,29,0
chr1:204129666-204129999,22,69,116,59,0,72,30,0
chr1:204559801-204561199,23,25,0,61,0,0,15,2
chr1:204568201-204569600,20,123,28,65,9,11,69,10
chr1:204571402-204577600,481,172,241,414,93,343,628,270
chr1:204581601-204582200,6,5,0,1,8,8,8,0
chr1:204584601-204585799,66,37,22,52,69,0,48,19
chr1:204598201-204598800,70,0,0,70,10,0,31,19
chr1:205534201-205534400,1,0,31,91,41,5,40,12
chr1:205548001-205548400,60,69,77,132,135,0,56,43
chr1:205636202-205637399,16,74,0,23,21,0,66,10
chr1:205687201-205690601,45,0,25,23,18,0,63,4
chr1:205691001-205696800,8,18,32,39,23,0,42,0
chr1:205760601-205761000,19,26,14,34,0,0,15,19
chr1:205765801-205766400,0,0,55,4,9,0,68,0
chr1:205907201-205908220,0,18,0,12,0,30,15,0
chr1:206167266-206171600,25,0,0,10,65,17,0,0
chr1:206181401-206184799,55,22,0,11,37,0,0,19
chr1:206742601-206746399,0,49,190,35,62,0,7,66
chr1:207154601-207157200,50,8,0,54,17,0,8,64
chr1:207223121-207224025,0,0,0,25,21,0,15,19
chr1:207389602-207390710,53,0,53,78,31,4,30,22
chr1:207742401-207744400,41,0,29,0,0,0,20,23
chr1:207745201-207747399,131,25,106,46,12,82,368,19
chr1:207748082-207748360,98,0,34,0,27,60,80,10
chr1:207797002-207800200,14,52,136,113,21,25,99,46
chr1:207921602-207926399,0,0,0,48,0,28,14,20
chr1:207947801-207950800,44,0,0,50,41,17,71,21
chr1:207970201-207971000,2,2,0,3,16,0,1,0
chr1:208245286-208245514,22,0,23,74,80,0,22,34
chr1:209653940-209654367,20,0,0,0,21,0,14,44
chr1:209736496-209736964,96,149,238,59,62,26,109,133
chr1:209738201-209739000,341,415,397,147,197,182,670,300
chr1:209741401-209743599,128,686,811,119,72,26,93,115
chr1:209886601-209887000,4,5,12,2,0,3,16,13
chr1:211320801-211322157,62,24,0,92,63,0,0,25
chr1:211323202-211324000,13,24,0,62,10,0,8,0
chr1:211468002-211470800,66,0,114,63,38,0,0,32
chr1:211474201-211474800,0,0,84,25,61,11,8,1
chr1:211580023-211580182,62,15,0,11,49,47,43,36
chr1:212151394-212154400,49,0,55,0,0,0,18,17
chr1:212209201-212209400,13,0,90,8,0,35,174,2
chr1:212214002-212215199,0,84,17,41,0,42,79,0
chr1:212628002-212631599,6097,2932,10172,2152,1427,2649,7004,2451
chr1:212633202-212634000,1694,398,3616,325,168,518,1612,324
chr1:212635135-212635488,623,89,1131,183,9,188,724,50
chr1:212635650-212635926,589,185,938,144,20,129,289,27
chr1:212636445-212637014,185,54,1334,209,0,106,489,52
chr1:212650601-212651000,22,47,33,75,51,93,27,57
chr1:212651600-212652000,22,41,7,4,0,73,78,19
chr1:212712201-212713200,19,24,14,12,10,0,0,0
chr1:212722736-212722875,0,51,6,8,52,13,35,2
chr1:212723072-212723271,0,0,0,13,23,19,14,0
chr1:212724165-212724550,18,0,28,15,19,0,19,54
chr1:212818201-212821599,157,0,81,221,102,47,154,69
chr1:212827401-212828392,90,0,0,41,0,0,47,33
chr1:213276801-213277799,53,0,0,96,17,15,15,0
chr1:213279601-213280600,0,21,61,70,134,116,75,21
chr1:213280802-213282399,16,49,0,54,65,0,47,0
chr1:214259202-214260199,22,0,27,44,42,59,0,62
chr1:214261001-214262400,35,0,0,103,69,30,0,54
chr1:214263801-214265200,37,6,0,1,21,16,10,67
chr1:214270601-214270800,20,24,8,26,10,68,28,39
chr1:214271401-214272399,38,13,85,133,63,15,67,55
chr1:214277201-214278200,706,130,272,592,376,360,520,318
chr1:218339602-218340599,17,76,70,50,0,104,75,39
chr1:219227001-219228000,97,49,0,47,328,75,189,103
chr1:219264001-219265482,106,0,112,109,144,29,213,325
chr1:219302201-219305200,233,117,16,319,345,148,503,139
chr1:219312402-219313800,20,0,0,63,21,5,39,0
chr1:219323002-219326199,81,0,0,143,237,50,135,83
chr1:219329001-219331000,152,0,22,187,236,0,343,139
chr1:219347380-219348464,22,0,0,32,0,0,15,36
chr1:219350167-219351057,9,0,0,77,0,0,15,21
chr1:219405800-219406401,59,195,44,83,117,29,113,355
chr1:219469732-219470092,0,46,22,6,20,20,26,22
chr1:219489202-219491200,8,0,0,21,0,0,14,26
chr1:219498687-219499110,17,0,0,0,10,0,28,11
chr1:219517801-219519399,26,0,0,18,32,31,0,109
chr1:219555442-219555594,3,5,26,2,14,28,12,5
chr1:219576401-219577600,10,0,0,0,4,23,16,64
chr1:220300528-220300765,22,0,18,0,10,0,0,9
chr1:220666201-220666600,0,106,14,41,0,0,0,11
chr1:220680063-220680531,0,5,27,30,30,0,73,10
chr1:220699802-220703800,59,52,319,433,76,63,223,151
chr1:221283401-221284401,0,0,37,13,0,0,15,20
chr1:221286401-221287200,0,0,28,12,39,0,15,23
chr1:221290801-221291600,33,0,0,73,85,30,37,22
chr1:221292201-221292400,22,16,0,29,0,0,28,0
chr1:221292601-221293000,0,27,22,16,19,0,9,18
chr1:221699087-221699347,0,24,0,5,0,0,2,2
chr1:221742665-221743257,57,101,130,136,74,109,15,100
chr1:221792602-221796000,137,0,25,25,0,0,31,0
chr1:221801202-221802799,0,23,0,9,0,0,84,4
chr1:221805001-221805999,47,13,0,0,0,150,24,0
chr1:221806401-221807600,202,0,244,38,51,0,136,31
chr1:221809052-221809413,54,0,25,0,0,26,19,0
chr1:221816401-221817800,75,0,145,0,0,241,68,81
chr1:221845402-221846799,6,0,28,16,9,0,0,0
chr1:222784201-222786799,23,25,0,0,14,0,0,60
chr1:223038201-223042200,23,0,0,20,54,79,24,0
chr1:223051801-223052400,20,0,0,6,0,57,9,0
chr1:223106602-223107600,140,62,25,44,212,166,418,357
chr1:223476801-223477200,0,0,0,4,41,0,3,57
chr1:223678202-223680399,9,0,20,13,0,0,22,19
chr1:223776988-223777353,12,20,8,41,0,0,52,4
chr1:223916201-223916400,0,47,0,36,9,0,2,0
chr1:223917201-223918000,43,23,0,17,0,0,0,13
chr1:223919402-223921226,43,0,0,52,32,0,1,21
chr1:224035801-224036600,26,0,28,19,20,19,45,19
chr1:224037801-224038200,34,36,19,24,55,4,19,34
chr1:224039201-224041000,0,49,80,44,91,60,14,44
chr1:224195002-224197600,116,416,125,426,167,226,217,177
chr1:224201202-224202000,49,2,4,237,35,131,322,110
chr1:224758402-224761599,47,26,0,32,74,25,43,41
chr1:225437801-225439399,0,0,14,46,21,0,29,0
chr1:225691002-225697923,20,0,0,64,18,54,0,90
chr1:225761602-225765399,73,6,77,138,20,0,74,110
chr1:225805001-225806200,0,239,362,107,41,30,16,43
chr1:225977001-225978999,0,52,0,57,0,0,16,29
chr1:225999996-226000467,15,22,0,28,4,98,65,234
chr1:226092813-226093799,45,0,49,25,36,0,0,96
chr1:226097975-226098359,23,0,0,2,40,0,9,0
chr1:226104202-226105200,34,34,0,15,59,15,18,185
chr1:226354801-226355000,17,33,5,8,13,0,7,41
chr1:226355601-226357200,71,486,296,132,76,88,125,253
chr1:226545601-226546705,41,0,0,61,119,183,31,33
chr1:226547690-226547925,0,0,14,17,14,15,9,0
chr1:226624413-226625294,42,70,27,108,105,90,32,58
chr1:226627816-226628209,14,19,0,13,3,6,0,0
chr1:226813002-226822799,0,0,0,16,0,58,10,28
chr1:227912601-227917599,22,0,0,29,41,0,10,14
chr1:227950001-227950200,64,0,0,8,13,0,43,12
chr1:227972800-227973600,71,159,505,2,29,207,257,477
chr1:228163108-228163409,29,34,0,4,0,0,4,46
chr1:228185202-228187000,180,123,0,468,133,242,163,20
chr1:228189201-228189400,0,12,2,27,90,4,0,9
chr1:228191587-228192400,116,121,54,180,172,30,89,189
chr1:228192801-228193000,52,21,0,19,40,0,7,25
chr1:228194001-228195000,131,204,18,104,258,154,123,11
chr1:228197001-228198600,490,402,397,467,551,262,510,278
chr1:228420801-228421201,88,0,0,79,38,75,76,13
chr1:228423601-228424000,17,0,0,41,25,0,40,11
chr1:228428001-228429400,167,25,0,203,84,30,149,140
chr1:228433001-228433800,212,58,0,156,36,0,80,55
chr1:228451802-228453600,163,49,0,19,19,21,14,41
chr1:228497401-228497600,174,592,197,232,175,235,267,112
chr1:228498201-228498400,36,107,46,52,59,75,161,0
chr1:228500907-228501201,0,54,6,0,0,30,10,0
chr1:228503001-228504800,21,111,56,76,41,0,59,117
chr1:228684201-228685600,77,0,0,0,3,0,8,63
chr1:228747600-228748800,12,0,0,8,21,0,12,29
chr1:228751601-228755000,55,44,0,51,149,114,31,217
chr1:228791602-228796199,13,0,59,11,0,0,0,20
chr1:228890001-228891200,154,0,0,48,0,59,0,40
chr1:229436362-229436726,22,0,0,24,10,0,17,11
chr1:229661106-229661800,20,16,48,64,42,0,20,22
chr1:229663202-229665199,137,169,55,48,178,150,244,116
chr1:229666401-229666600,22,18,15,0,20,16,6,6
chr1:230806601-230808800,46,0,0,0,15,0,20,3
chr1:230831201-230833200,53,0,22,21,0,0,47,0
chr1:230902384-230902708,0,11,0,0,14,14,52,10
chr1:231013352-231014000,145,291,149,69,45,131,126,36
chr1:231330801-231331000,93,221,196,108,38,99,194,87
chr1:231357401-231360000,1076,921,805,585,874,766,850,755
chr1:232044202-232046999,0,36,0,42,19,0,34,24
chr1:232050601-232051600,13,0,0,21,2,0,30,13
chr1:232057201-232057601,16,13,0,12,0,0,24,0
chr1:232059602-232060200,0,0,0,5,0,60,4,21
chr1:232084401-232085200,22,18,0,0,41,28,0,0
chr1:232292401-232293200,0,0,0,11,31,6,0,20
chr1:232376602-232380399,0,18,0,9,0,0,31,11
chr1:233298201-233298400,0,12,17,21,0,3,0,0
chr1:233299401-233299600,35,14,0,17,0,0,12,0
chr1:233683401-233684400,0,0,55,0,0,29,23,18
chr1:234368402-234370799,60,0,0,70,19,0,29,48
chr1:234522571-234523105,37,0,0,29,22,0,23,6
chr1:234523484-234524014,38,0,0,13,35,30,7,0
chr1:234561002-234562831,0,0,27,10,12,0,15,0
chr1:234581201-234587600,124,10,71,211,140,0,370,204
chr1:234588802-234590528,0,0,0,43,61,0,32,27
chr1:234594201-234595000,15,11,5,6,0,22,35,22
chr1:234599536-234600470,0,0,0,0,20,120,15,21
chr1:234600590-234600869,14,0,14,22,20,0,7,0
chr1:234602474-234603096,114,386,401,231,43,87,396,165
chr1:234610342-234611931,277,488,545,302,106,176,314,240
chr1:234613596-234613905,50,0,0,12,0,0,41,36
chr1:234624001-234625200,39,25,0,0,0,30,7,0
chr1:234638601-234640400,37,0,26,85,12,0,26,20
chr1:234642918-234643736,0,0,112,39,0,22,16,0
chr1:234763001-234765399,21,0,0,22,19,0,49,0
chr1:234941402-234947200,34,0,53,24,39,91,18,16
chr1:234954233-234954523,64,0,0,24,35,0,15,0
chr1:234954799-234955147,5,24,0,7,21,0,31,0
chr1:234955323-234955585,21,24,0,16,11,0,8,7
chr1:234955680-234956066,37,24,0,0,5,0,29,0
chr1:234973225-234973608,26,0,0,6,7,0,6,0
chr1:234975087-234975656,76,0,0,0,73,0,30,21
chr1:234977001-234977426,195,0,0,8,172,0,90,11
chr1:235052369-235052673,90,1,379,38,99,105,155,88
chr1:235062457-235062809,204,17,126,21,79,11,24,0
chr1:235905601-235906401,52,58,13,8,20,30,29,44
chr1:236065840-236066076,93,109,72,74,298,227,23,53
chr1:236066887-236067439,23,25,6,70,152,103,32,40
chr1:236067903-236068184,0,22,0,34,50,32,28,40
chr1:236071601-236072799,0,1,0,34,0,68,26,71
chr1:236287798-236288800,0,0,59,0,64,91,15,0
chr1:236948001-236949000,0,0,55,38,0,0,11,87
chr1:243018401-243018600,23,5,0,27,0,0,2,0
chr1:244314001-244316199,3,0,0,50,147,13,15,22
chr1:244322997-244323386,4,12,0,7,0,0,0,18
chr1:244336401-244337400,8,0,0,12,20,0,14,20
chr1:244820201-244821600,83,25,218,26,21,24,49,38
chr1:244824801-244825800,0,99,81,50,63,0,15,0
chr1:244831201-244831800,129,85,73,35,93,60,74,11
chr1:245129201-245131400,667,140,375,500,495,178,808,754
chr1:246674201-246674600,0,24,0,28,0,11,13,0
chr1:246702802-246710800,0,39,44,74,43,0,41,69
chr1:247173107-247173432,18,47,0,12,36,0,15,107
chr1:247281001-247282000,0,66,55,60,100,0,22,196
chr1:247289400-247289601,0,8,9,22,0,15,0,0
chr1:247332773-247333636,1852,1574,1231,1581,1015,1421,1584,2698
chr1:247350202-247351400,96,0,28,112,72,28,29,59
chr1:247358944-247359443,85,37,27,22,35,9,31,59
chr1:247360162-247360458,37,10,0,11,43,0,6,21
chr1:247360881-247361287,68,0,0,66,24,0,12,21
chr1:247366202-247370200,472,124,222,233,724,87,161,644
chr1:247370401-247371601,93,74,0,25,57,0,28,33
chr1:247376726-247377085,98,16,0,31,198,0,7,79
chr1:247854201-247855443,13,0,25,6,8,0,0,0
chr1:248790602-248796200,0,45,31,23,23,0,46,48
chr1:248805127-248805255,6,41,172,6,0,0,0,9
chr1:248809601-248809800,0,16,161,15,0,0,13,0
chr1:248828924-248829141,22,0,33,0,10,0,15,55
chr1:248924002-248930200,565,253,115,393,527,319,1052,261
chr9:761201-762999,131,0,56,6,0,0,52,0
chr9:973791-974076,12,0,0,8,62,0,13,0
chr9:974801-975001,37,0,10,6,12,0,0,11
chr9:1949001-1952000,40,0,27,0,0,29,80,95
chr9:2213801-2214600,0,20,0,4,0,0,7,11
chr9:2231835-2232600,19,24,0,12,0,0,42,0
chr9:2234202-2235599,20,25,0,13,34,0,0,0
chr9:2273601-2274200,0,16,15,0,0,103,57,21
chr9:2663201-2665000,40,47,0,15,41,0,9,0
chr9:2677401-2678800,150,84,31,118,94,60,176,272
chr9:2686801-2687400,73,0,27,14,25,0,0,74
chr9:2691201-2691800,3,0,0,38,0,0,9,11
chr9:2699401-2702400,233,151,261,302,177,89,223,213
chr9:2711601-2712000,22,0,0,8,20,0,5,0
chr9:3696001-3698787,649,145,180,518,738,590,340,829
chr9:3730400-3730801,0,74,0,19,78,8,3,0
chr9:3731000-3731201,0,25,0,11,33,0,0,15
chr9:3735208-3737400,121,71,0,37,352,86,156,328
chr9:3740402-3743199,92,18,0,66,126,0,43,61
chr9:3745802-3747400,0,0,0,25,162,0,21,23
chr9:3750802-3752199,23,0,0,41,161,0,15,22
chr9:3822201-3822400,6,26,9,0,0,0,38,21
chr9:4421801-4423799,44,35,51,172,43,0,157,23
chr9:4424002-4426799,41,41,0,277,61,33,292,77
chr9:4430001-4431600,93,146,41,167,68,0,81,178
chr9:4886601-4888199,301,326,83,313,228,338,458,236
chr9:4888401-4888600,17,12,19,73,39,30,52,33
chr9:4892272-4892588,83,252,82,137,161,237,210,112
chr9:4894200-4894600,11,0,0,35,0,30,27,22
chr9:4904001-4906000,17,49,0,196,82,31,76,61
chr9:4923602-4924999,129,189,80,36,97,52,219,121
chr9:4926802-4927999,23,41,28,13,83,30,123,0
chr9:4929601-4930400,143,88,8,82,41,0,101,138
chr9:4932802-4934399,0,7,0,39,0,0,57,16
chr9:4965201-4965800,22,24,27,0,21,0,27,44
chr9:4970602-4972000,33,43,0,76,42,0,99,14
chr9:5440801-5441600,44,0,28,32,99,0,30,41
chr9:5442202-5444800,89,12,57,26,71,25,45,67
chr9:5843832-5844207,0,22,0,2,10,30,0,6
chr9:5857602-5859600,152,42,25,191,257,170,138,119
chr9:5860001-5860400,19,12,20,15,81,133,43,11
chr9:5864201-5864800,11,40,14,6,0,0,0,21
chr9:5870800-5871200,0,24,0,27,0,30,7,0
chr9:5874401-5875000,80,41,99,104,183,9,77,59
chr9:5875401-5876000,47,0,0,61,77,78,53,61
chr9:5879593-5879782,2,21,0,26,32,0,67,12
chr9:6680822-6681975,62,0,0,51,20,0,46,0
chr9:7209401-7212800,20,83,0,37,18,0,91,217
chr9:12828601-12829000,11,182,117,335,215,1,125,232
chr9:12875001-12875600,26,68,74,89,20,0,0,76
chr9:12877000-12877201,16,0,15,40,0,25,15,5
chr9:12877801-12879600,86,102,113,216,41,146,201,164
chr9:12880002-12881599,16,0,35,127,17,104,0,60
chr9:12881802-12883034,0,22,52,0,42,29,0,44
chr9:12915601-12917400,0,2,26,179,0,0,0,28
chr9:12922201-12922801,9,16,14,6,0,0,0,0
chr9:12923201-12924213,0,19,0,72,0,0,15,80
chr9:12930801-12931201,0,26,0,48,28,103,0,0
chr9:12931601-12932400,43,0,0,20,0,80,14,16
chr9:12933401-12935600,118,50,36,107,21,0,31,108
chr9:12947001-12947800,39,10,0,92,3,22,23,22
chr9:13282602-13284599,0,32,0,50,21,0,14,55
chr9:13970001-13971000,0,13,0,12,9,0,0,8
chr9:13974801-13976600,0,11,0,85,61,60,0,0
chr9:14006800-14007001,0,12,12,12,13,0,0,0
chr9:14547123-14548399,26,0,35,12,17,0,23,22
chr9:16099401-16104999,0,0,0,23,38,0,17,24
chr9:16135821-16140399,20,0,25,58,0,0,14,0
chr9:17519801-17521600,67,20,26,53,19,0,7,60
chr9:19208402-19209483,9,0,0,12,20,8,0,0
chr9:19213801-19214200,0,16,0,0,20,0,4,11
chr9:21294001-21296800,71,109,166,220,53,22,37,44
chr9:21311401-21311800,7,0,2,13,0,0,0,11
chr9:21312201-21312600,20,49,0,12,9,48,10,13
chr9:21316201-21317200,65,81,25,72,39,29,15,0
chr9:21317802-21319000,224,669,173,206,343,92,223,80
chr9:21320201-21320400,25,120,92,51,98,85,161,36
chr9:21325001-21325200,132,264,123,52,265,93,185,264
chr9:22216709-22217625,0,0,8,0,16,0,7,13
chr9:26715202-26716234,74,49,28,13,21,0,45,18
chr9:26723201-26724000,45,86,0,11,2,41,0,5
chr9:27064601-27066000,418,377,342,524,484,662,446,217
chr9:27067401-27068400,176,91,189,177,138,146,114,45
chr9:27073801-27074800,212,202,198,227,65,164,170,162
chr9:27078401-27079200,101,0,84,18,27,0,15,22
chr9:27081200-27081401,70,14,98,48,116,106,52,10
chr9:27086602-27087999,46,63,28,72,0,60,15,22
chr9:27093801-27095399,0,23,0,13,0,0,28,9
chr9:32533601-32534000,43,17,0,51,10,0,25,56
chr9:33092601-33093000,16,71,0,0,0,18,14,0
chr9:33380202-33382600,86,90,48,38,0,147,19,45
chr9:33452202-33460199,143,378,178,128,208,95,157,255
chr9:33494001-33494600,16,0,0,0,40,0,13,60
chr9:33703601-33704400,200,158,250,52,59,126,152,170
chr9:33705076-33705103,4,4,0,0,3,22,0,0
chr9:34352084-34352800,3,24,0,43,34,31,44,12
chr9:34902162-34902524,0,32,20,60,20,80,63,11
chr9:34905001-34905800,64,0,0,119,82,0,76,22
chr9:34906201-34907200,44,124,1,103,52,73,124,120
chr9:35030000-35030400,53,5,118,93,93,30,45,0
chr9:35036337-35036477,14,0,0,26,0,13,4,0
chr9:35084801-35085200,326,215,199,215,276,158,199,294
chr9:35155801-35157599,209,273,96,334,283,249,391,104
chr9:35157680-35160399,89,84,55,170,209,26,185,67
chr9:35565801-35566000,15,39,20,16,33,0,37,14
chr9:35566127-35566880,91,94,85,179,92,46,113,54
chr9:35569001-35571400,164,74,84,99,42,0,27,20
chr9:35598802-35600600,40,88,0,121,0,60,46,13
chr9:35694401-35695401,721,2508,1578,2946,375,810,1017,918
chr9:35769983-35770352,90,104,60,51,72,50,43,22
chr9:35905138-35905530,10,48,64,44,22,38,9,0
chr9:35907861-35908404,20,183,98,74,6,45,62,0
chr9:35908610-35908980,0,149,35,91,98,84,24,43
chr9:35948202-35950400,111,165,191,46,114,130,252,115
chr9:35951402-35955409,221,183,74,250,280,190,244,11
chr9:36187202-36188399,96,0,0,70,59,14,133,153
chr9:36306201-36307200,173,307,35,119,223,120,117,278
chr9:37361401-37362200,0,23,20,76,16,47,43,22
chr9:37362400-37363800,66,52,166,224,115,0,60,36
chr9:37364001-37367000,121,147,27,560,148,386,291,309
chr9:37368801-37369400,0,0,0,97,20,51,0,21
chr9:37369725-37370111,22,24,42,48,0,0,0,10
chr9:37374695-37375043,15,6,0,34,0,2,12,14
chr9:37378166-37378583,4,107,0,30,20,10,5,50
chr9:37399601-37400200,17,0,11,60,31,0,39,0
chr9:37402002-37404799,133,169,0,374,118,27,107,44
chr9:37406802-37407400,157,97,58,42,146,125,29,52
chr9:37408943-37409707,86,59,56,101,91,30,27,151
chr9:37418200-37418601,26,0,0,12,27,30,0,11
chr9:38073602-38075600,35,176,155,136,194,75,521,153
chr9:38078201-38085399,0,0,106,67,0,28,134,115
chr9:38091001-38092199,23,11,0,2,0,30,52,0
chr9:38194001-38197600,0,0,0,33,19,28,11,0
chr9:38309001-38312199,14,0,0,132,39,0,23,41
chr9:38315201-38316600,31,0,0,215,78,30,23,44
chr9:40115201-40116000,0,0,0,6,18,28,0,44
chr9:40374201-40376799,0,29,43,26,21,30,32,26
chr9:40396001-40396800,22,96,181,0,19,60,65,109
chr9:40577601-40577800,193,980,457,203,64,281,122,437
chr9:40578201-40579400,331,956,1431,344,342,1180,247,695
chr9:40637601-40640799,47,47,83,100,21,50,26,111
chr9:41641273-41641600,39,24,66,27,17,0,31,137
chr9:42571401-42572200,19,0,28,10,10,30,52,44
chr9:42589401-42590600,19,0,13,43,0,0,0,22
chr9:42594001-42594800,10,0,0,4,0,0,15,8
chr9:64430601-64430800,5,14,12,60,29,9,30,0
chr9:64468802-64469800,41,0,0,12,48,11,26,13
chr9:64515002-64516600,0,26,171,9,21,60,0,0
chr9:64554401-64556400,23,0,29,0,19,0,31,23
chr9:64603801-64605400,2125,4928,4826,622,2009,2359,3290,2307
chr9:64739401-64740200,25,45,0,62,28,0,0,6
chr9:64759601-64760400,11,0,143,6,0,0,15,10
chr9:64761801-64763600,10,0,40,59,0,28,9,0
chr9:64768001-64768400,0,24,14,8,0,0,0,7
chr9:65910801-65911000,30,188,136,50,74,63,35,96
chr9:65911401-65912800,426,2403,1592,184,411,690,407,880
chr9:65941801-65942600,19,141,225,12,20,64,84,91
chr9:65999601-66002200,0,76,178,26,0,92,16,22
chr9:66276401-66279800,381,105,81,727,242,188,313,207
chr9:66300401-66300800,36,12,0,117,10,41,60,0
chr9:66307401-66307600,6,12,0,25,0,9,5,0
chr9:66314400-66314601,0,22,19,35,0,11,1,45
chr9:66359601-66360200,0,24,0,44,0,0,11,28
chr9:66369601-66370000,68,12,26,74,0,0,16,30
chr9:69017802-69022799,0,24,0,12,0,29,0,7
chr9:69393201-69393600,0,0,0,17,17,0,33,39
chr9:69396401-69398400,0,0,0,25,82,0,39,52
chr9:70030602-70031999,0,48,0,88,61,0,30,66
chr9:70356801-70357600,0,6,0,20,14,0,6,30
chr9:70418471-70421162,124,39,0,111,96,133,27,35
chr9:70434602-70440199,0,27,0,85,7,0,17,16
chr9:70462201-70462601,0,15,6,14,6,9,14,0
chr9:70465202-70473999,39,86,0,267,48,121,63,38
chr9:70483201-70487199,0,26,96,108,0,71,0,0
chr9:70502401-70506599,62,0,0,159,23,83,17,0
chr9:70518001-70518800,121,0,41,114,18,223,77,41
chr9:70524401-70527199,20,50,41,104,0,0,92,44
chr9:71660201-71660600,0,60,17,23,10,0,15,0
chr9:71661402-71664843,0,73,300,37,0,0,167,129
chr9:71669801-71670800,0,44,20,24,0,37,15,18
chr9:71677859-71678047,0,0,0,12,0,44,15,11
chr9:71678323-71678500,0,16,28,5,0,0,19,0
chr9:71987601-71988001,16,0,0,76,2,0,14,11
chr9:71990600-71990800,18,12,7,12,0,0,0,11
chr9:72006401-72007000,22,23,6,44,32,0,8,6
chr9:72024202-72026399,16,0,0,13,0,0,15,22
chr9:72476001-72480199,56,0,0,10,0,91,13,0
chr9:72484201-72484400,15,0,0,12,4,0,32,0
chr9:72485602-72486999,37,50,0,37,19,22,89,2
chr9:72856002-72859199,57,140,0,386,364,31,231,506
chr9:72859601-72859800,33,56,69,78,72,0,124,66
chr9:72863801-72864000,22,97,0,38,78,21,45,51
chr9:72864401-72864800,86,30,0,147,90,17,33,99
chr9:72882201-72882776,26,86,0,155,64,66,69,104
chr9:72894201-72895056,23,25,28,299,111,82,39,88
chr9:72896582-72896931,0,56,0,73,66,15,0,48
chr9:73087202-73087999,266,24,0,12,26,0,54,32
chr9:73175801-73177400,0,0,0,12,21,60,0,23
chr9:73178802-73181199,0,35,26,0,19,0,19,0
chr9:75151003-75151394,22,92,13,200,20,24,100,29
chr9:75154801-75157400,151,225,57,747,267,272,174,139
chr9:75160602-75162199,97,154,47,473,184,177,130,44
chr9:75167001-75168001,254,367,430,391,300,576,337,145
chr9:75168602-75171199,283,352,303,775,256,231,185,226
chr9:75176201-75176800,156,387,181,382,71,28,104,19
chr9:75184401-75184600,134,565,188,77,207,58,171,209
chr9:75185601-75186200,754,1560,449,278,396,431,725,689
chr9:75186401-75187200,112,252,191,121,242,169,223,97
chr9:75447401-75448800,0,6,0,26,21,0,7,0
chr9:75452401-75453000,11,0,0,3,20,0,23,0
chr9:75454002-75456600,42,8,0,114,135,25,53,11
chr9:75456801-75458200,4,0,28,24,86,0,34,24
chr9:76369002-76370599,0,26,0,25,10,9,28,0
chr9:77690001-77690600,0,0,0,11,0,29,23,27
chr9:78288201-78290000,0,23,0,12,0,28,0,20
chr9:81564201-81565001,33,45,56,6,101,30,15,22
chr9:81565401-81567201,75,23,0,12,71,60,78,10
chr9:81573401-81574801,73,61,124,72,59,0,162,36
chr9:81575001-81577199,0,186,155,40,21,0,116,0
chr9:81578201-81580200,89,26,122,235,57,0,66,0
chr9:81581201-81582400,23,23,0,72,0,0,47,0
chr9:81818201-81821199,0,34,100,63,41,273,0,0
chr9:81822202-81830199,83,274,74,54,131,174,82,127
chr9:83569001-83571099,0,24,27,24,0,0,15,0
chr9:83655401-83655800,17,0,11,38,57,0,0,0
chr9:83656001-83656200,13,0,13,16,25,15,7,0
chr9:83657004-83657363,73,49,43,42,0,9,29,6
chr9:83964693-83966600,0,49,0,261,0,0,31,44
chr9:85128801-85130200,43,0,12,13,0,0,34,0
chr9:85522144-85522559,129,0,17,66,181,146,57,41
chr9:85525402-85529800,276,50,8,85,138,287,159,242
chr9:85531401-85539399,549,614,430,426,592,1045,422,476
chr9:85541801-85542400,104,41,110,81,32,77,63,106
chr9:85543001-85543600,546,694,703,668,541,579,1130,681
chr9:85858001-85858200,83,131,99,84,158,11,72,44
chr9:85859401-85860400,176,396,202,489,222,23,271,270
chr9:85860601-85861400,86,322,295,261,180,247,133,115
chr9:85867862-85868235,0,37,0,22,10,88,0,52
chr9:85871001-85872001,113,153,98,205,280,192,210,174
chr9:85878801-85880200,159,25,28,151,7,16,89,52
chr9:85881001-85881200,20,5,0,7,26,0,0,10
chr9:85914001-85914800,22,24,56,79,0,0,4,22
chr9:86116401-86116999,0,5,0,0,9,0,15,19
chr9:86262001-86263400,12,25,0,26,0,0,15,0
chr9:86541801-86542800,0,13,0,25,13,0,13,21
chr9:86548602-86552050,0,0,25,90,0,61,32,0
chr9:86556802-86558199,0,98,0,91,0,27,23,44
chr9:86562802-86564199,0,25,0,104,0,38,0,44
chr9:86575401-86577199,0,23,56,197,51,135,63,39
chr9:86577601-86579000,0,105,0,168,21,105,0,0
chr9:86580601-86581046,0,24,0,23,9,75,7,0
chr9:86598002-86603199,15,0,0,70,21,267,16,45
chr9:86762201-86768400,64,0,0,26,17,24,70,0
chr9:87005201-87005400,20,0,0,23,49,0,37,76
chr9:87108602-87109799,60,0,0,25,16,0,39,33
chr9:87118802-87120399,16,0,0,21,21,15,0,0
chr9:87178002-87180600,0,0,0,6,28,82,0,22
chr9:87275402-87278399,26,0,0,38,0,59,31,34
chr9:87713257-87713953,18,0,28,6,0,0,0,4
chr9:88344202-88345146,2,18,56,6,0,0,0,0
chr9:88363001-88363200,4,21,0,0,38,30,11,0
chr9:88372201-88372800,18,49,223,12,20,0,12,0
chr9:88373002-88374000,0,42,0,0,63,15,0,21
chr9:88377802-88380799,44,73,22,25,0,0,9,34
chr9:88383001-88383800,0,48,14,6,41,0,9,22
chr9:88479401-88479600,179,144,144,138,125,93,192,100
chr9:88523026-88523999,58,0,7,46,16,0,16,0
chr9:88531816-88532263,22,0,0,20,10,0,15,42
chr9:88533262-88533458,0,0,0,51,25,0,5,65
chr9:88871402-88873399,0,0,0,13,0,15,16,23
chr9:88920201-88928800,244,0,0,101,23,204,26,187
chr9:89180221-89180754,0,20,0,7,0,14,7,0
chr9:89225509-89227599,0,0,27,26,43,0,2,21
chr9:89278601-89279756,44,0,0,34,41,59,14,0
chr9:89285601-89286000,26,17,0,44,0,0,94,22
chr9:89303802-89305399,21,0,0,27,0,0,13,44
chr9:89310204-89310397,481,786,332,270,510,518,403,721
chr9:90973418-90975799,10,3,13,36,88,174,9,58
chr9:90985067-90986131,109,50,0,8,119,29,225,68
chr9:90986801-90987000,4,16,0,21,57,0,14,0
chr9:90988201-90988400,0,0,14,24,8,10,28,21
chr9:91059402-91062799,0,0,25,109,125,0,274,133
chr9:91067401-91069200,0,23,0,45,0,0,39,20
chr9:91070801-91073599,20,0,0,23,73,44,8,0
chr9:91402801-91405599,46,86,10,0,0,0,31,0
chr9:91482601-91484600,83,13,85,13,21,0,72,0
chr9:91486656-91490399,0,0,0,12,20,29,31,0
chr9:92679201-92681001,0,0,26,50,0,0,27,20
chr9:92685002-92685999,22,16,27,29,0,0,0,0
chr9:92705801-92706000,8,25,0,11,2,0,12,30
chr9:92706202-92708599,146,274,253,198,92,114,238,174
chr9:93118273-93118639,0,134,0,13,10,0,7,61
chr9:93119813-93120364,18,119,0,36,0,0,47,49
chr9:93120404-93120661,0,47,25,7,0,0,7,41
chr9:93149441-93149872,12,24,28,0,15,0,0,21
chr9:93567323-93567450,20,92,108,26,56,18,57,64
chr9:93572920-93573235,126,37,36,97,94,98,151,142
chr9:94110401-94111201,94,47,124,382,47,142,99,2
chr9:94111601-94111800,61,72,1,69,14,43,26,25
chr9:94315801-94316800,0,0,24,126,19,0,0,21
chr9:94330001-94331199,0,25,0,21,49,90,0,55
chr9:94692346-94694999,19,0,29,4,14,0,16,0
chr9:95091654-95091748,0,0,0,31,4,3,7,11
chr9:95092066-95092797,17,33,0,288,44,16,84,21
chr9:96232202-96233400,0,131,17,13,19,83,39,0
chr9:96877322-96877581,0,12,1,25,10,0,12,22
chr9:96879402-96880399,93,148,9,120,132,0,144,291
chr9:96883201-96886000,723,544,384,1070,914,709,950,1000
chr9:97133601-97134400,16,0,0,9,20,0,11,0
chr9:97857601-97858600,11,35,0,10,20,0,0,0
chr9:97873583-97874599,148,426,324,199,400,165,117,103
chr9:97888201-97888600,142,245,123,130,164,45,143,94
chr9:97889801-97891200,301,443,158,448,657,30,217,130
chr9:97895801-97896400,94,140,8,266,147,70,118,45
chr9:98021401-98023199,16,17,26,79,59,0,72,44
chr9:98912601-98913000,108,0,0,10,17,0,50,0
chr9:98916001-98918400,925,274,258,288,171,560,3663,244
chr9:98920601-98921400,149,9,60,101,171,251,1468,11
chr9:98922402-98925999,161,0,53,24,39,0,472,0
chr9:98929600-98930401,45,0,0,12,0,0,7,44
chr9:98938801-98940400,112,0,29,13,10,44,246,0
chr9:99073983-99079799,104,57,0,59,24,34,18,16
chr9:99155601-99156000,23,86,0,0,0,0,38,5
chr9:99158402-99160399,265,381,170,45,65,31,134,159
chr9:99186402-99187999,33,200,305,25,0,0,14,204
chr9:99210601-99214717,110,591,404,229,146,114,140,143
chr9:99234802-99237399,108,97,197,175,96,0,220,173
chr9:99239201-99240200,40,176,55,109,31,120,97,87
chr9:99243201-99245600,125,270,187,89,92,85,149,80
chr9:99259478-99259857,28,0,0,10,38,0,15,0
chr9:99263110-99264800,0,0,0,25,16,30,1,22
chr9:99385202-99386599,39,50,0,0,0,22,15,10
chr9:99389201-99389601,164,0,0,72,66,30,21,0
chr9:99392401-99392800,50,12,28,0,65,0,22,29
chr9:99977601-99977800,62,20,93,57,112,67,96,67
chr9:100355800-100356200,11,0,25,0,0,15,14,12
chr9:100356601-100358000,69,25,0,78,78,149,26,44
chr9:100388802-100390600,250,70,83,191,232,17,242,151
chr9:100394201-100396200,80,124,140,263,214,91,178,188
chr9:100589201-100590801,0,0,0,0,8,31,31,18
chr9:101417801-101419049,26,59,64,83,197,59,99,0
chr9:101461802-101463799,23,49,0,33,13,31,14,0
chr9:101464601-101466800,39,0,4,78,0,0,84,0
chr9:104932201-104932400,25,45,8,22,97,17,28,32
chr9:104933602-104936200,477,343,0,153,570,421,134,218
chr9:104936602-104937200,180,104,0,0,209,60,68,74
chr9:104993131-104994123,46,3,0,0,31,60,0,0
chr9:105835401-105837199,0,23,0,12,19,0,81,41
chr9:106858401-106858600,0,17,0,67,29,23,55,26
chr9:107336001-107338799,16,96,57,45,211,27,217,138
chr9:107340601-107341800,23,182,13,3,153,0,149,43
chr9:107345002-107346800,0,20,23,0,39,0,70,20
chr9:107494001-107494400,22,0,14,6,0,48,11,0
chr9:107496601-107497600,22,0,55,0,17,0,15,0
chr9:107512801-107514599,0,35,0,12,17,0,14,54
chr9:107737202-107740942,22,6,0,22,30,0,11,0
chr9:107742201-107743000,0,0,0,6,0,28,5,15
chr9:107744401-107745799,43,0,0,13,0,30,0,24
chr9:107807002-107807799,94,20,0,0,30,0,4,35
chr9:107979201-107984199,44,24,0,42,41,0,41,87
chr9:107998601-107999800,10,0,0,32,4,0,78,55
chr9:108000544-108003200,194,25,54,85,244,0,120,84
chr9:108012201-108014799,11,0,28,52,42,0,75,105
chr9:108016601-108017000,66,0,20,15,7,95,170,33
chr9:108017601-108018200,90,0,0,33,30,15,106,101
chr9:108020201-108020400,39,0,0,25,0,0,61,52
chr9:108020602-108021800,1,0,84,49,0,0,153,6
chr9:108034600-108036000,41,0,25,23,0,0,7,0
chr9:108049120-108049342,0,0,28,2,16,29,8,0
chr9:108093202-108096599,20,0,0,17,37,0,14,79
chr9:108295928-108302400,19,0,0,114,0,102,13,84
chr9:108467202-108470799,37,0,0,0,0,121,14,20
chr9:108620002-108625200,0,0,57,26,0,10,26,0
chr9:110179202-110181599,32,86,0,121,0,0,79,0
chr9:110184801-110185400,0,49,0,31,0,0,23,21
chr9:110213202-110215396,0,0,0,117,21,4,29,66
chr9:110240001-110241399,23,25,0,50,5,11,15,0
chr9:110257931-110258399,22,0,13,19,17,0,14,42
chr9:110582001-110582600,20,21,0,6,0,0,15,0
chr9:110626002-110627199,23,49,0,0,16,30,11,22
chr9:110655401-110656999,16,60,0,0,26,0,0,18
chr9:110834602-110836799,65,175,252,55,12,152,22,54
chr9:110857419-110857765,72,3,31,17,0,0,7,0
chr9:110867401-110868000,260,186,247,331,567,458,303,311
chr9:110870201-110870600,49,86,135,127,124,83,76,72
chr9:111039017-111039692,85,64,228,88,160,310,59,183
chr9:111042001-111042399,45,70,112,24,18,97,7,41
chr9:111073601-111079600,35,0,0,0,74,0,31,34
chr9:111098202-111100799,19,42,0,0,21,0,0,11
chr9:111108401-111110400,143,98,18,23,82,31,39,75
chr9:111682801-111684399,45,0,0,370,61,28,38,23
chr9:111799801-111800400,11,0,27,43,63,0,109,48
chr9:111804001-111807603,43,0,0,277,128,57,78,41
chr9:111823069-111823400,31,23,0,33,89,12,73,166
chr9:111828201-111828600,15,0,0,22,0,0,6,16
chr9:111848402-111855999,34,0,28,443,135,0,157,143
chr9:111857600-111858400,0,0,0,39,41,30,21,87
chr9:111863401-111864200,14,0,0,3,20,0,0,38
chr9:111866801-111867800,37,0,0,32,31,0,77,143
chr9:111890202-111893600,10,0,0,43,79,0,24,113
chr9:112193401-112196000,34,0,0,39,17,41,0,22
chr9:112203201-112204590,145,340,131,313,450,349,617,678
chr9:112213801-112214000,34,0,4,55,19,16,37,6
chr9:112337201-112338200,8,91,196,80,20,59,40,175
chr9:112338401-112339585,0,0,2,20,6,54,0,5
chr9:112341402-112342599,14,0,0,25,0,0,16,22
chr9:112354401-112354600,16,0,0,19,4,44,0,30
chr9:112355002-112356400,69,25,28,49,30,13,102,87
chr9:112360201-112361200,44,0,0,50,31,29,84,59
chr9:112361479-112362199,18,24,25,123,41,0,15,77
chr9:112373602-112374735,972,777,1207,1419,1154,1147,1154,1470
chr9:112741601-112742599,34,24,0,51,0,0,15,17
chr9:112747031-112747460,22,0,0,11,20,0,0,11
chr9:112894826-112895217,27,12,0,12,10,26,36,30
chr9:112917382-112918212,22,0,0,25,20,0,28,0
chr9:112921488-112922000,13,15,25,13,0,0,1,0
chr9:113624601-113625800,8,58,28,27,39,14,99,101
chr9:113626801-113628400,31,109,71,43,83,117,208,195
chr9:114603402-114608599,38,144,424,246,342,288,96,226
chr9:114652202-114654200,316,486,419,531,397,197,428,519
chr9:114693001-114695400,39,50,26,81,0,0,12,0
chr9:114699401-114699600,0,0,20,6,21,0,2,0
chr9:116405001-116405400,0,0,25,12,21,0,0,15
chr9:116417600-116418000,22,0,0,6,0,0,23,22
chr9:120383602-120385114,85,172,98,43,41,29,53,98
chr9:120385802-120388199,21,188,173,12,289,28,76,83
chr9:120896193-120896406,12,15,0,2,0,0,15,0
chr9:120899517-120900450,104,50,27,541,301,408,165,298
chr9:120900502-120900529,11,4,0,15,4,6,6,10
chr9:120940002-120943199,62,20,0,29,30,82,46,41
chr9:121053201-121053801,50,0,0,51,3,36,72,34
chr9:121057601-121058200,53,0,0,63,42,38,114,25
chr9:121059001-121059400,0,0,0,88,23,38,23,26
chr9:121059801-121060600,39,0,22,71,0,61,119,0
chr9:121061801-121063399,86,5,29,240,43,60,112,65
chr9:121067201-121068200,186,0,66,241,201,209,240,200
chr9:121333866-121336400,295,364,714,1063,393,521,385,673
chr9:121505802-121506599,249,0,0,99,34,59,58,169
chr9:121508202-121509399,179,0,0,101,23,14,71,147
chr9:121528802-121530399,21,0,71,90,125,0,44,37
chr9:121537001-121538637,88,0,27,184,155,58,32,149
chr9:121556663-121556971,30,0,0,6,62,0,15,11
chr9:121557741-121558271,46,1,0,50,10,2,9,71
chr9:121561001-121562800,21,0,0,74,2,28,87,62
chr9:121807201-121808399,26,25,0,9,16,0,6,0
chr9:122336402-122341199,43,23,53,12,0,28,69,13
chr9:122360002-122361399,25,0,23,0,0,0,10,28
chr9:123106967-123107076,3,0,0,15,7,0,9,10
chr9:124136402-124139999,0,0,13,0,9,28,26,0
chr9:124815941-124816271,0,0,10,6,10,15,15,0
chr9:125369401-125371400,65,150,163,142,0,122,41,20
chr9:127410201-127413600,558,333,391,673,905,457,788,775
chr9:127414801-127415800,0,37,0,126,31,59,139,98
chr9:127417184-127417400,0,0,23,17,16,0,23,15
chr9:127779232-127779712,20,14,14,11,17,38,15,11
chr9:127783109-127783529,11,0,0,6,0,19,0,11
chr9:127792201-127792400,150,673,412,139,360,238,300,280
chr9:127865557-127865919,59,63,38,87,32,28,201,59
chr9:127906713-127907081,0,40,8,31,14,21,32,18
chr9:127919353-127919812,0,0,28,28,20,0,12,16
chr9:128408872-128409400,22,63,2,24,189,342,18,93
chr9:128697601-128698364,1,43,70,128,27,60,53,98
chr9:128780802-128782400,0,0,17,0,37,6,11,0
chr9:129033400-129034800,10,0,0,3,30,0,0,16
chr9:129093601-129093800,0,31,41,10,12,0,54,13
chr9:129273401-129275200,0,0,0,30,19,14,14,0
chr9:129275402-129279399,35,13,29,148,0,63,16,0
chr9:129383578-129383872,0,16,0,10,59,0,13,40
chr9:129460807-129461380,89,0,0,73,79,47,55,2
chr9:129530001-129531000,13,0,0,16,0,0,15,15
chr9:129541202-129546400,0,0,0,65,57,30,21,22
chr9:129756002-129759200,57,0,0,108,48,63,13,27
chr9:129885800-129886135,14,0,11,12,12,0,2,0
chr9:130051863-130052225,0,24,0,19,0,0,43,72
chr9:130239401-130241399,17,0,0,209,41,0,31,29
chr9:130259302-130259600,0,10,0,349,126,20,25,264
chr9:130262001-130262800,57,24,28,1099,416,0,115,318
chr9:130707085-130708200,630,741,1124,1022,1043,574,1056,604
chr9:130890600-130891000,47,101,14,76,47,11,131,71
chr9:131237709-131238249,22,12,0,25,0,0,12,23
chr9:131238660-131238951,33,6,0,0,10,0,4,1
chr9:131281168-131281384,0,0,14,0,20,18,7,26
chr9:131533602-131536999,60,160,56,123,237,141,80,182
chr9:131538202-131540800,27,33,14,13,32,0,10,83
chr9:131573601-131573800,0,24,25,49,19,0,0,38
chr9:132359402-132362799,0,0,12,0,9,0,24,29
chr9:132365201-132374999,87,112,90,66,67,58,71,71
chr9:133075402-133077200,0,73,113,94,44,0,87,94
chr9:133166802-133168800,0,0,55,64,49,0,10,0
chr9:133184201-133186600,10,94,111,75,82,61,59,0
chr9:133188151-133188689,86,12,28,85,98,141,129,21
chr9:133200070-133200333,0,1,0,12,16,0,4,7
chr9:133233402-133235199,263,384,306,202,574,266,223,762
chr9:133237469-133237792,13,115,85,14,25,50,1,48
chr9:133493802-133496399,77,0,43,0,7,56,51,3
chr9:133497202-133500200,53,0,66,12,24,65,24,0
chr9:134010002-134011599,33,0,0,64,87,60,130,60
chr9:134165373-134165681,52,0,28,28,25,78,2,69
chr9:134167401-134168200,19,0,0,138,106,61,79,178
chr9:134204601-134207000,39,0,26,158,42,104,29,20
chr9:134208394-134209199,0,0,0,120,62,30,50,22
chr9:134210402-134211999,38,0,91,87,81,28,51,44
chr9:134449040-134450599,23,68,40,25,0,0,0,22
chr9:134456096-134456695,0,19,0,25,20,0,0,11
chr9:134462601-134463400,81,126,56,71,0,22,0,53
chr9:134468601-134470200,11,15,0,144,63,0,72,0
chr9:134485602-134488799,86,26,29,32,0,0,0,41
chr9:134490802-134493199,21,47,26,38,82,0,34,0
chr9:134493401-134493800,16,49,0,11,20,0,13,0
chr9:134496451-134497373,73,61,27,38,62,0,44,44
chr9:134622602-134627799,23,25,0,13,21,0,10,0
chr9:134863941-134864800,23,99,327,93,108,241,187,408
chr9:134889601-134890000,18,33,330,44,49,7,63,213
chr9:134890801-134892599,0,49,0,30,19,28,54,214
chr9:134944002-134945400,0,0,98,22,15,60,69,44
chr9:134946080-134946449,12,0,0,9,0,0,38,55
chr9:134947322-134947838,0,0,14,39,20,22,11,39
chr9:134960202-134969199,0,176,0,22,0,213,27,13
chr9:135126198-135127199,76,0,0,6,0,21,15,33
chr9:135130600-135131800,55,129,75,32,36,0,0,0
chr9:135438401-135439599,59,0,28,41,41,0,0,66
chr9:135440283-135442600,44,26,55,111,0,0,64,23
chr9:135515201-135517000,0,0,26,12,0,28,1,18
chr9:135925401-135926200,137,112,14,98,261,30,118,61
chr9:135926401-135928599,236,168,195,152,319,56,220,108
chr9:136550466-136550649,38,4,0,54,20,32,22,88
chr9:136551442-136551635,12,42,0,49,0,28,16,29
chr9:136552246-136552385,22,0,0,44,25,5,25,48
chr9:136618584-136619042,54,58,20,0,20,45,54,59
chr9:136619156-136619452,15,0,0,6,0,114,13,0
chr9:136619726-136620110,0,12,0,0,0,136,18,44
chr9:136634601-136636200,198,91,228,439,364,142,314,81
chr9:136643565-136643701,5,10,0,21,0,23,22,15
chr9:136643868-136644158,56,19,102,121,91,86,142,18
chr9:136647127-136647233,6,9,0,9,8,30,13,22
chr9:136693718-136694054,0,0,15,8,0,18,0,11
chr9:136701385-136701619,0,14,13,12,0,6,0,0
chr9:136843321-136843497,9,49,63,9,23,27,20,2
chr9:137117802-137119799,0,0,0,23,35,63,55,8
chr9:137129417-137129993,201,92,428,122,225,256,167,152
chr9:137223136-137223909,138,106,219,169,361,381,247,219
chr9:137238142-137238262,26,10,0,14,25,10,10,0
chr9:137240245-137240521,0,0,0,14,13,9,7,24
chr9:137248618-137248839,0,12,13,0,3,26,17,21
chr9:137274702-137274896,27,0,64,40,0,0,5,11
chr9:137305095-137305216,18,31,14,9,0,0,6,10
chr9:137305602-137305769,32,17,0,12,9,0,8,0
chr9:137580155-137580800,68,41,81,124,168,81,97,90
chr8:211601-212600,1935,1203,1027,2005,1240,2177,2031,1581
chr8:479200-480200,32,24,27,232,101,0,79,114
chr8:604050-604664,55,28,0,26,88,0,48,44
chr8:610001-610600,17,0,0,12,60,0,36,27
chr8:610801-611600,0,3,0,49,16,0,0,19
chr8:613601-614201,202,300,68,250,378,386,376,229
chr8:1745408-1745876,6,0,0,0,20,0,38,10
chr8:1965402-1968800,20,127,25,71,116,26,70,19
chr8:2847001-2847400,17,0,0,21,0,0,13,22
chr8:2915802-2919800,0,19,0,165,131,0,33,34
chr8:7241201-7241600,38,0,0,12,169,0,19,0
chr8:7248400-7249600,312,0,0,53,547,309,433,0
chr8:7249801-7250000,18,0,18,1,110,0,56,0
chr8:7250801-7251600,31,19,69,23,184,0,79,0
chr8:7590000-7590801,93,24,25,45,148,30,40,22
chr8:7707601-7707800,17,0,0,0,27,8,70,0
chr8:8037001-8037200,14,0,0,6,20,0,7,0
chr8:8227504-8227693,0,0,47,17,19,0,0,48
chr8:8913201-8914199,0,24,0,49,0,0,8,36
chr8:8926802-8927600,25,0,28,69,20,6,44,98
chr8:8928801-8931800,103,0,55,225,152,0,189,287
chr8:8935425-8935737,0,0,0,13,15,38,20,6
chr8:8939802-8943200,45,0,0,218,144,0,119,14
chr8:8949602-8950599,38,0,55,128,115,0,5,37
chr8:8950801-8951599,78,0,0,120,52,0,64,70
chr8:8988001-8988200,20,0,5,8,11,0,14,0
chr8:8992002-8996399,13,0,0,29,96,0,50,44
chr8:9121601-9124999,116,44,25,201,65,0,109,29
chr8:9125401-9125800,0,49,0,4,0,0,31,51
chr8:9134129-9134533,140,68,180,124,37,44,24,106
chr8:9135264-9135590,32,25,36,42,0,0,43,35
chr8:10855028-10855400,0,12,0,6,0,0,27,15
chr8:10878801-10879800,22,0,0,0,0,39,26,56
chr8:11840401-11841800,368,626,553,679,249,473,308,172
chr8:11943544-11944127,0,24,36,0,48,20,6,17
chr8:11963602-11967799,0,34,15,24,40,0,8,0
chr8:12209001-12210600,0,52,94,347,90,158,332,62
chr8:12211202-12213599,157,219,106,876,220,147,759,261
chr8:12215401-12216401,59,40,0,259,188,0,164,0
chr8:12402401-12402800,22,0,0,6,50,0,14,9
chr8:12440001-12440800,0,0,0,67,27,0,10,22
chr8:12757512-12758241,64,478,552,108,178,167,26,72
chr8:13075601-13077801,345,50,249,78,274,34,430,227
chr8:13080201-13082199,98,98,33,109,82,0,179,130
chr8:13656201-13659201,0,0,0,5,37,59,15,0
chr8:15788801-15789401,37,0,0,44,20,85,27,55
chr8:16578002-16579600,23,67,0,51,48,234,38,23
chr8:18045601-18046600,0,49,85,11,0,33,47,21
chr8:19398802-19400399,336,172,71,220,85,38,178,41
chr8:19857801-19858438,84,24,42,38,0,13,11,22
chr8:19869601-19878799,137,0,51,560,37,273,323,0
chr8:19880801-19881400,34,0,0,22,23,0,29,0
chr8:19884601-19889800,108,93,347,382,99,154,150,0
chr8:20228601-20228800,92,131,197,54,76,50,73,288
chr8:21626001-21629600,80,47,0,12,64,0,59,0
chr8:21670897-21677599,80,0,0,5,18,0,69,0
chr8:21678002-21685799,58,25,0,26,85,0,56,0
chr8:21855801-21866000,182,16,0,86,83,0,42,74
chr8:22010017-22010497,39,0,14,18,15,0,34,28
chr8:22038201-22038600,21,0,0,36,12,0,48,0
chr8:22040401-22040800,67,0,1,29,43,7,57,66
chr8:22215202-22217599,0,0,0,62,0,208,14,27
chr8:22233801-22235000,21,0,0,73,0,30,0,43
chr8:22238801-22239401,17,0,0,14,0,0,15,21
chr8:23118801-23122800,1273,2541,3673,1333,1432,3111,3216,2690
chr8:23235801-23237399,0,0,0,13,21,0,44,23
chr8:23263601-23263800,31,21,0,15,82,16,55,11
chr8:23577602-23579800,29,0,20,35,42,0,56,35
chr8:23790801-23791600,0,0,0,12,18,0,12,22
chr8:23859002-23863599,54,0,102,81,12,154,47,146
chr8:23888802-23893399,20,0,25,62,18,54,0,6
chr8:23896621-23898199,0,56,0,0,62,0,8,22
chr8:25072802-25075000,0,0,0,18,102,178,40,0
chr8:25518601-25518800,0,14,0,12,0,0,11,11
chr8:26046666-26046819,28,0,0,4,10,0,30,37
chr8:26048840-26049603,26,0,18,12,0,63,45,25
chr8:26373801-26374800,44,0,51,112,93,29,39,21
chr8:26737600-26738000,0,118,38,25,0,115,1,12
chr8:27261002-27262200,0,25,0,25,36,0,23,3
chr8:27267401-27267800,22,37,0,11,0,0,0,15
chr8:27268002-27269599,26,99,0,33,26,25,44,44
chr8:27280402-27282399,337,936,263,275,408,462,578,284
chr8:27593330-27593449,11,0,5,32,90,0,42,16
chr8:27594990-27595101,36,3,4,22,81,0,57,10
chr8:27619402-27621037,0,0,0,11,17,0,27,21
chr8:27682801-27684800,0,13,55,71,0,0,78,92
chr8:27688402-27690399,0,26,0,13,5,0,10,29
chr8:27704602-27705000,45,0,0,58,0,0,112,22
chr8:27709401-27710000,64,0,0,38,20,0,15,0
chr8:27713601-27714200,19,0,0,36,55,0,84,38
chr8:27719202-27720599,286,0,0,165,228,0,164,129
chr8:27727002-27727690,235,0,14,112,114,0,288,40
chr8:27728601-27730799,844,0,0,316,528,13,514,364
chr8:27732000-27732200,136,0,0,64,115,1,163,42
chr8:29373267-29373520,0,0,0,2,25,8,6,0
chr8:29520402-29524799,52,0,81,26,0,34,54,0
chr8:29538601-29543399,14,0,26,12,39,123,39,0
chr8:29596182-29596994,15,0,22,1,59,0,0,38
chr8:29601239-29602399,22,0,60,25,94,16,0,43
chr8:30019002-30021599,0,59,9,52,0,0,0,15
chr8:30056001-30061000,22,8,55,126,41,0,10,0
chr8:30090932-30091720,17,24,27,0,0,59,0,21
chr8:30214601-30217400,0,0,0,56,38,27,69,85
chr8:30227201-30230599,0,0,0,23,27,0,14,44
chr8:30305002-30306199,170,31,51,69,508,168,147,33
chr8:30311476-30313400,204,75,35,143,279,91,109,0
chr8:30314201-30316600,96,74,0,152,375,304,64,3
chr8:30316801-30317000,0,0,22,14,54,17,0,0
chr8:30322402-30325599,57,0,29,83,92,31,33,0
chr8:30326802-30329600,66,0,0,78,19,27,20,4
chr8:30363602-30365000,204,89,197,132,299,88,133,292
chr8:30367927-30368197,0,23,14,23,41,13,4,29
chr8:30373401-30373800,6,26,0,73,41,41,11,21
chr8:30380438-30380794,146,75,190,141,155,308,88,153
chr8:30575201-30576491,171,215,129,333,120,99,211,150
chr8:33308801-33310599,29,0,0,24,41,0,0,60
chr8:33352001-33354600,0,0,0,19,53,30,34,0
chr8:33542602-33544200,19,31,0,83,0,0,16,23
chr8:36981401-36982001,219,0,147,0,17,69,0,0
chr8:37071201-37071600,47,0,0,0,13,30,33,0
chr8:37072801-37074999,381,176,428,9,1415,648,166,15
chr8:37075202-37076399,23,164,195,0,797,33,22,27
chr8:37076600-37076801,0,13,17,0,123,19,6,17
chr8:37078402-37080800,21,82,142,0,167,23,0,41
chr8:37308801-37311800,112,49,166,78,37,118,62,0
chr8:37316001-37316999,397,138,585,264,26,83,88,123
chr8:37317601-37318999,520,130,638,132,38,55,49,0
chr8:37357602-37362399,157,0,0,32,79,0,19,0
chr8:37856001-37857000,41,49,0,62,0,0,15,0
chr8:38070802-38073665,25,145,0,220,19,0,97,0
chr8:38077601-38078000,16,24,0,8,0,0,15,22
chr8:38219890-38220207,224,1477,648,131,242,353,312,473
chr8:38385081-38385344,0,0,0,4,0,25,11,16
chr8:38471602-38474800,0,20,0,24,0,0,9,18
chr8:38502002-38503400,23,22,0,26,21,60,52,42
chr8:38505802-38507199,85,50,20,46,65,0,0,152
chr8:38611002-38613999,58,0,27,0,28,0,6,4
chr8:38883201-38884399,75,0,0,25,0,2,26,0
chr8:38891402-38892999,284,26,56,198,120,31,157,160
chr8:38894602-38895599,143,24,55,129,130,0,111,34
chr8:38897001-38897200,42,0,0,34,22,0,0,5
chr8:38899913-38900607,524,37,158,331,418,270,405,174
chr8:41253001-41253200,32,0,0,21,3,0,82,54
chr8:41253401-41253600,1,0,0,1,16,26,45,11
chr8:42172801-42174000,12,37,48,136,0,28,31,22
chr8:42409801-42410200,11,11,0,20,0,0,14,0
chr8:42738602-42744999,0,0,23,5,8,12,19,9
chr8:43134401-43134600,0,42,48,7,10,20,29,8
chr8:47743368-47744359,0,45,0,87,0,60,12,21
chr8:47764202-47766061,264,315,162,77,219,202,30,113
chr8:47766801-47767200,3,92,0,60,45,26,21,19
chr8:48146602-48147800,3,0,0,0,9,14,9,13
chr8:48149002-48151000,125,26,0,89,35,538,343,95
chr8:48151156-48151667,0,41,0,0,0,268,77,17
chr8:48805001-48805800,68,0,0,23,29,0,42,4
chr8:48902201-48905193,0,24,0,10,20,112,24,0
chr8:51953602-51955800,9,114,85,13,42,0,38,0
chr8:52616001-52617600,0,0,109,111,41,0,44,30
chr8:53253201-53254400,0,0,0,12,21,78,40,22
chr8:53310201-53311600,0,11,0,13,0,58,50,0
chr8:53654001-53655200,19,0,0,13,118,59,0,17
chr8:54030802-54033999,9,47,0,48,21,12,56,0
chr8:54156960-54157799,0,6,0,6,25,0,18,0
chr8:54177001-54180799,0,0,28,9,20,0,0,38
chr8:54218401-54219400,0,0,0,12,41,0,11,20
chr8:54221001-54222799,21,0,0,35,0,0,31,31
chr8:54400602-54401400,29,0,0,12,20,0,0,22
chr8:54442801-54444400,23,135,29,24,10,79,81,32
chr8:55852602-55854999,0,23,0,64,0,47,17,20
chr8:55855802-55857800,56,13,29,106,0,0,28,11
chr8:55871001-55872799,43,0,0,112,41,57,57,0
chr8:55878872-55879224,8,0,37,65,71,30,57,216
chr8:56059802-56060662,0,0,0,23,0,30,13,68
chr8:56220201-56221000,78,113,310,285,284,147,454,55
chr8:56998802-57001200,96,23,13,26,0,28,14,0
chr8:58211401-58212199,0,49,14,12,31,0,10,30
chr8:58217601-58218600,58,0,27,10,31,0,0,59
chr8:58344402-58346200,37,32,0,0,2,0,22,20
chr8:58545201-58547199,0,49,29,23,21,11,26,0
chr8:58663801-58664400,22,39,56,27,0,0,44,58
chr8:59970401-59973000,38,25,53,142,189,51,188,49
chr8:60871402-60874999,59,0,0,36,0,49,22,15
chr8:61011601-61015599,17,0,0,0,60,39,12,17
chr8:63224402-63227600,0,146,106,18,0,88,0,23
chr8:65595201-65597800,870,322,491,1053,542,355,1038,1049
chr8:65978401-65985000,19,53,0,22,45,0,34,258
chr8:66219202-66220599,39,0,23,0,21,22,23,22
chr8:66221001-66221200,0,46,20,32,10,54,48,6
chr8:66932202-66933400,26,17,0,13,19,0,0,10
chr8:67349001-67353400,26,0,24,44,60,34,127,19
chr8:67418401-67420400,158,0,0,28,21,23,57,43
chr8:68840402-68845599,62,50,19,316,0,0,59,113
chr8:70556602-70559799,43,10,0,24,13,12,16,46
chr8:70564546-70565999,15,111,199,36,55,0,31,0
chr8:72127401-72128200,17,0,65,23,18,0,75,0
chr8:72144001-72144626,0,0,0,56,42,25,56,21
chr8:73160401-73160800,0,0,0,16,27,0,8,15
chr8:73281401-73282200,20,5,0,96,103,30,15,0
chr8:74032402-74034999,201,84,57,186,470,128,419,267
chr8:74211001-74211400,22,37,9,20,49,7,52,48
chr8:77015001-77015600,21,0,5,23,10,0,29,0
chr8:78612601-78613400,53,35,0,23,0,0,62,33
chr8:80528201-80530000,45,170,96,249,83,292,14,15
chr8:80531601-80532000,46,130,28,82,9,4,60,55
chr8:80619401-80620200,22,0,0,6,9,30,0,0
chr8:81337801-81342199,210,71,0,171,90,87,13,0
chr8:81345402-81355599,167,0,113,310,335,161,147,0
chr8:81368201-81371399,33,26,11,10,96,31,0,0
chr8:81405401-81406000,10,0,0,25,21,70,14,31
chr8:81641378-81641915,19,125,65,1,0,23,40,44
chr8:85491371-85492399,20,0,0,25,53,0,38,44
chr8:87965001-87965600,96,0,0,25,41,0,0,6
chr8:89542802-89544348,0,0,0,24,0,27,16,22
chr8:89545802-89547399,307,148,56,97,414,25,188,501
chr8:89563201-89563601,0,12,0,19,3,0,0,22
chr8:89792601-89793000,39,24,0,38,0,0,15,11
chr8:89796002-89797999,173,221,29,135,104,7,144,43
chr8:89855201-89857243,15,20,0,6,19,0,14,0
chr8:89876801-89877676,0,50,24,29,0,0,61,0
chr8:89887418-89887770,96,98,34,53,44,14,69,34
chr8:89889519-89889727,11,8,16,38,50,59,11,22
chr8:89892002-89892999,295,432,233,488,356,250,746,549
chr8:89894001-89894200,112,48,106,79,150,0,93,52
chr8:89895401-89896000,45,136,161,225,132,102,242,45
chr8:89896601-89897847,150,61,101,316,102,54,240,195
chr8:91099842-91100036,0,55,57,42,0,0,7,0
chr8:92105201-92106800,1695,1081,1807,1156,1374,1833,2813,1187
chr8:93821990-93823199,39,59,83,31,129,91,162,49
chr8:93824000-93824201,11,0,0,9,19,0,7,0
chr8:93985402-93987999,0,63,0,48,0,0,16,83
chr8:94018001-94020001,0,9,0,13,19,0,37,20
chr8:94034402-94036600,13,0,0,13,42,21,31,76
chr8:94058002-94061800,22,24,0,0,20,0,7,11
chr8:94225400-94228200,37,9,0,4,0,0,0,32
chr8:94574001-94575799,88,141,53,129,76,28,109,156
chr8:95122601-95123000,22,12,57,15,10,11,18,0
chr8:95190202-95194199,41,26,0,13,0,0,16,0
chr8:96337967-96338335,32,104,25,12,10,29,26,37
chr8:96344801-96345200,0,22,0,4,0,0,7,16
chr8:96353001-96353601,66,59,16,11,0,0,11,63
chr8:96354401-96354600,19,141,30,18,0,30,0,22
chr8:96355001-96355200,0,91,28,5,0,0,0,6
chr8:96612602-96615200,310,505,125,382,206,200,282,173
chr8:97155202-97156800,614,323,77,558,208,110,266,132
chr8:97170401-97171399,1583,177,276,425,372,407,541,378
chr8:97173801-97174600,1408,325,476,576,418,354,722,683
chr8:97179601-97182841,4426,656,1184,1823,2144,750,2656,1859
chr8:97207115-97208630,61,0,0,25,16,59,15,0
chr8:97256201-97257200,153,0,0,129,60,27,48,68
chr8:97258802-97261799,241,0,0,225,189,237,136,217
chr8:97265200-97265800,106,37,0,12,16,0,15,21
chr8:97761201-97764800,0,47,26,0,0,0,11,5
chr8:97855201-97857200,0,3,0,37,0,0,43,43
chr8:98050000-98050200,11,42,0,8,30,0,17,0
chr8:98164201-98168999,0,47,0,48,19,28,0,0
chr8:98178602-98181399,0,50,0,26,42,27,0,20
chr8:98323401-98323600,34,13,43,7,27,0,11,33
chr8:98323614-98324244,62,37,71,16,33,87,7,86
chr8:98332600-98332801,11,8,14,0,0,0,0,19
chr8:98336655-98338999,28,23,69,11,57,0,0,20
chr8:98340801-98341600,0,0,20,8,19,90,0,1
chr8:98361602-98363199,97,73,14,31,6,94,44,90
chr8:98366554-98369000,135,48,104,97,184,164,230,238
chr8:100563801-100564800,0,0,92,12,10,0,0,21
chr8:100567201-100569000,21,0,13,89,0,0,14,0
chr8:100907981-100908164,10,9,0,0,3,0,15,0
chr8:100915503-100915824,11,71,25,152,26,29,33,78
chr8:100956201-100956400,28,0,0,0,24,18,9,0
chr8:101095001-101100200,0,59,38,52,0,0,16,22
chr8:101103201-101104600,33,128,5,66,24,58,7,128
chr8:101108536-101109770,20,82,0,12,0,0,0,3
chr8:101117202-101120200,143,49,194,76,325,95,58,283
chr8:101171002-101174399,1264,771,951,2322,1772,1076,3436,1559
chr8:102127985-102129908,54,0,0,135,0,83,13,92
chr8:102415001-102417099,31,0,140,31,17,0,32,21
chr8:102435802-102437599,21,0,0,12,0,0,11,20
chr8:102517401-102518600,57,49,26,22,85,0,8,8
chr8:102523202-102524599,77,25,0,59,80,0,47,44
chr8:102647001-102647200,37,70,228,83,11,29,219,63
chr8:102647389-102648186,227,260,689,255,159,263,520,369
chr8:102700401-102700801,10,0,0,6,4,0,0,2
chr8:102712801-102713600,13,0,13,3,5,0,1,8
chr8:102817001-102819000,20,26,0,33,0,31,0,0
chr8:102819201-102821200,20,0,55,93,21,0,0,0
chr8:102822802-102824399,19,13,0,132,74,91,72,18
chr8:102825001-102825400,8,5,0,21,74,0,11,16
chr8:103082201-103082800,0,0,50,45,20,4,0,0
chr8:103104002-103107399,60,61,18,186,139,121,7,167
chr8:103108802-103112020,62,241,23,220,106,299,30,93
chr8:103115601-103116000,0,34,112,0,0,82,11,0
chr8:103335401-103338200,41,0,0,30,0,0,46,4
chr8:103393201-103395000,129,149,290,360,264,299,257,266
chr8:103396400-103397001,33,90,221,155,31,70,25,85
chr8:106891800-106892800,26,24,33,132,27,0,35,14
chr8:108193600-108195200,28,26,118,60,76,60,106,39
chr8:108551001-108551400,37,0,26,12,20,0,4,0
chr8:108792401-108792800,22,12,28,6,0,57,0,0
chr8:108864601-108864800,17,3,4,6,0,0,0,0
chr8:109082270-109083660,18,79,118,27,20,0,61,54
chr8:109138201-109139000,0,11,28,0,0,0,6,20
chr8:109140001-109141200,0,107,13,19,0,45,47,0
chr8:109179200-109179600,66,30,8,12,0,0,80,69
chr8:109181201-109182200,183,0,0,24,56,0,94,65
chr8:109189401-109190000,18,12,0,0,37,0,33,21
chr8:109190201-109190800,0,54,27,0,0,0,39,39
chr8:109191801-109192400,22,0,0,12,0,0,8,21
chr8:109228202-109230599,0,39,0,109,0,61,24,20
chr8:109346797-109347400,0,38,56,25,0,0,15,0
chr8:115058601-115058800,22,12,42,0,71,29,0,44
chr8:117602002-117603999,397,0,292,91,216,0,105,46
chr8:117608557-117611399,157,23,26,139,31,61,20,0
chr8:117614602-117617044,69,0,54,101,60,29,15,0
chr8:117618802-117621199,35,23,0,62,19,28,14,34
chr8:117650002-117650999,17,0,66,36,0,29,0,21
chr8:117668802-117673007,207,34,195,89,103,0,8,0
chr8:117676200-117677000,44,0,56,38,0,0,0,22
chr8:117678200-117678601,37,0,65,9,28,0,5,8
chr8:117696001-117696200,19,0,14,10,6,0,0,0
chr8:117706401-117707600,37,17,28,85,41,0,16,0
chr8:117715001-117715800,34,37,48,104,0,0,23,30
chr8:117718601-117719000,37,0,0,29,20,0,7,0
chr8:117719601-117720000,0,21,14,42,0,0,19,0
chr8:117726001-117726800,11,0,50,104,8,0,5,0
chr8:117729602-117732399,33,0,25,272,0,27,0,0
chr8:117738201-117740000,0,0,50,63,4,0,18,0
chr8:118958401-118960200,21,20,0,0,19,0,0,52
chr8:119677401-119678800,56,22,59,97,30,108,62,65
chr8:119681001-119681600,35,18,48,25,18,83,91,44
chr8:119683600-119684001,0,24,0,7,20,0,8,11
chr8:119688201-119690600,35,54,53,87,0,9,77,10
chr8:119697602-119699799,29,10,12,22,54,156,61,0
chr8:120058801-120059000,10,15,37,5,253,114,80,170
chr8:120378400-120379000,135,0,0,11,0,0,55,62
chr8:121144879-121146799,37,0,0,0,147,60,37,53
chr8:121243402-121247800,46,0,8,0,24,0,0,19
chr8:121368801-121369000,5,0,0,6,11,0,6,0
chr8:122988052-122989599,23,22,48,0,0,2,0,0
chr8:123216602-123218199,0,0,26,48,10,0,0,18
chr8:123285001-123285400,0,20,0,48,0,45,0,19
chr8:123285580-123286939,0,15,0,104,20,0,42,0
chr8:123485001-123485400,0,0,0,17,18,0,15,15
chr8:123486202-123488600,0,23,48,60,0,0,27,0
chr8:123489201-123492400,47,26,29,81,96,0,19,0
chr8:123550402-123553800,35,38,12,17,60,0,14,0
chr8:123668402-123672199,62,0,28,96,10,0,31,22
chr8:124298201-124298600,81,12,0,66,17,26,15,74
chr8:124299756-124300599,107,28,0,160,142,0,62,105
chr8:124436601-124437400,0,0,14,8,10,0,0,22
chr8:124735601-124736600,44,0,9,11,0,128,0,21
chr8:124742884-124743800,16,38,64,10,0,18,0,0
chr8:124760401-124763200,0,18,77,0,0,27,0,12
chr8:124767355-124768173,4,6,4,3,0,1,0,0
chr8:124780802-124786200,0,26,0,45,59,10,178,0
chr8:124801201-124810400,96,60,34,116,75,18,0,40
chr8:125370802-125372412,105,281,113,288,48,121,243,194
chr8:125373002-125374800,287,605,447,407,41,281,281,499
chr8:125376001-125377400,46,48,41,93,88,0,37,105
chr8:125378745-125380727,118,168,342,174,89,0,190,152
chr8:126544802-126548600,5,24,21,73,20,0,31,0
chr8:130021602-130025600,0,19,59,13,0,31,0,0
chr8:130444595-130445102,64,24,122,12,2,98,0,0
chr8:131841002-131843399,35,0,0,12,19,0,22,0
chr8:131850802-131853400,0,0,0,43,17,118,0,41
chr8:131896002-131897599,33,0,0,14,17,0,0,20
chr8:133605601-133606599,0,13,0,12,34,0,0,21
chr8:133911802-133923200,34,0,0,0,62,90,35,99
chr8:134472001-134472600,0,49,0,14,0,0,16,21
chr8:134476001-134476200,19,0,0,10,7,0,10,21
chr8:134810001-134811000,22,22,55,207,50,0,16,0
chr8:134814402-134816999,7,144,0,617,114,138,83,64
chr8:134817201-134817400,0,27,0,32,3,68,7,11
chr8:134820401-134820800,11,74,84,110,10,0,20,25
chr8:134821401-134822000,22,13,0,91,31,29,15,13
chr8:134827002-134827400,17,56,0,85,20,34,12,30
chr8:140479001-140480800,45,0,0,30,34,0,5,28
chr8:140491402-140493199,61,23,56,127,113,89,76,41
chr8:140644002-140647599,43,0,53,30,34,0,7,41
chr8:141025802-141029400,0,0,0,6,69,42,18,15
chr8:141203002-141204600,0,0,5,206,21,0,71,81
chr8:141205338-141206270,15,0,0,39,5,62,40,29
chr8:142597202-142600199,22,0,0,35,37,29,0,0
chr8:142617044-142617326,11,24,17,12,0,21,0,0
chr8:142618897-142619010,9,41,0,0,10,0,7,14
chr8:142621602-142624600,80,215,27,7,160,0,0,69
chr8:142695001-142696000,17,0,55,38,20,0,64,0
chr8:142738083-142738418,0,0,0,16,1,15,37,11
chr8:143025356-143025519,45,43,0,17,30,15,44,154
chr8:143031269-143031557,190,119,198,212,281,86,296,494
chr8:143032105-143033130,177,340,380,203,360,125,545,713
chr8:143197001-143198200,23,0,0,13,403,130,84,71
chr8:143218545-143218961,70,33,103,117,10,0,19,17
chr8:143220355-143220646,63,53,14,120,24,25,26,0
chr8:143303001-143303200,2,0,0,18,14,5,14,19
chr8:143849802-143850599,33,3,0,10,20,0,43,11
chr8:143902297-143904799,78,220,125,84,120,133,111,69
chr8:144090601-144091000,45,50,0,42,0,30,6,34
chr8:144091200-144091601,97,66,0,75,0,0,23,26
chr8:144093084-144093177,4,34,0,11,0,0,2,0
chr8:144713135-144713282,10,2,8,7,33,0,0,0
chr8:144819601-144820400,70,48,133,104,137,109,53,156
chr8:144821673-144821912,29,9,15,31,6,1,14,43
chr8:144823801-144824000,35,0,29,31,19,28,2,9
chr8:144826355-144826920,214,245,149,349,237,144,163,136
chr8:145028201-145028668,3,0,0,11,0,0,7,6
chr8:145029202-145030999,61,23,0,19,0,0,52,18
chr8:145032801-145033600,0,0,14,0,20,28,35,44
