,GTEX-1B8KZ-0226-SM-7EWF6,GTEX-1AYD5-0226-SM-79ONV,GTEX-1AMFI-0926-SM-731E4,GTEX-1A3MV-0126-SM-731FQ,GTEX-1AX9K-0226-SM-793CM
chrX:264801-265400,34,13,3,98,65
chrX:326001-326200,11,74,23,42,98
chrX:445401-446800,20,18,55,60,19
chrX:1213601-1216400,0,6,42,0,13
chrX:1216601-1217800,0,13,0,17,31
chrX:1231002-1234599,21,56,9,97,35
chrX:1255401-1256200,10,21,12,29,72
chrX:1258602-1259599,20,79,82,21,32
chrX:1260001-1260600,0,0,19,9,38
chrX:1264401-1265000,95,73,36,39,43
chrX:1316437-1316937,312,409,82,196,401
chrX:1559402-1562200,8,37,170,7,0
chrX:1610201-1610800,1,0,11,20,26
chrX:1659475-1659685,25,0,40,39,64
chrX:1684601-1686030,23,0,78,44,0
chrX:2181802-2183999,151,85,237,131,181
chrX:2188002-2189199,0,0,65,27,70
chrX:2566401-2566600,460,330,184,646,689
chrX:2572452-2573399,0,27,71,69,37
chrX:2577800-2578600,58,36,10,94,31
chrX:2592022-2593800,1954,2183,635,872,1759
chrX:2604401-2604799,68,108,142,72,92
chrX:2658401-2659200,190,141,182,222,439
chrX:2659801-2660400,130,124,447,229,259
chrX:2662401-2663200,448,420,734,464,621
chrX:2664406-2665754,2174,1709,1696,1513,2151
chrX:3514802-3516199,23,1,19,0,0
chrX:3520001-3523599,21,35,0,19,0
chrX:3526001-3527600,23,17,16,0,0
chrX:3814801-3815222,9,0,68,26,37
chrX:9977801-9989599,0,57,165,96,88
chrX:11791001-11793600,0,0,76,60,107
chrX:12900019-12900400,18,0,18,14,19
chrX:12929201-12930200,291,568,83,340,1931
chrX:12951241-12951786,0,0,67,31,25
chrX:12956735-12957154,45,0,16,30,0
chrX:12962050-12962428,31,55,65,40,56
chrX:12973469-12974181,173,166,227,106,183
chrX:13090038-13090639,44,41,47,22,38
chrX:13090651-13091642,44,56,39,55,0
chrX:13108601-13112400,22,37,0,0,18
chrX:13412001-13412200,8,0,21,5,0
chrX:13413801-13415600,110,46,105,56,29
chrX:13417802-13421799,347,287,310,124,189
chrX:13422801-13423400,0,27,0,30,9
chrX:13645801-13649799,89,136,35,70,154
chrX:13684401-13686000,45,37,154,121,93
chrX:13989601-13990000,18,18,47,0,0
chrX:13994001-13994200,0,0,10,19,16
chrX:13996796-13996990,22,1,3,0,0
chrX:15882001-15884000,23,0,20,0,19
chrX:17165601-17165800,17,0,0,14,11
chrX:17187201-17187800,143,117,54,20,656
chrX:17208601-17209200,19,0,14,0,18
chrX:17225801-17226000,0,14,13,0,46
chrX:17226601-17227400,0,0,34,41,79
chrX:18886386-18886554,23,8,3,2,0
chrX:18886570-18887031,40,24,38,15,0
chrX:19904716-19907000,17,0,28,0,28
chrX:21659801-21660400,32,0,54,32,15
chrX:21675201-21676600,10,0,56,15,0
chrX:21698001-21701399,10,0,60,0,29
chrX:21904601-21907999,45,86,38,46,76
chrX:21932395-21932963,30,0,28,10,19
chrX:23694459-23695200,33,52,48,0,22
chrX:23825601-23827600,5,0,7,13,0
chrX:24090480-24091342,68,0,19,17,33
chrX:24124201-24125599,27,18,0,0,47
chrX:27566601-27568600,20,0,20,0,19
chrX:30532601-30534200,510,286,229,436,151
chrX:30553801-30555999,565,1788,886,447,425
chrX:30592965-30593110,0,0,4,10,2
chrX:30597713-30598015,14,11,16,44,13
chrX:30612629-30612975,23,55,76,41,131
chrX:39134001-39136200,0,18,39,20,0
chrX:39169202-39171800,19,53,270,137,38
chrX:39724601-39728799,18,10,37,62,0
chrX:39764002-39768400,125,149,72,173,16
chrX:39782601-39782800,22,0,5,0,7
chrX:39802001-39803399,18,73,10,134,52
chrX:39807801-39810400,11,0,119,148,0
chrX:39826002-39827599,23,19,0,54,0
chrX:39849000-39849401,95,39,19,115,42
chrX:39855229-39855451,22,39,0,28,0
chrX:39991201-39991600,0,0,2,10,9
chrX:40303201-40304599,0,17,19,58,48
chrX:40328801-40330600,67,48,18,19,17
chrX:40402801-40404199,60,18,12,0,19
chrX:41004801-41007000,0,13,8,20,76
chrX:41238702-41238831,9,3,0,10,0
chrX:41297202-41303599,28,93,40,34,31
chrX:41380602-41385400,0,5,6,0,11
chrX:41389202-41394399,0,0,46,7,6
chrX:42803340-42805799,55,11,0,50,36
chrX:42938201-42939200,22,59,0,20,0
chrX:42953802-42956999,47,19,0,21,0
chrX:44143801-44145800,17,0,78,38,19
chrX:46551401-46552200,9,0,19,4,0
chrX:47097200-47097600,22,24,11,0,0
chrX:47129699-47130032,36,71,28,41,12
chrX:47420601-47421000,11,9,37,31,25
chrX:47489401-47491400,577,652,236,325,434
chrX:47496201-47498889,68,68,51,29,67
chrX:47499002-47503600,117,162,35,37,74
chrX:47506602-47508599,32,287,20,32,157
chrX:47556134-47556394,41,26,27,31,36
chrX:47632699-47633041,86,44,45,114,146
chrX:47633855-47634586,6,45,130,87,161
chrX:47805602-47808399,213,160,405,296,370
chrX:48615801-48618600,46,160,149,87,80
chrX:48621001-48622199,23,0,45,19,8
chrX:48648201-48649683,0,164,28,42,118
chrX:48660401-48660600,0,6,15,10,3
chrX:48661001-48661200,6,4,9,25,0
chrX:48919541-48919921,100,70,77,0,28
chrX:48919961-48920656,85,56,105,79,169
chrX:48972901-48973106,10,0,22,9,22
chrX:49103201-49104000,94,260,108,104,111
chrX:49127402-49131799,85,58,16,29,27
chrX:49136401-49138200,61,8,0,9,4
chrX:49873601-49874200,0,21,28,1,47
chrX:51484201-51485400,0,30,35,0,11
chrX:53184601-53185201,45,18,167,0,10
chrX:53186200-53186401,0,18,27,39,8
chrX:53186600-53186801,2,0,53,10,0
chrX:53361602-53364200,1372,1822,1992,1200,1113
chrX:53372002-53372329,13,83,125,146,28
chrX:53696001-53697000,59,64,19,40,0
chrX:53704401-53704800,0,18,28,0,18
chrX:53714032-53714306,22,0,0,21,14
chrX:53930401-53930826,230,107,33,42,159
chrX:53935401-53935600,38,26,24,9,104
chrX:54416801-54417000,15,0,38,5,0
chrX:54633201-54634400,68,128,21,127,77
chrX:54641614-54641805,4,0,4,10,11
chrX:56573001-56573400,63,32,19,77,48
chrX:56595001-56596200,77,75,245,329,143
chrX:56600001-56600600,39,37,38,11,56
chrX:57117201-57117801,74,142,174,125,101
chrX:57155201-57155600,22,17,13,5,0
chrX:57607273-57607645,15,0,30,62,0
chrX:57607939-57608332,37,18,0,0,30
chrX:57901043-57901305,57,65,116,128,9
chrX:57902001-57902200,126,42,148,35,9
chrX:57902801-57903000,72,90,171,113,109
chrX:57903207-57903597,149,87,135,97,129
chrX:57904243-57904728,29,93,285,116,111
chrX:63934001-63934400,0,37,9,28,0
chrX:64152601-64153599,22,8,35,88,21
chrX:64841601-64844999,96,219,263,41,16
chrX:64849601-64851999,1141,1930,1205,319,224
chrX:65743002-65746799,56,18,212,257,127
chrX:66046853-66047178,0,0,23,18,15
chrX:68573602-68574400,21,9,0,31,0
chrX:68575401-68575600,15,0,0,10,9
chrX:68583601-68584800,23,18,10,79,19
chrX:68596401-68597600,37,186,0,9,0
chrX:68864601-68869599,0,18,19,0,18
chrX:68921401-68922000,4,0,1,12,0
chrX:69024201-69029199,22,18,0,0,18
chrX:69030601-69033227,0,25,13,10,13
chrX:69033601-69034600,0,26,12,0,22
chrX:69036601-69037800,10,35,21,6,17
chrX:69080601-69084199,43,0,18,58,4
chrX:69152201-69156399,0,20,21,22,0
chrX:69158401-69159599,102,39,117,175,80
chrX:69603602-69604199,0,18,9,0,9
chrX:70219801-70220930,28,17,15,87,56
chrX:70438402-70439600,335,1084,125,288,495
chrX:70525471-70526155,87,246,140,90,139
chrX:70979001-70979200,0,15,27,6,0
chrX:70979320-70979763,0,0,25,38,2
chrX:71047601-71049000,33,88,85,76,48
chrX:71055559-71055811,401,194,338,241,392
chrX:71177006-71178000,84,70,25,114,38
chrX:71178601-71179600,43,0,5,31,18
chrX:71231601-71232000,14,0,3,0,5
chrX:71778251-71778999,191,370,214,232,265
chrX:75731961-75732316,6,35,39,30,0
chrX:76148355-76148695,16,23,13,56,39
chrX:76183401-76184039,87,98,242,155,83
chrX:76184801-76185000,18,25,91,47,23
chrX:76185201-76185400,64,50,110,83,84
chrX:76192401-76192800,110,37,378,126,116
chrX:78966001-78966600,239,128,140,104,15
chrX:79220801-79222000,0,4,0,21,13
chrX:79253001-79255000,197,248,150,179,79
chrX:79267002-79272799,147,282,95,181,21
chrX:79400401-79401599,17,0,3,40,0
chrX:79452001-79452200,11,106,44,60,8
chrX:80663214-80663607,0,0,72,48,19
chrX:80812146-80812441,214,153,126,125,51
chrX:81315601-81318200,23,18,0,42,0
chrX:81324201-81324999,27,34,59,111,25
chrX:81331601-81333400,43,0,0,9,17
chrX:81347601-81349000,69,59,39,41,48
chrX:81354401-81356000,16,19,77,41,37
chrX:81366401-81368400,32,0,38,40,32
chrX:81392001-81393000,0,12,13,10,0
chrX:90523601-90525600,119,38,111,141,197
chrX:99939401-99940000,68,78,14,57,14
chrX:100906201-100907600,217,61,217,359,173
chrX:100939201-100939755,22,37,28,94,4
chrX:100993802-100996599,343,500,402,209,202
chrX:101164801-101165128,187,172,54,54,215
chrX:102339102-102340073,0,18,41,0,35
chrX:102958001-102958600,45,38,94,41,48
chrX:102959001-102960200,206,128,264,273,308
chrX:102962201-102962400,66,94,89,183,88
chrX:102962601-102963000,240,338,371,185,176
chrX:102964001-102964200,181,424,172,183,260
chrX:102975401-102979599,0,20,10,22,0
chrX:103250601-103251800,80,54,85,117,28
chrX:103530801-103531436,60,166,48,49,204
chrX:103531601-103531800,6,84,5,33,17
chrX:103535401-103537000,33,25,105,132,159
chrX:103537401-103537600,65,0,40,0,66
chrX:103538639-103538991,11,18,19,0,41
chrX:103556890-103557305,0,18,34,56,0
chrX:104162801-104163800,11,31,75,66,0
chrX:107480001-107481400,23,56,19,0,19
chrX:107662201-107663000,14,0,116,67,50
chrX:107668801-107670600,53,41,141,100,38
chrX:107674577-107675109,0,18,38,9,19
chrX:107675848-107676393,63,0,0,20,1
chrX:107676773-107677571,68,0,11,1,28
chrX:109345001-109356399,34,41,0,0,14
chrX:109619202-109622600,0,0,17,18,16
chrX:110187801-110190000,23,48,39,20,0
chrX:110667402-110668800,20,18,0,0,19
chrX:112623519-112623853,18,0,39,0,9
chrX:115344201-115346400,42,18,0,32,0
chrX:115449202-115450400,19,134,96,30,28
chrX:115451801-115452200,67,88,76,45,66
chrX:115459202-115461599,39,0,170,13,56
chrX:115498201-115499999,5,21,18,0,8
chrX:116104401-116106400,517,484,475,421,484
chrX:118693402-118700000,404,120,226,322,337
chrX:118717639-118718304,59,53,18,37,37
chrX:118802201-118803800,33,42,38,80,55
chrX:118804001-118804539,11,45,11,12,116
chrX:119457801-119458200,227,97,96,25,163
chrX:119493402-119497800,0,0,27,59,1653
chrX:119769304-119769698,39,92,19,2,118
chrX:119770801-119771800,25,56,15,0,0
chrX:119773401-119778000,68,252,304,143,109
chrX:119779202-119785600,0,0,40,17,95
chrX:119879802-119881282,17,18,0,20,0
chrX:120418602-120420799,115,16,39,20,148
chrX:120514001-120514600,13,0,17,68,38
chrX:120517801-120518800,13,0,72,55,68
chrX:120578201-120580200,65,19,142,21,0
chrX:123951601-123952001,34,16,19,0,6
chrX:129597601-129598200,125,162,0,108,60
chrX:129599201-129600000,45,18,46,0,55
chrX:129717001-129723599,19,40,0,62,16
chrX:129797801-129800200,984,841,891,873,725
chrX:130111781-130112178,63,126,21,78,55
chrX:130113601-130116000,32,37,0,0,32
chrX:130549201-130550400,10,13,0,21,0
chrX:132015201-132018800,0,56,105,73,17
chrX:133298201-133298600,0,8,13,0,41
chrX:134184601-134188200,70,65,0,29,98
chrX:134431601-134432400,22,14,35,17,0
chrX:134524400-134526200,339,852,416,530,692
chrX:134527402-134529599,75,115,58,20,57
chrX:134860001-134860400,28,26,82,64,44
chrX:134860801-134862355,346,246,286,177,87
chrX:134999444-135001599,0,28,27,20,0
chrX:135008602-135012600,131,209,513,505,184
chrX:135019401-135020000,49,276,202,114,149
chrX:135023801-135025200,134,199,197,226,367
chrX:135030201-135030935,0,5,15,22,0
chrX:135035001-135035400,31,55,127,210,90
chrX:135036201-135036400,27,37,141,52,54
chrX:135041168-135042000,22,65,80,27,75
chrX:135515801-135517000,59,0,0,21,56
chrX:136584201-136589400,23,0,0,21,19
chrX:136597602-136599399,45,0,32,0,13
chrX:136615402-136620600,147,12,39,105,19
chrX:136622601-136623999,18,0,1,0,19
chrX:136797801-136799200,46,46,19,0,0
chrX:136819801-136820000,11,5,23,0,0
chrX:136823200-136823401,0,0,14,20,9
chrX:136825401-136826600,41,55,38,40,0
chrX:136828201-136830200,98,141,2,92,14
chrX:136884156-136888000,11,9,0,0,4
chrX:140087801-140089800,23,36,2,0,0
chrX:140177801-140178200,0,22,13,0,16
chrX:140249001-140251200,23,21,0,17,0
chrX:147894401-147894999,34,56,0,43,0
chrX:149472001-149474400,10,14,57,9,17
chrX:149551601-149551800,14,81,82,79,109
chrX:149552001-149552200,24,44,58,23,76
chrX:149555401-149555600,133,172,138,145,109
chrX:149927401-149927600,11,58,120,34,77
chrX:149928401-149928600,12,39,14,16,27
chrX:150558201-150559200,22,18,0,31,0
chrX:151419201-151420600,0,18,17,0,38
chrX:152816801-152817426,18,0,25,20,37
chrX:152878931-152879800,23,22,9,0,0
chrX:153988202-153993399,62,25,0,21,0
chrX:154336201-154337000,62,50,125,49,27
chrX:154382201-154382400,25,49,15,10,0
chrX:154382801-154383000,5,100,0,20,6
chrX:155372201-155372400,0,18,1,27,8
chrX:155433601-155436599,40,18,57,36,0
chr13:19785401-19785600,19,18,0,4,42
chr13:19790401-19796799,19,38,65,139,103
chr13:20358202-20361600,15,24,12,27,76
chr13:21180578-21181200,0,31,9,28,6
chr13:21355201-21355400,0,23,5,36,59
chr13:21365402-21366399,19,0,34,40,0
chr13:22009201-22010200,19,0,8,0,13
chr13:23722459-23725199,16,46,20,22,0
chr13:23899401-23900400,13,46,197,67,92
chr13:23900802-23901999,0,36,259,123,38
chr13:23931801-23933001,32,0,64,68,28
chr13:25213545-25215206,44,16,0,0,10
chr13:27001201-27001400,7,13,0,12,0
chr13:27034677-27034822,11,23,9,10,0
chr13:27042402-27045600,114,109,126,91,35
chr13:27052685-27055799,0,53,233,42,19
chr13:27489601-27491000,0,18,19,20,0
chr13:28122002-28122800,22,18,57,0,0
chr13:28296801-28297800,0,15,0,6,18
chr13:28651401-28652800,0,17,0,20,38
chr13:28719717-28720067,0,0,26,1,38
chr13:28734401-28735799,156,68,0,20,211
chr13:29654754-29655536,22,359,344,400,319
chr13:29758201-29760000,78,37,0,24,13
chr13:29956602-29959799,81,0,20,30,75
chr13:30141002-30144274,24,71,20,0,20
chr13:30186401-30187600,0,5,19,76,50
chr13:30191800-30193001,23,52,94,168,172
chr13:30311402-30315800,447,406,262,310,395
chr13:30331201-30331800,173,55,19,72,83
chr13:30332201-30332600,29,41,17,15,75
chr13:30333201-30333801,11,18,54,53,18
chr13:30335048-30337599,42,108,38,69,102
chr13:30447401-30448000,267,458,166,143,91
chr13:30453601-30454200,117,32,176,217,146
chr13:30707801-30709399,45,145,0,13,57
chr13:30773601-30775600,0,0,50,10,94
chr13:30776401-30777200,45,0,35,4,0
chr13:30779601-30780000,0,18,19,0,3
chr13:30783602-30790199,69,232,243,215,156
chr13:30791276-30793799,0,64,54,30,37
chr13:30816402-30819905,47,34,111,38,109
chr13:30828402-30831199,46,0,39,106,55
chr13:30831516-30836799,47,90,33,14,105
chr13:31626802-31632399,16,20,35,0,55
chr13:31814001-31815000,41,0,12,0,37
chr13:32541601-32543200,4,3,8,0,0
chr13:32790801-32791000,10,28,9,9,6
chr13:32791202-32793999,33,95,78,102,97
chr13:32823602-32825799,9,0,0,11,19
chr13:32829202-32830999,0,17,2,17,0
chr13:33003601-33005399,21,0,20,0,17
chr13:33006202-33007800,23,11,20,36,0
chr13:36298602-36299031,0,25,4,50,11
chr13:36420201-36422200,23,19,20,21,0
chr13:36837401-36837600,0,0,46,35,16
chr13:36838000-36838200,14,10,67,29,0
chr13:36839202-36840399,249,156,202,244,201
chr13:36840831-36841091,16,57,36,31,58
chr13:37065801-37066600,45,0,36,19,0
chr13:37086002-37093200,32,87,91,58,206
chr13:37095801-37096200,0,5,9,14,34
chr13:37097400-37099200,0,48,18,19,49
chr13:37106401-37107400,329,82,66,203,1111
chr13:37108801-37109800,0,73,3,40,488
chr13:37126402-37129999,59,43,82,68,610
chr13:37133801-37136200,21,46,39,101,266
chr13:37149365-37149709,0,1,0,20,118
chr13:37173002-37173999,0,18,17,20,54
chr13:37175401-37177400,104,133,12,100,484
chr13:37187000-37187601,0,1,0,36,42
chr13:37193002-37195153,0,0,16,40,26
chr13:37197802-37199799,0,0,50,103,94
chr13:37201400-37202401,0,67,38,66,76
chr13:37225001-37225400,0,0,13,91,98
chr13:37225800-37226400,0,19,39,169,195
chr13:37306602-37307599,26,21,87,27,170
chr13:37313001-37313601,0,64,0,20,132
chr13:37360002-37361999,0,0,10,13,37
chr13:40670201-40674999,43,58,189,345,125
chr13:40698001-40699000,0,18,48,20,116
chr13:40706001-40706800,7,0,50,19,0
chr13:40714201-40714600,11,0,109,36,0
chr13:40786001-40787800,40,0,57,19,0
chr13:40928401-40929400,38,21,109,160,9
chr13:41085801-41086800,80,92,114,0,152
chr13:41271201-41272800,0,13,4,0,3
chr13:41278401-41279800,79,5,8,0,38
chr13:41281401-41283200,0,17,18,14,0
chr13:41284483-41285999,2,7,38,22,18
chr13:42328201-42330200,23,19,17,0,0
chr13:42876917-42877331,22,0,38,16,0
chr13:44588201-44588800,87,30,0,24,17
chr13:45291401-45293001,0,38,18,47,55
chr13:45295402-45301600,296,317,401,463,201
chr13:45302600-45303200,0,0,46,20,17
chr13:45318801-45323799,508,529,260,332,455
chr13:45931201-45934400,0,50,20,60,87
chr13:45936601-45937046,0,0,17,45,16
chr13:46307201-46308600,0,11,39,20,0
chr13:46316001-46317599,45,17,38,0,9
chr13:47250076-47250617,0,9,19,38,18
chr13:48050001-48051000,47,92,59,112,29
chr13:48171602-48175600,23,0,15,32,14
chr13:48291801-48293200,23,105,56,184,38
chr13:48738201-48739399,23,26,6,0,19
chr13:49236001-49236400,32,0,19,0,9
chr13:49295401-49295600,37,9,13,1,7
chr13:49299002-49300000,13,36,66,27,14
chr13:49614802-49619200,19,160,67,149,115
chr13:49635545-49635848,14,111,59,0,70
chr13:49637801-49638400,43,94,157,82,195
chr13:49642049-49642448,196,523,192,252,569
chr13:49651601-49651800,11,23,0,17,15
chr13:49652275-49653200,116,99,34,84,94
chr13:49655001-49655200,9,5,17,21,60
chr13:49951401-49952400,31,12,67,0,32
chr13:51848402-51851800,40,70,17,32,76
chr13:51905202-51907599,0,14,0,19,17
chr13:52343417-52346399,93,345,75,101,18
chr13:52347601-52350199,62,44,39,0,19
chr13:52352801-52353600,0,29,0,41,14
chr13:52371202-52375399,100,51,16,57,36
chr13:52452001-52452200,0,21,28,27,0
chr13:52480617-52481761,22,9,5,62,0
chr13:53008002-53025599,26,0,67,95,21
chr13:55524401-55524600,19,0,13,7,5
chr13:57601401-57602000,0,41,0,16,47
chr13:57603801-57605400,0,37,6,0,21
chr13:57627578-57628200,0,20,0,10,56
chr13:57734201-57734400,54,42,41,20,76
chr13:57738801-57741800,94,51,57,32,93
chr13:59111699-59112999,31,18,110,51,63
chr13:59356002-59358399,0,26,21,16,38
chr13:59458401-59462599,119,66,101,74,173
chr13:59464201-59465600,0,11,14,20,0
chr13:59470802-59471400,11,64,64,16,14
chr13:59472000-59472401,30,86,123,49,82
chr13:59483202-59484399,19,36,19,21,22
chr13:59493401-59496000,7,85,29,21,0
chr13:59497401-59499000,21,31,18,0,47
chr13:59499201-59499800,0,9,25,0,56
chr13:59632602-59635999,66,70,25,32,16
chr13:60166801-60167000,24,30,18,0,0
chr13:60167201-60167400,70,15,28,0,6
chr13:61179401-61181000,215,915,588,730,379
chr13:61182801-61186400,2349,7358,2343,2811,2719
chr13:61210201-61211399,202,376,48,123,122
chr13:71869202-71870200,107,85,19,59,11
chr13:71870402-71871800,33,57,0,119,27
chr13:71874601-71875001,0,0,9,13,18
chr13:71876202-71877999,51,0,18,19,71
chr13:73018400-73018801,38,29,132,60,92
chr13:73675601-73678999,45,16,17,18,12
chr13:73684400-73685000,52,30,0,48,0
chr13:74005402-74006799,0,0,17,70,15
chr13:74035802-74039000,19,50,36,104,19
chr13:74040002-74042999,89,18,38,36,0
chr13:74054401-74059200,79,11,36,84,17
chr13:74072857-74077200,19,0,33,35,75
chr13:74084801-74085799,14,74,0,0,18
chr13:74086802-74094000,150,26,36,39,35
chr13:74095802-74100599,122,11,79,39,17
chr13:74101201-74102800,83,19,67,30,37
chr13:74103401-74104600,0,10,27,0,19
chr13:74109801-74111200,20,18,0,51,0
chr13:74112001-74119199,64,26,91,19,0
chr13:74134760-74135357,5,16,1,0,0
chr13:74269864-74270502,365,217,614,532,170
chr13:76866401-76867200,0,18,10,0,36
chr13:77766602-77768000,182,18,24,102,68
chr13:77852801-77855800,0,14,19,40,18
chr13:77859002-77863913,44,17,18,0,0
chr13:80275601-80278199,97,63,105,21,68
chr13:80344602-80346599,0,19,17,16,0
chr13:80441801-80446000,25,20,16,22,0
chr13:80571401-80571800,22,41,0,13,30
chr13:86810001-86811000,0,0,26,95,48
chr13:86813401-86813600,0,5,1,31,0
chr13:90444402-90446399,0,19,10,0,19
chr13:93202200-93202401,10,15,11,0,0
chr13:93222601-93223800,73,248,146,39,119
chr13:94545602-94546999,92,91,39,62,10
chr13:94666201-94667800,21,40,20,0,33
chr13:96996001-96996600,29,18,19,25,0
chr13:97658001-97662000,41,38,30,21,29
chr13:97934401-97935399,22,13,0,0,33
chr13:99403499-99403960,53,1,13,10,0
chr13:99434102-99434937,0,6,37,20,0
chr13:99600602-99602600,14,9,0,0,27
chr13:102878336-102878981,0,52,38,47,0
chr13:102897601-102898399,0,4,19,150,0
chr13:106538801-106539400,45,32,19,30,34
chr13:106905801-106906999,0,70,0,30,28
chr13:106919538-106919803,20,30,20,20,63
chr13:109253202-109259200,35,0,22,8,7
chr13:109336002-109337599,0,17,91,106,103
chr13:109344201-109346399,23,0,47,11,43
chr13:109348374-109349999,29,17,72,75,113
chr13:109381001-109382600,0,0,16,60,75
chr13:109407349-109410000,19,0,20,39,208
chr13:109424000-109424401,25344,16916,7833,8555,17903
chr13:110139841-110140116,0,0,50,22,12
chr13:110520403-110521288,11,59,16,18,9
chr13:110564602-110565692,153,373,245,336,162
chr13:110747801-110748600,0,16,21,29,0
chr13:110919801-110922199,43,37,18,19,0
chr13:110924801-110925800,19,25,0,10,28
chr13:112593201-112593400,22,0,19,10,0
chr13:112596001-112596800,70,25,0,105,18
chr13:113173201-113175200,137,141,429,244,474
chr13:113283201-113285800,0,56,19,63,0
chr13:113562002-113562999,0,29,0,17,7
chr13:113756635-113756758,7,0,9,9,6
chr13:113931001-113931435,69,46,281,107,15
chr13:113934602-113937399,674,654,1330,668,482
chr13:113937602-113939599,909,897,1021,713,306
chr13:113941621-113942263,36,79,266,82,32
chr13:113946801-113948800,431,801,872,1013,609
chr13:114135711-114136001,0,25,5,3,0
chr13:114141047-114141507,42,33,73,31,0
chr13:114142299-114142905,45,4,19,45,18
chr13:114144018-114144203,11,0,2,22,0
chr13:114148461-114149015,58,14,62,35,18
chr13:114150994-114151203,22,9,0,2,0
chr13:114339002-114341399,0,17,0,13,53
chr12:263557-264061,0,8,0,4,18
chr12:446001-447800,35,17,18,0,26
chr12:666724-667118,11,24,0,20,0
chr12:723601-731399,35,37,39,21,29
chr12:751088-751498,34,43,0,56,82
chr12:1527402-1528799,23,56,19,74,0
chr12:1939402-1940470,587,411,358,225,396
chr12:2944001-2945200,43,36,67,0,157
chr12:3055002-3056600,43,54,0,13,0
chr12:3772002-3773599,52,33,6,21,0
chr12:3775601-3775800,11,18,9,0,36
chr12:3923001-3924799,0,35,18,41,0
chr12:3927802-3936400,128,41,153,81,96
chr12:4034601-4039600,7,12,6,6,0
chr12:4172802-4178400,0,20,71,0,76
chr12:4188602-4194399,0,42,0,15,36
chr12:4483801-4485599,21,32,73,9,31
chr12:5050602-5054400,0,27,48,61,0
chr12:6149601-6150201,44,60,55,0,114
chr12:6171333-6172070,20,0,0,59,13
chr12:6182192-6182590,9,0,29,4,17
chr12:6188402-6190600,529,32,3092,979,101
chr12:6249002-6250799,0,17,18,19,0
chr12:6414601-6418599,532,345,666,896,689
chr12:6476201-6477199,1,36,3,0,18
chr12:6734801-6735200,23,114,180,204,34
chr12:6735402-6738799,691,1241,1387,1393,1221
chr12:6745682-6745990,20,2,0,20,0
chr12:7264801-7266000,23,0,19,0,31
chr12:7280401-7282600,0,18,39,0,142
chr12:7292402-7296599,69,0,74,0,209
chr12:7297001-7299800,180,17,113,41,160
chr12:7340601-7341400,0,14,0,20,18
chr12:7514201-7514800,0,15,48,0,90
chr12:7537201-7538999,43,0,0,19,56
chr12:7570002-7575400,266,32,151,359,721
chr12:7718202-7721400,43,7,12,0,151
chr12:7945602-7953199,11,9,9,10,9
chr12:8026536-8026955,67,197,90,149,69
chr12:8527002-8528199,344,625,207,964,1958
chr12:8532001-8532400,114,0,438,356,456
chr12:8543402-8545400,724,143,1237,1007,2014
chr12:8545601-8547200,308,42,661,558,946
chr12:8582201-8585400,9,70,20,0,95
chr12:8670401-8672740,90,51,62,19,81
chr12:8674601-8677999,45,16,0,0,8
chr12:9015601-9016400,422,224,111,39,194
chr12:9029802-9031999,72,40,16,56,19
chr12:9032201-9034000,67,32,57,12,20
chr12:9046402-9047448,0,37,0,58,37
chr12:9049401-9050400,0,80,19,38,0
chr12:9050601-9051800,66,48,0,0,37
chr12:9122200-9122401,10,0,3,0,1
chr12:9133100-9134366,604,728,760,280,685
chr12:9318201-9318400,11,25,28,28,16
chr12:9319400-9320600,84,152,511,269,14
chr12:9326802-9328799,23,29,104,62,0
chr12:9332601-9335400,20,71,110,19,13
chr12:9336001-9336400,0,18,33,41,0
chr12:9340348-9346399,0,36,76,16,0
chr12:9710402-9712599,194,511,626,862,148
chr12:10068022-10068179,3,9,0,8,0
chr12:10331580-10332169,30,44,29,211,27
chr12:10339002-10340199,16,0,0,29,10
chr12:10361797-10361827,70,21,7,24,23
chr12:10362806-10363070,151,197,103,127,179
chr12:10600801-10601800,341,373,796,578,335
chr12:11592601-11593400,0,18,1,36,0
chr12:11594401-11597600,47,38,56,21,35
chr12:11603802-11605199,0,0,19,17,12
chr12:11646601-11646800,28,1,20,18,9
chr12:12270801-12271000,0,39,38,0,21
chr12:12272802-12273972,0,55,19,35,57
chr12:12313823-12314590,2,0,19,37,19
chr12:12703402-12707400,65,73,340,228,39
chr12:12844802-12847000,16,0,19,56,0
chr12:12868801-12869000,0,0,21,10,1
chr12:12872942-12873231,6,0,2,29,35
chr12:12874585-12874965,120,85,21,37,48
chr12:12920944-12923200,23,8,11,0,36
chr12:13221602-13224599,0,18,15,12,104
chr12:14909402-14911400,122,177,361,325,554
chr12:15904001-15904400,26,236,200,113,119
chr12:19757226-19758467,33,89,69,20,103
chr12:19760654-19762400,0,53,19,9,80
chr12:26844801-26847000,0,18,0,29,38
chr12:26853335-26853729,0,12,6,3,0
chr12:26856201-26857200,0,36,38,20,18
chr12:26969001-26969400,86,395,78,34,86
chr12:27076202-27078051,0,54,86,223,18
chr12:27185002-27187799,33,61,49,136,27
chr12:27190221-27195600,161,137,280,131,147
chr12:27198000-27198401,45,80,44,0,7
chr12:27207963-27208595,14,0,0,37,18
chr12:27238326-27238638,22,9,8,21,0
chr12:27810801-27811400,34,0,0,20,18
chr12:27975725-27975896,0,9,13,10,0
chr12:29134801-29135000,20,57,74,26,272
chr12:29135389-29135651,58,80,56,12,269
chr12:30518602-30519400,0,192,130,93,0
chr12:31008201-31008801,0,51,25,36,0
chr12:31009400-31009601,5,85,25,68,76
chr12:31259201-31261200,32,0,15,0,19
chr12:31269601-31270200,125,35,84,37,17
chr12:31274801-31275600,50,129,91,95,120
chr12:31279601-31279800,11,0,47,5,0
chr12:31746697-31747149,0,4,71,130,0
chr12:31749202-31749632,68,14,111,171,39
chr12:31756201-31761373,77,37,13,42,6
chr12:31778402-31779199,0,42,107,74,0
chr12:31796402-31798199,726,1823,18,56,325
chr12:31809001-31809400,44,0,89,100,0
chr12:31812802-31813799,22,64,134,188,37
chr12:31817001-31817800,27,27,125,41,0
chr12:31818602-31820799,88,101,363,223,49
chr12:31821001-31821200,55,20,37,10,20
chr12:31822801-31823200,8,18,141,19,17
chr12:31827601-31828399,43,9,90,168,0
chr12:31829801-31830600,17,0,66,19,0
chr12:31831002-31836200,311,145,475,261,97
chr12:31837044-31837432,22,13,19,3,0
chr12:31844601-31845000,11,31,32,0,0
chr12:31859001-31861000,176,36,129,51,32
chr12:31866601-31868199,40,0,105,45,0
chr12:31868401-31868600,0,0,20,10,1
chr12:31868801-31870800,122,41,134,29,37
chr12:32002802-32003999,611,609,726,545,867
chr12:32004401-32005000,0,0,64,43,33
chr12:32010801-32011000,0,16,19,10,9
chr12:32012402-32013884,159,18,32,60,94
chr12:32018601-32019000,52,37,73,16,110
chr12:32020401-32021800,354,555,404,279,804
chr12:32023601-32024000,28,50,44,20,176
chr12:32024802-32028800,424,452,523,195,694
chr12:32030202-32034799,412,257,479,137,608
chr12:32047400-32048400,125,70,262,93,96
chr12:32051001-32053000,71,21,86,13,77
chr12:32068704-32069799,22,9,0,37,19
chr12:32384401-32385800,43,54,12,9,24
chr12:32650600-32651800,109,37,102,65,74
chr12:40136801-40138799,23,19,48,62,112
chr12:41794038-41796199,22,71,38,0,35
chr12:42729207-42730599,22,18,95,0,57
chr12:42801001-42803600,46,18,49,0,0
chr12:42957402-42963199,52,105,51,0,108
chr12:43008601-43010200,0,68,2,0,19
chr12:43148201-43148400,14,32,3,0,0
chr12:43267201-43269400,26,16,39,32,0
chr12:45140001-45140200,11,0,10,0,8
chr12:45673201-45675399,125,29,0,20,0
chr12:45705002-45708200,143,253,321,247,227
chr12:45708401-45708800,0,37,50,7,41
chr12:45712201-45713999,61,13,18,51,0
chr12:45913201-45914600,41,40,0,0,13
chr12:46377800-46378001,0,30,22,10,0
chr12:46380002-46380600,377,562,126,206,347
chr12:46942459-46943599,0,18,16,41,0
chr12:46958802-46960200,16,13,58,17,0
chr12:46962134-46962415,17,3,0,20,0
chr12:47297278-47299599,24,19,5,25,0
chr12:47304001-47304401,189,286,109,38,108
chr12:47558802-47563199,19,16,33,17,38
chr12:47590700-47592200,42,107,89,77,138
chr12:48033801-48034000,12,0,15,23,13
chr12:48035001-48035400,0,24,16,39,9
chr12:48036402-48038800,21,0,192,140,29
chr12:48445402-48449600,307,86,298,182,293
chr12:48803201-48804600,23,30,28,0,0
chr12:48976286-48976662,5,22,11,19,13
chr12:49114293-49114653,38,0,19,57,18
chr12:49776154-49778647,22,15,0,0,37
chr12:49782801-49786399,193,26,36,73,161
chr12:49945543-49945996,0,36,0,10,20
chr12:50295401-50298399,291,478,133,118,164
chr12:50302800-50305200,172,67,18,61,0
chr12:50310001-50310800,118,53,54,10,18
chr12:50311801-50312800,62,36,13,20,18
chr12:50751801-50752800,70,132,48,62,27
chr12:50824602-50825999,33,6,28,79,1
chr12:50828201-50829200,34,70,94,91,59
chr12:50933800-50934000,25,27,10,37,46
chr12:50942401-50943400,17,45,22,54,31
chr12:51222601-51223000,22,0,19,0,10
chr12:51225001-51226400,60,71,62,136,12
chr12:51926116-51926402,8,12,9,16,48
chr12:52002001-52003472,35,73,108,60,97
chr12:52005765-52006186,183,16,48,35,226
chr12:52067001-52067400,0,9,0,13,1
chr12:52522361-52523010,0,0,4,20,37
chr12:52526201-52527400,28,0,12,0,32
chr12:52620401-52622200,385,65,309,227,328
chr12:52626201-52627600,81,51,67,72,27
chr12:53243602-53244999,23,0,8,0,6
chr12:53434002-53436599,27,9,9,0,9
chr12:53678647-53679195,0,26,0,10,4
chr12:54221402-54223399,8,51,63,46,19
chr12:54352912-54353032,0,5,3,6,0
chr12:54941401-54942800,121,30,0,36,13
chr12:54945201-54945400,9,0,9,7,0
chr12:55875001-55876400,0,0,3,62,5
chr12:55898801-55899800,22,6,0,71,0
chr12:56145801-56148199,725,315,713,417,455
chr12:56192887-56193800,30,0,38,38,19
chr12:56195402-56200400,179,121,209,162,156
chr12:56400507-56401355,0,51,15,40,16
chr12:56659052-56659800,22,9,0,12,18
chr12:56695600-56696400,0,14,38,10,0
chr12:56705202-56711200,116,0,61,73,37
chr12:56711601-56711800,0,8,9,1,9
chr12:56875801-56879799,53,38,20,21,4
chr12:56880201-56880600,0,11,0,20,15
chr12:56962202-56962800,24,2,161,82,33
chr12:56978202-56978999,11,35,76,4,36
chr12:56993401-56993800,0,15,38,0,9
chr12:59066001-59068199,0,53,0,8,76
chr12:60333401-60333898,13,0,29,11,0
chr12:61471801-61472000,107,173,69,73,83
chr12:62640002-62643200,23,0,20,34,55
chr12:64169602-64173799,0,46,90,114,36
chr12:64175276-64176000,0,16,0,62,18
chr12:64181084-64181208,23,9,0,6,30
chr12:64181519-64181688,30,9,28,9,0
chr12:64699201-64703599,0,16,128,35,153
chr12:64711801-64712200,25,0,36,0,8
chr12:66002801-66004400,818,1751,840,1151,1282
chr12:66258201-66259200,25,0,55,61,223
chr12:66278601-66281400,0,68,56,76,97
chr12:67676602-67679399,83,64,245,186,111
chr12:67680602-67682599,170,199,320,341,187
chr12:67689401-67689600,37,0,12,11,22
chr12:67704601-67706999,0,2,115,110,11
chr12:67756600-67756800,8,16,6,0,0
chr12:67885401-67886001,20,18,26,41,8
chr12:67890602-67892711,44,35,56,63,0
chr12:69290601-69294200,26,17,18,19,0
chr12:69320601-69324200,21,21,27,0,0
chr12:69417001-69417600,41,59,62,0,28
chr12:69425601-69426000,10,75,30,20,45
chr12:69428601-69428800,13,11,3,0,0
chr12:69428804-69429155,0,6,15,0,8
chr12:69430801-69432400,45,0,18,21,19
chr12:69621401-69625800,52,16,0,17,5
chr12:70983002-70984400,23,0,39,11,0
chr12:70994067-70995200,0,55,0,19,18
chr12:71708371-71708483,4,14,8,5,6
chr12:71731400-71732401,100,50,135,129,35
chr12:72672401-72679399,31,119,115,95,148
chr12:76010401-76012199,0,0,18,2,17
chr12:76035271-76035468,2,0,0,20,2
chr12:76632800-76634800,77,9,0,89,42
chr12:76636001-76638199,0,16,8,17,8
chr12:76685001-76685999,41,70,0,20,0
chr12:79521602-79524599,0,18,19,0,11
chr12:79531201-79533199,0,19,38,19,0
chr12:79554801-79555599,2,34,90,24,50
chr12:79565402-79567999,0,12,89,56,0
chr12:80782801-80783799,23,9,0,10,91
chr12:85462801-85463472,20,0,19,16,19
chr12:85464801-85466000,23,18,36,37,71
chr12:87819801-87820000,16,0,7,0,35
chr12:90106737-90107126,0,9,0,20,6
chr12:91913401-91914600,50,0,12,19,37
chr12:91920201-91922199,23,0,58,46,0
chr12:91922401-91922800,0,10,9,26,0
chr12:91926401-91927600,0,30,19,0,14
chr12:91931081-91931799,0,0,38,20,18
chr12:91934801-91938399,16,0,36,0,17
chr12:91946801-91949000,0,0,69,50,38
chr12:91968801-91969000,15,5,19,67,18
chr12:91973802-91974967,0,58,169,196,106
chr12:91977402-91979200,83,17,109,212,29
chr12:91983001-91983400,0,0,59,53,14
chr12:92227801-92228400,0,46,32,0,9
chr12:92498001-92499200,10,0,57,35,0
chr12:92502378-92503427,111,28,176,59,37
chr12:92503505-92504208,17,0,62,1,19
chr12:92505504-92506255,0,36,86,20,46
chr12:92510002-92514600,612,716,982,212,172
chr12:92514801-92516647,44,18,77,0,16
chr12:92519201-92519800,37,40,19,0,0
chr12:92554229-92554609,0,18,47,22,0
chr12:92582401-92583320,105,32,9,10,28
chr12:92584601-92586000,0,11,19,0,19
chr12:92600601-92608999,0,30,42,22,20
chr12:92942401-92944329,109,65,39,41,0
chr12:92955801-92957001,14,33,38,21,0
chr12:92964601-92964800,19,13,14,0,23
chr12:92968001-92975400,110,63,150,100,46
chr12:92977201-92979200,0,17,48,57,44
chr12:92988249-92988597,15,14,0,14,0
chr12:92995001-92996400,79,18,17,9,0
chr12:93518801-93519200,0,6,14,0,16
chr12:94010002-94014400,52,74,95,0,16
chr12:94030202-94034199,0,34,20,21,0
chr12:94046802-94048999,69,18,39,26,0
chr12:94052602-94053611,0,54,0,61,18
chr12:94143295-94143601,0,17,6,12,0
chr12:94143802-94144799,22,82,77,0,4
chr12:94534202-94536399,19,0,11,14,0
chr12:94551201-94551800,63,92,141,170,144
chr12:94552202-94553799,153,200,126,455,454
chr12:94557601-94558200,0,19,67,73,75
chr12:94560864-94561169,1,8,9,1,27
chr12:94566401-94566600,0,21,9,10,17
chr12:94670801-94671000,37,38,4,46,0
chr12:94676091-94676557,11,32,0,10,0
chr12:94699401-94700600,0,0,19,21,8
chr12:94703802-94707399,113,70,36,131,17
chr12:94712802-94718999,18,15,39,0,0
chr12:94730601-94731001,0,4,14,10,22
chr12:94731801-94732800,188,60,27,76,37
chr12:94733801-94734200,22,24,0,13,0
chr12:94741000-94742166,130,11,0,34,0
chr12:94761202-94765000,22,37,0,0,18
chr12:94776602-94780002,117,0,56,60,110
chr12:94783601-94784601,68,0,0,20,29
chr12:94795002-94796399,58,11,0,20,19
chr12:94802601-94803400,0,14,10,23,0
chr12:94804913-94807200,51,36,11,18,0
chr12:95009601-95010599,22,0,15,0,12
chr12:95970402-95971599,3,0,51,0,104
chr12:96112401-96113600,12,11,3,0,0
chr12:96119801-96122399,23,22,0,0,55
chr12:96129801-96132000,29,0,19,20,13
chr12:96132401-96132600,15,9,0,0,15
chr12:96133809-96134298,57,0,9,0,18
chr12:96175202-96178800,0,17,18,4,8
chr12:96182401-96184200,0,13,52,0,31
chr12:96186001-96188799,0,37,35,19,27
chr12:96190001-96191200,52,36,36,1,37
chr12:96272001-96272400,34,26,82,49,27
chr12:96274201-96274800,65,37,158,51,18
chr12:96275001-96275400,11,18,0,4,0
chr12:98304601-98305000,11,23,0,30,18
chr12:98344002-98345860,36,0,4,0,20
chr12:98462001-98472000,0,60,25,27,0
chr12:98474802-98475999,37,36,36,27,19
chr12:98479401-98480400,0,17,0,39,9
chr12:98509002-98509799,0,72,32,41,52
chr12:98552801-98553000,38,38,29,61,29
chr12:100146601-100147400,112,216,121,31,190
chr12:100151001-100151801,49,179,73,20,145
chr12:100152000-100152600,108,215,35,88,81
chr12:100154525-100155279,56,25,75,91,77
chr12:101489401-101491999,10991,12760,4369,3032,13244
chr12:101853602-101862771,41,11,34,0,22
chr12:104108602-104109600,559,840,562,340,624
chr12:104351001-104351200,19,0,40,10,0
chr12:104351401-104352528,28,199,182,196,122
chr12:104353180-104359553,19,38,210,190,87
chr12:104361600-104362200,11,0,19,13,28
chr12:104381402-104382800,0,27,19,55,55
chr12:104411602-104415599,17,14,50,0,34
chr12:104452401-104452600,62,23,22,26,55
chr12:104768002-104769799,0,87,59,17,139
chr12:105477802-105481399,0,43,0,83,53
chr12:106147923-106148600,0,4,18,5,18
chr12:106149000-106149800,0,17,0,10,45
chr12:106187401-106189200,0,92,36,0,38
chr12:106195202-106196304,23,56,19,43,0
chr12:106223402-106225599,0,66,19,0,76
chr12:106226402-106231599,0,12,19,42,12
chr12:108599201-108599400,0,0,26,29,40
chr12:108600926-108601435,0,18,18,62,85
chr12:108604201-108604800,65,32,112,325,177
chr12:108605201-108606999,234,142,347,476,312
chr12:108608402-108611199,92,85,67,345,150
chr12:108616941-108617163,0,0,1,31,11
chr12:108617409-108617641,7,0,19,7,19
chr12:108644038-108644135,6,0,31,4,7
chr12:108742201-108747600,0,19,34,36,33
chr12:108750401-108752700,0,14,0,49,11
chr12:108772001-108775799,22,55,19,41,23
chr12:109539201-109540200,0,31,15,10,0
chr12:109544402-109546400,134,187,76,54,122
chr12:109613200-109614000,0,37,9,19,0
chr12:109777201-109778000,432,618,637,673,905
chr12:109779389-109779800,3,46,16,28,24
chr12:109836402-109842599,148,286,197,218,208
chr12:110090801-110092600,0,17,2,0,17
chr12:110370401-110372400,110,357,104,135,209
chr12:111903904-111904247,45,18,34,71,13
chr12:111924601-111926000,215,71,39,144,75
chr12:113048601-113050399,21,0,57,19,0
chr12:113792001-113792200,17,30,6,30,16
chr12:113795401-113795800,80,32,28,12,8
chr12:113802801-113803800,22,0,52,40,18
chr12:113808200-113808601,273,378,174,180,129
chr12:115313801-115314800,0,0,63,32,27
chr12:115948400-115948800,14,0,0,16,38
chr12:115952400-115953801,0,0,19,41,6
chr12:116330801-116340600,29,35,74,79,0
chr12:116537388-116537654,7,57,55,0,35
chr12:116542401-116544000,33,33,113,43,65
chr12:116544201-116545136,0,18,19,39,0
chr12:116545601-116546401,22,60,77,104,18
chr12:117032202-117034800,840,1221,426,607,717
chr12:118422361-118423208,88,105,339,114,168
chr12:118432801-118433400,0,46,38,35,35
chr12:118433801-118434000,0,18,8,31,0
chr12:120277201-120277799,22,0,8,5,0
chr12:120286602-120288200,0,17,16,43,53
chr12:120676602-120681400,0,17,24,19,17
chr12:121123402-121125400,77,29,17,21,0
chr12:121201802-121203599,67,37,18,19,6
chr12:121598601-121599400,221,111,81,205,177
chr12:121600801-121601600,143,188,88,93,55
chr12:121609802-121611800,74,73,20,13,114
chr12:121614801-121617400,23,0,0,35,45
chr12:121619001-121621400,0,67,18,0,38
chr12:121678601-121679800,0,35,38,99,8
chr12:121690844-121691675,0,79,0,41,18
chr12:121865601-121867000,0,0,14,9,54
chr12:121871550-121871811,19,5,0,0,4
chr12:121880601-121881000,88,37,35,33,29
chr12:122076444-122076715,0,55,17,0,10
chr12:122659201-122660447,0,18,14,0,13
chr12:122669201-122670308,26,36,0,39,74
chr12:122676402-122683999,227,323,135,185,265
chr12:122721204-122721342,52,12,40,0,54
chr12:122722495-122722688,13,10,1,10,36
chr12:122737801-122739400,33,93,6,23,0
chr12:122864601-122864800,19,40,44,21,23
chr12:122909002-122910999,128,109,43,344,132
chr12:123286601-123287400,22,18,17,0,0
chr12:123599401-123600000,8,0,34,0,18
chr12:124581202-124583200,0,19,20,21,0
chr12:124586201-124587200,0,12,2,10,0
chr12:124660002-124661799,0,8,63,0,38
chr12:124663155-124666007,55,69,94,19,178
chr12:124705401-124706200,0,15,71,32,34
chr12:124719053-124723399,0,15,66,59,16
chr12:124890401-124891400,52,6,12,28,36
chr12:124909518-124909895,0,9,27,0,18
chr12:124932001-124933600,86,50,142,8,109
chr12:124938656-124938789,51,10,22,8,22
chr12:124939533-124940121,104,27,166,66,52
chr12:125146001-125146200,0,37,0,41,1
chr12:126901000-126901800,22,15,19,0,16
chr12:128787602-128790799,129,85,56,147,127
chr12:128840927-128841280,22,0,17,0,16
chr12:128843570-128843862,613,1337,1229,1974,4763
chr12:128850401-128850600,65,10,9,10,12
chr12:128852219-128852573,224,564,1147,1047,1573
chr12:131300801-131301200,11,0,0,48,81
chr12:131445201-131446200,0,17,0,20,37
chr12:131459001-131460000,22,15,0,5,0
chr12:131632401-131634347,40,0,22,58,150
chr12:131671201-131674600,20,0,82,83,16
chr12:131803401-131805000,124,46,0,21,15
chr12:131808938-131809276,0,9,0,20,16
chr12:131810801-131811200,0,18,0,102,189
chr12:131812001-131812200,16,6,9,24,118
chr12:132172801-132173600,11,46,19,34,45
chr12:132173801-132175400,0,72,20,63,0
chr12:132428638-132428906,11,56,78,30,19
chr12:132429065-132429331,3,18,34,1,11
chr12:132431028-132431130,0,20,27,6,6
chr12:132434299-132434476,0,2,9,8,0
chr12:132444948-132446365,208,112,167,290,85
chr12:132476022-132477210,56,105,172,319,151
chr12:132481703-132482224,360,100,280,365,290
chr11:269336-269813,200,304,582,472,748
chr11:274401-275600,167,156,531,405,1009
chr11:276601-276800,90,69,131,80,234
chr11:316246-316608,519,1339,375,287,929
chr11:316965-317318,462,666,360,376,942
chr11:339602-342999,106,45,43,101,110
chr11:531001-531400,22,53,53,90,20
chr11:575158-575435,121,46,62,6,56
chr11:575455-575561,15,33,7,0,21
chr11:629100-629570,22,0,19,93,18
chr11:744049-744224,2,0,2,16,0
chr11:816033-816324,0,7,31,3,0
chr11:1039914-1042799,341,368,572,784,717
chr11:1043644-1043838,54,21,25,72,33
chr11:1056601-1057000,244,578,172,522,340
chr11:1060201-1061800,131,270,67,356,203
chr11:1202787-1204306,0,18,19,39,0
chr11:1264575-1264710,0,24,14,13,19
chr11:1271200-1271600,113,101,236,85,171
chr11:1316401-1320599,0,0,37,28,10
chr11:1330001-1331600,23,19,0,39,37
chr11:1502002-1511400,211,91,167,229,93
chr11:1512501-1519599,74,51,162,231,88
chr11:1519604-1522399,0,54,35,117,55
chr11:1522801-1526401,48,56,178,180,94
chr11:1527801-1529599,64,0,41,83,0
chr11:1534601-1538199,0,17,119,161,31
chr11:1669001-1671200,23,32,0,29,38
chr11:1844189-1845077,50,129,56,48,49
chr11:2014001-2014800,0,37,0,111,11
chr11:2277001-2278400,131,18,39,20,62
chr11:2285802-2287600,2153,2319,1189,627,1235
chr11:2288602-2289200,244,167,96,17,65
chr11:2289402-2290800,219,345,302,39,190
chr11:2325759-2327600,63,60,152,170,57
chr11:2424401-2425800,0,0,39,41,19
chr11:3169181-3169486,72,44,26,66,37
chr11:3169652-3169877,5,20,9,33,27
chr11:3169923-3170320,11,0,6,15,0
chr11:3177802-3178829,0,36,28,57,24
chr11:3582601-3585200,38,44,39,42,19
chr11:6062601-6063400,0,28,0,74,30
chr11:6191202-6194999,39,37,91,77,355
chr11:6196466-6196629,13,0,7,2,0
chr11:6248201-6248624,0,0,11,10,29
chr11:6384778-6386163,41,27,19,33,83
chr11:6443202-6443884,96,24,139,32,123
chr11:6667402-6669199,64,70,48,58,38
chr11:6669602-6678199,1518,649,1301,1436,826
chr11:6678397-6678710,91,19,67,61,9
chr11:6679401-6679600,20,15,72,60,10
chr11:6687401-6687999,259,526,274,232,271
chr11:6690319-6691199,366,251,471,215,272
chr11:6692996-6696999,1006,1116,1400,842,1064
chr11:6702598-6704400,2344,2135,1919,1677,2192
chr11:6705801-6707000,727,1025,735,508,891
chr11:6707401-6709600,3088,3471,1354,1027,2282
chr11:8194201-8198600,26,0,16,0,16
chr11:8610601-8611200,32,27,0,19,18
chr11:8934401-8935799,35,102,103,0,27
chr11:9533001-9535814,0,17,39,7,38
chr11:9550002-9553025,135,62,126,16,75
chr11:9615221-9615353,0,39,26,0,31
chr11:9618010-9618275,7,9,46,40,9
chr11:9619801-9620000,0,7,25,52,50
chr11:9620201-9620400,22,25,60,14,0
chr11:9651201-9653400,23,85,19,0,49
chr11:9656001-9656400,17,0,0,59,35
chr11:10297783-10299000,162,292,272,216,475
chr11:10299201-10299600,11,55,128,99,103
chr11:10301735-10302070,17,23,57,10,68
chr11:10911002-10915200,508,500,218,422,414
chr11:10916704-10921200,20,38,171,128,0
chr11:10924602-10928399,17,13,38,0,0
chr11:11253601-11254000,0,24,27,8,6
chr11:11261401-11261800,83,99,383,111,30
chr11:12547401-12548600,23,29,15,17,35
chr11:12555801-12558199,0,37,39,0,17
chr11:14373602-14375600,155,68,94,0,37
chr11:14407202-14418399,83,95,128,243,167
chr11:14423724-14424100,3,0,0,20,18
chr11:14435601-14436400,32,37,28,34,43
chr11:14437601-14437800,39,15,9,0,25
chr11:14438801-14440000,66,80,62,88,131
chr11:14894001-14899800,694,628,1202,582,1578
chr11:15471202-15473199,32,19,0,21,19
chr11:18191201-18192000,4,14,4,4,11
chr11:18368002-18370000,0,73,134,111,0
chr11:18527602-18528017,107,99,38,32,10
chr11:26944602-26948800,0,20,0,62,41
chr11:26991602-26993000,0,61,12,57,94
chr11:27011601-27014490,21,0,18,11,57
chr11:27293801-27295199,46,20,35,0,26
chr11:27295801-27296200,65,5,0,10,8
chr11:27328401-27329801,41,11,26,9,120
chr11:28529038-28530036,162,260,58,145,169
chr11:30341801-30344999,67,155,179,78,263
chr11:30345879-30346715,48,42,42,40,98
chr11:30363801-30365400,23,0,0,102,55
chr11:30365801-30366000,0,0,3,9,31
chr11:32468401-32470000,23,64,122,97,107
chr11:32477801-32479600,0,35,0,19,17
chr11:33226802-33229200,21,17,0,19,0
chr11:33234201-33236399,88,21,5,0,0
chr11:33919001-33922400,5,0,17,23,0
chr11:33970001-33972800,20,0,0,19,17
chr11:35029002-35037999,53,32,68,73,78
chr11:35045050-35045711,0,18,19,0,18
chr11:35047935-35048133,9,74,2,45,19
chr11:35051372-35051674,0,16,73,49,93
chr11:35052060-35052374,35,3,30,2,50
chr11:35056302-35060600,283,486,442,239,295
chr11:35061648-35069600,249,96,262,280,148
chr11:35130801-35131800,22,0,36,59,14
chr11:35608202-35609399,0,29,9,0,19
chr11:36256802-36259210,46,17,12,0,18
chr11:36466601-36467600,567,1107,721,1394,1015
chr11:36467801-36468400,700,714,392,723,823
chr11:36469200-36469401,462,546,230,261,538
chr11:36469800-36471200,111,245,744,706,302
chr11:36478601-36478801,100,262,162,59,158
chr11:36702402-36703400,0,14,19,0,1
chr11:41497002-41499999,0,7,11,20,0
chr11:44625905-44626056,10,31,0,7,0
chr11:44631801-44639400,284,740,231,227,1072
chr11:44708002-44712999,44,0,19,0,18
chr11:45641002-45646999,0,102,61,24,0
chr11:46391169-46391380,11,30,0,0,16
chr11:46597147-46598199,312,507,232,234,344
chr11:46600001-46600200,73,77,14,10,55
chr11:46600291-46601000,41,116,137,108,116
chr11:46601181-46601600,135,108,69,220,135
chr11:47454105-47454862,29,0,105,7,34
chr11:47599201-47600200,34,38,48,110,82
chr11:47606200-47606600,161,258,157,154,145
chr11:47606665-47608799,734,654,428,713,562
chr11:47611001-47613000,116,243,122,160,117
chr11:47884802-47891800,31,25,26,0,8
chr11:47899202-47901399,23,0,0,8,13
chr11:56884801-56885717,90,27,29,19,17
chr11:56949201-56949600,13,0,9,41,9
chr11:57071602-57073999,21,0,51,0,17
chr11:57155001-57157799,0,88,89,0,24
chr11:57162601-57163639,0,49,77,21,28
chr11:57164401-57164600,0,0,6,12,10
chr11:57195201-57195400,0,9,14,11,9
chr11:57195602-57197200,0,35,34,0,23
chr11:57202201-57208199,53,36,129,89,97
chr11:57216402-57217999,0,62,87,21,245
chr11:57218601-57220199,19,0,38,52,89
chr11:57224201-57225001,0,0,22,18,16
chr11:57240202-57243599,20,99,56,0,12
chr11:57429602-57436799,96,35,73,29,0
chr11:57453401-57453801,11,20,0,10,0
chr11:57536602-57537799,245,315,57,82,56
chr11:57569350-57569577,0,8,2,9,16
chr11:57629401-57629600,0,34,6,28,9
chr11:58494601-58495000,417,209,367,290,45
chr11:58512801-58513801,38,36,58,27,0
chr11:58514000-58514201,11,9,29,18,17
chr11:58525445-58525602,13,17,15,0,0
chr11:58629202-58630238,32,104,192,122,19
chr11:58769402-58778200,592,224,235,956,516
chr11:58787685-58789004,23,19,0,0,18
chr11:59076402-59079999,231,113,1555,606,58
chr11:59080600-59081000,0,0,125,20,9
chr11:59081401-59082200,132,62,140,183,48
chr11:59096801-59098192,414,754,361,221,290
chr11:59098200-59099800,177,75,364,63,19
chr11:59102303-59102783,34,15,54,10,9
chr11:59244402-59252000,11,0,38,20,37
chr11:59697802-59699399,9,21,2,32,61
chr11:59818201-59819400,0,118,1,9,52
chr11:59846401-59848000,21,0,0,21,47
chr11:59848602-59851599,17,18,30,16,56
chr11:60157401-60158000,2,3,3,0,46
chr11:60165402-60167800,89,70,216,166,353
chr11:61021722-61022027,0,29,3,16,52
chr11:61028523-61028628,4,14,0,4,0
chr11:61030801-61031000,0,41,13,18,0
chr11:61031601-61032199,109,170,77,88,62
chr11:61033401-61033800,40,27,9,26,0
chr11:61042104-61042635,0,44,0,27,9
chr11:61162266-61162506,0,34,10,2,16
chr11:61162540-61162875,11,15,21,20,0
chr11:61164055-61164734,22,23,14,0,10
chr11:61165173-61165263,11,0,4,10,20
chr11:61971288-61972279,22,18,2,32,23
chr11:61972518-61973043,0,27,48,41,19
chr11:61975134-61975528,0,46,18,0,16
chr11:61976300-61976460,0,0,4,13,8
chr11:61978809-61978941,0,7,5,0,3
chr11:61980201-61980400,15,20,0,0,5
chr11:61980581-61983800,43,51,53,161,40
chr11:61984601-61985200,0,0,19,36,16
chr11:61985401-61986480,1,109,39,41,37
chr11:61999001-61999600,251,355,86,42,167
chr11:62003202-62007400,0,0,37,17,15
chr11:62041402-62048799,0,9,9,0,9
chr11:62396661-62396939,7,9,9,5,0
chr11:62674399-62674733,34,81,273,51,0
chr11:63551627-63551698,5,7,2,3,12
chr11:63567048-63567643,199,263,275,199,323
chr11:63778601-63779600,0,21,0,33,9
chr11:63831201-63831800,0,0,48,7,9
chr11:63832201-63833200,16,36,0,0,84
chr11:63837904-63838002,113,53,35,44,56
chr11:63960602-63962999,172,315,189,182,149
chr11:64169801-64170000,9,14,32,35,44
chr11:64176801-64177000,46,62,58,25,38
chr11:64177801-64178800,134,172,123,142,49
chr11:65385279-65385395,24,0,35,10,0
chr11:65453269-65453530,0,13,0,10,9
chr11:65467403-65467701,60,50,28,10,0
chr11:65471446-65471639,11,0,2,10,2
chr11:65472081-65472399,15,15,0,10,2
chr11:65477165-65477832,49,78,8,20,18
chr11:65492459-65493380,33,19,38,18,22
chr11:65523386-65523621,0,20,105,106,30
chr11:65566019-65566345,551,627,262,249,146
chr11:65652326-65652873,175,769,110,279,214
chr11:65743405-65744903,183,459,102,156,780
chr11:65798601-65799200,28,48,47,46,12
chr11:65801401-65801800,16,1,0,1,12
chr11:65802401-65804000,31,1,36,30,43
chr11:65814229-65814497,6,27,74,27,18
chr11:65814585-65815041,18,109,98,17,55
chr11:65815717-65815797,2,16,13,12,16
chr11:65889321-65889791,30,50,9,0,4
chr11:65937601-65938200,45,0,19,0,32
chr11:65981801-65982400,0,0,8,20,18
chr11:65985401-65987400,116,338,221,165,194
chr11:65988721-65990400,77,42,57,77,25
chr11:66253401-66253601,4,0,24,0,9
chr11:66606802-66610999,464,347,896,598,534
chr11:66611601-66613600,356,323,335,532,392
chr11:66743291-66743727,0,71,63,89,45
chr11:67098802-67101000,46,37,19,41,30
chr11:67102602-67104400,0,37,18,26,6
chr11:67110801-67111801,0,18,17,46,37
chr11:67264994-67265077,0,14,25,35,15
chr11:67591201-67593999,0,27,0,102,6
chr11:67920401-67921600,0,32,51,40,28
chr11:68945750-68947200,325,35,175,340,237
chr11:68962202-68964200,0,34,15,0,9
chr11:69034601-69036400,0,59,41,9,2
chr11:69037201-69042399,38,132,19,84,12
chr11:69520202-69523200,13,18,0,4,33
chr11:69531254-69531390,0,1,9,8,32
chr11:69638752-69639704,0,38,19,0,3
chr11:70195878-70196999,16,12,0,13,9
chr11:70208201-70208600,117,134,81,65,174
chr11:70209801-70210862,294,195,229,124,232
chr11:71543001-71545200,9,37,0,17,43
chr11:71546092-71546444,22,29,44,0,112
chr11:71551201-71552600,0,0,19,41,19
chr11:72534206-72536775,0,15,6,3,38
chr11:72553401-72553600,22,8,1,118,0
chr11:72553739-72554200,4,65,1,148,18
chr11:72574802-72575200,942,734,2009,2019,1161
chr11:72575401-72575600,151,253,969,730,429
chr11:72676001-72677599,11,46,52,60,0
chr11:72677801-72678000,8,23,0,20,0
chr11:72680001-72680200,2,16,50,21,25
chr11:72680602-72682400,360,532,386,364,516
chr11:73143218-73143613,51,108,31,66,151
chr11:73198619-73198907,7,23,0,14,41
chr11:73204779-73205183,9,2,0,12,0
chr11:73205778-73205987,3,9,1,0,0
chr11:73244801-73245600,51,213,112,68,207
chr11:73245801-73246200,203,300,233,111,219
chr11:73257402-73257592,76,44,17,0,30
chr11:73260201-73260400,14,12,0,0,9
chr11:73398802-73399799,149,185,779,610,269
chr11:73866001-73867399,4,47,19,96,19
chr11:73868601-73870000,111,143,343,108,87
chr11:74671279-74674799,42,17,13,62,0
chr11:74979601-74981400,107,199,494,652,92
chr11:75020201-75020600,319,529,227,203,205
chr11:75022202-75024000,0,0,18,85,17
chr11:75029801-75032622,46,109,93,126,35
chr11:75035602-75036800,64,36,45,131,19
chr11:75049201-75050600,50,18,55,13,19
chr11:75432201-75432400,15,18,80,81,12
chr11:75432601-75433400,171,275,116,292,286
chr11:75433801-75434000,11,20,19,45,63
chr11:75528401-75528800,67,105,50,0,37
chr11:75574201-75574800,0,22,16,48,29
chr11:75575201-75578199,22,40,19,57,18
chr11:76218601-76219200,11,0,0,20,38
chr11:76335002-76340600,58,0,7,22,20
chr11:76559602-76562199,373,218,260,197,265
chr11:76592601-76593400,45,37,19,20,0
chr11:76597802-76599800,32,53,17,19,0
chr11:76819601-76820999,46,0,39,15,19
chr11:77504801-77507399,46,82,19,42,22
chr11:78080659-78081282,0,17,0,35,18
chr11:82818400-82818800,19,32,97,31,51
chr11:85821402-85829199,0,37,19,0,19
chr11:85830601-85831800,0,0,57,9,5
chr11:85843802-85845600,56,37,18,0,26
chr11:85937602-85938800,23,0,38,21,17
chr11:85953400-85954400,242,927,273,538,879
chr11:86071601-86072399,22,84,30,9,0
chr11:86107401-86109199,21,37,0,19,0
chr11:86280001-86280400,11,0,65,27,28
chr11:86286802-86288000,1571,1245,690,697,958
chr11:86288602-86290000,25,0,17,26,61
chr11:86291601-86292350,39,34,8,1,75
chr11:86675802-86679599,0,50,38,20,0
chr11:86686802-86689800,0,36,19,20,0
chr11:86691802-86697399,25,34,56,136,55
chr11:86715601-86715801,24,36,41,7,35
chr11:86717602-86722399,150,87,97,84,53
chr11:87346274-87346661,11,18,0,0,51
chr11:87366402-87370399,741,0,86,260,134
chr11:87370801-87371400,126,0,35,17,0
chr11:87422265-87423062,22,0,0,23,14
chr11:88177802-88180465,0,129,33,21,16
chr11:88208602-88209400,22,37,24,0,41
chr11:88281401-88282400,0,0,19,38,47
chr11:88282601-88284401,72,155,93,66,184
chr11:88284600-88285800,133,77,102,236,160
chr11:88341601-88343599,0,36,272,21,27
chr11:88344001-88346400,68,75,109,26,170
chr11:88348822-88349600,11,71,2,0,30
chr11:88352002-88358799,122,231,112,36,33
chr11:88362601-88364600,23,60,33,73,0
chr11:88367601-88368200,16,0,19,0,9
chr11:88375201-88376800,33,74,105,67,65
chr11:88378401-88379000,33,144,57,0,50
chr11:88383402-88385199,18,74,0,19,0
chr11:88397602-88399599,11,75,233,227,87
chr11:88401402-88406400,0,176,540,149,87
chr11:88410011-88411999,80,302,637,221,238
chr11:88420055-88420390,42,27,46,48,0
chr11:93234202-93235131,44,36,18,16,72
chr11:93651903-93656800,43,59,74,19,18
chr11:93944001-93944600,0,18,0,20,4
chr11:93945002-93945999,109,36,29,97,28
chr11:94117601-94118201,22,15,0,22,0
chr11:94412201-94412400,46,0,45,23,47
chr11:95074201-95077399,0,38,138,130,75
chr11:95080602-95086200,41,74,92,76,62
chr11:95140201-95140400,8,144,90,23,22
chr11:95141001-95141200,28,132,51,71,50
chr11:95149624-95149971,22,33,29,0,2
chr11:95245128-95245421,14,18,0,0,13
chr11:95247402-95250400,44,164,95,32,71
chr11:95305401-95309200,0,111,67,25,166
chr11:95505801-95506600,68,37,83,154,17
chr11:95506801-95507200,73,0,42,45,16
chr11:95508201-95508400,15,10,0,77,0
chr11:95512029-95514599,165,18,71,331,0
chr11:95516601-95518000,50,0,106,102,0
chr11:95531001-95531603,8,18,0,20,0
chr11:98494801-98496400,38,0,0,19,19
chr11:101440802-101447399,49,40,33,44,16
chr11:102242200-102243200,22,0,0,20,18
chr11:102341201-102342367,69,0,219,71,169
chr11:102345783-102346248,0,13,34,45,33
chr11:102382002-102387000,127,225,114,149,299
chr11:102390202-102391400,23,18,0,21,47
chr11:102392201-102392800,56,24,0,10,18
chr11:102848801-102852000,0,19,8,0,19
chr11:102881602-102883599,116,228,17,0,39
chr11:102974002-102976199,46,168,39,41,19
chr11:103591201-103592400,0,1,0,35,8
chr11:103622401-103628999,29,0,41,0,98
chr11:103673401-103674800,0,73,62,89,260
chr11:103896601-103899799,47,0,52,21,0
chr11:104705586-104706295,0,0,11,31,9
chr11:104771402-104773599,36,24,25,8,0
chr11:104840401-104845800,16,39,41,44,94
chr11:107302000-107302400,0,44,55,40,76
chr11:107318395-107318698,173,85,54,153,75
chr11:107967201-107968000,2163,2462,1236,672,2137
chr11:108153889-108154285,133,139,125,53,150
chr11:108501200-108501400,0,13,17,0,21
chr11:108501601-108501800,27,9,12,0,0
chr11:110337201-110338800,0,56,20,39,81
chr11:110339001-110341000,203,231,109,176,82
chr11:110471001-110475000,65,38,101,239,84
chr11:110476002-110482000,26,21,228,203,224
chr11:110989401-110992399,40,0,19,0,18
chr11:111309801-111310600,0,10,113,315,0
chr11:111344200-111344600,44,33,501,284,30
chr11:111348601-111350000,284,328,989,880,232
chr11:111351304-111351600,4,9,123,235,8
chr11:111565001-111565201,0,52,0,18,38
chr11:111584202-111587600,0,16,17,18,0
chr11:112364201-112365800,438,757,537,341,513
chr11:113401600-113402400,0,18,38,32,18
chr11:113647001-113648600,35,0,22,0,33
chr11:113673002-113676399,45,91,77,55,50
chr11:113681200-113683400,0,0,58,38,52
chr11:113685402-113686599,23,0,76,0,61
chr11:113725402-113732200,0,33,17,101,0
chr11:114455201-114456000,118,43,15,0,9
chr11:114565801-114567200,0,17,62,41,38
chr11:115980002-115981400,18,18,0,0,34
chr11:117937401-117938000,14,10,0,0,15
chr11:117941001-117942400,73,37,19,127,31
chr11:117960535-117960772,0,0,3,32,15
chr11:117967001-117967200,29,6,13,63,24
chr11:117974685-117974817,25,0,9,13,15
chr11:117977435-117977649,63,92,70,87,198
chr11:117979170-117979578,60,28,45,165,33
chr11:117979664-117980377,114,163,239,168,102
chr11:117981414-117981601,14,17,19,30,24
chr11:118796201-118797400,41,46,24,40,8
chr11:118828201-118830000,8,24,16,19,0
chr11:118843801-118844000,11,11,20,20,33
chr11:118845002-118847799,25,23,39,53,10
chr11:118851968-118852800,68,18,66,22,33
chr11:118870058-118871018,44,29,83,0,0
chr11:118872428-118872707,17,0,2,19,0
chr11:118987601-118989000,46,126,87,20,82
chr11:118992401-118992800,208,605,146,132,246
chr11:119062602-119064599,170,265,391,548,344
chr11:119143201-119145600,21,2,0,6,0
chr11:119578401-119581400,44,69,0,0,18
chr11:119816202-119818200,20,51,20,40,0
chr11:120055401-120059999,13,16,0,0,5
chr11:120233801-120234000,32,134,60,45,77
chr11:120494601-120496600,0,36,33,0,37
chr11:121327402-121329799,0,0,18,29,17
chr11:121371602-121380399,0,21,55,0,32
chr11:121404801-121408399,43,0,9,0,31
chr11:121411401-121412600,0,55,77,0,7
chr11:121417299-121417572,22,16,13,0,0
chr11:121418625-121419055,116,153,26,103,177
chr11:121421610-121421967,0,52,25,52,0
chr11:121422750-121423081,29,30,16,18,3
chr11:121636002-121637836,0,0,18,24,75
chr11:121649802-121651599,0,37,27,41,289
chr11:121652001-121652200,0,21,0,13,48
chr11:121655331-121655491,0,27,9,0,22
chr11:121655635-121655986,11,68,10,10,76
chr11:121656020-121656436,20,71,9,29,47
chr11:121661788-121662799,215,707,126,26,2009
chr11:125435201-125436400,68,0,12,65,0
chr11:126131601-126141999,15,75,0,0,38
chr11:126185201-126185400,15,0,9,19,0
chr11:126186001-126187201,57,76,57,68,56
chr11:126188157-126189985,16,55,0,17,0
chr11:128261002-128263400,7,29,76,19,0
chr11:128302425-128303098,22,41,63,69,75
chr11:128304817-128305386,52,68,44,94,0
chr11:128448002-128449999,44,36,53,21,0
chr11:128453447-128453800,0,19,1,14,28
chr11:129280027-129280669,49,92,0,34,10
chr11:129861750-129862238,444,510,434,141,214
chr11:130521201-130524400,0,62,40,39,0
chr11:130527001-130529599,0,98,59,31,0
chr11:130532801-130534200,0,35,39,17,0
chr11:130549329-130552600,0,0,24,62,16
chr11:130554001-130556000,0,41,71,97,102
chr11:130606034-130618000,53,14,15,48,44
chr11:130872001-130874740,1537,1764,5122,3695,2637
chr11:133635202-133637799,35,126,0,17,233
chr11:134988201-134989000,0,111,0,20,18
chr10:133347-133726,0,16,39,8,28
chr10:793000-793200,17,0,11,10,0
chr10:968401-968600,0,6,0,6,18
chr10:3714001-3717200,43,7,20,4,31
chr10:3745401-3746001,0,0,19,30,9
chr10:4107201-4110199,22,51,30,61,93
chr10:4120581-4120811,23,0,9,0,13
chr10:4587201-4587400,10,0,0,9,2
chr10:4632801-4634600,18,0,0,19,38
chr10:4637401-4638599,226,170,118,102,464
chr10:4639801-4640600,75,28,45,49,199
chr10:4642401-4645400,166,109,129,57,168
chr10:4646002-4648199,19,0,55,0,54
chr10:4851801-4852800,79,21,48,115,9
chr10:4865801-4868799,17,18,19,0,0
chr10:4939002-4949000,74,48,305,122,137
chr10:4949324-4949719,11,0,27,9,2
chr10:4956401-4958199,21,118,61,83,0
chr10:5032802-5034000,34,0,16,0,19
chr10:5116601-5117000,20,7,15,0,0
chr10:5272476-5272588,11,6,0,0,13
chr10:5291681-5292249,21,0,0,17,7
chr10:5530401-5540399,0,0,63,54,37
chr10:5572402-5577200,351,0,445,730,17
chr10:5844401-5847800,5,8,30,0,16
chr10:5996401-5997200,0,18,0,10,75
chr10:6119201-6119801,22,17,115,67,0
chr10:6120001-6120401,43,29,22,10,19
chr10:6120601-6121599,95,79,54,105,99
chr10:6123619-6123782,0,9,6,11,0
chr10:6128880-6129234,48,54,142,90,22
chr10:6141274-6141559,0,0,9,3,10
chr10:6141590-6141822,0,0,8,28,4
chr10:6256600-6256723,7,53,9,6,25
chr10:6260401-6260600,24,35,38,43,12
chr10:6265601-6266200,12,128,80,91,55
chr10:6267244-6267653,22,0,0,41,50
chr10:6365001-6366999,0,19,20,38,0
chr10:6381001-6387599,19,120,461,483,222
chr10:6387801-6388200,34,55,21,20,0
chr10:6396654-6397047,28,47,32,33,113
chr10:6398489-6398690,39,28,29,50,25
chr10:6400087-6400115,6,7,20,22,9
chr10:6401446-6401750,33,72,55,173,142
chr10:6406201-6406600,189,163,197,393,178
chr10:6418001-6418600,43,9,16,27,18
chr10:6665601-6666999,16,0,24,19,0
chr10:7547240-7548400,8,9,19,52,4
chr10:8084677-8085800,84,0,0,62,18
chr10:8136202-8138999,372,361,245,125,293
chr10:8992601-8992800,39,8,0,5,0
chr10:8995201-8996000,19,13,11,0,37
chr10:11339916-11342799,25,80,36,19,0
chr10:11343801-11344200,7,0,9,0,11
chr10:11636201-11637200,0,9,183,57,12
chr10:11639401-11643999,6,39,76,0,17
chr10:11647201-11650600,45,0,51,18,16
chr10:11667201-11670199,0,25,198,48,11
chr10:11672201-11675200,255,558,1037,162,198
chr10:11695401-11700600,62,63,125,120,32
chr10:11707401-11714399,62,17,80,76,17
chr10:11796991-11800194,0,0,20,56,112
chr10:12043939-12044228,11,15,0,14,0
chr10:12123800-12124400,178,160,143,171,214
chr10:12252401-12252800,2,0,16,28,0
chr10:12253401-12253600,14,3,20,0,0
chr10:12267802-12272600,14,35,12,6,35
chr10:12317801-12319800,0,0,38,21,19
chr10:12321550-12323799,3,19,0,36,19
chr10:12337202-12338339,59,22,8,0,61
chr10:12339801-12340400,0,0,29,20,70
chr10:12342001-12344200,23,93,19,80,0
chr10:12839402-12840999,16,13,8,10,0
chr10:12843801-12844000,7,36,28,6,6
chr10:12844201-12846399,23,13,19,41,19
chr10:12847600-12848001,45,5,18,14,0
chr10:13146400-13147400,2,98,10,204,31
chr10:13276801-13277000,1,10,2,0,12
chr10:14501801-14503000,0,36,1,32,37
chr10:14505602-14509400,0,129,130,144,147
chr10:14872602-14873999,85,18,188,30,50
chr10:15013306-15014599,685,378,487,392,803
chr10:15023602-15025199,64,167,34,75,79
chr10:15182601-15183200,63,1,19,58,32
chr10:15184802-15190400,201,34,78,30,90
chr10:15373802-15375599,0,0,25,58,17
chr10:15775600-15776000,57,37,161,10,27
chr10:17132201-17133000,0,16,207,0,59
chr10:17134402-17135199,0,0,77,48,45
chr10:17203600-17203801,20,0,0,13,9
chr10:17204201-17204600,192,208,48,165,271
chr10:17206180-17206701,35,55,47,41,180
chr10:17208634-17208875,0,0,44,19,31
chr10:17212797-17213339,210,144,291,277,343
chr10:17525401-17528999,43,0,9,0,8
chr10:17734802-17735999,17,0,0,21,31
chr10:17737002-17738000,22,0,33,103,31
chr10:17918400-17918800,77,207,248,192,242
chr10:21746001-21747200,82,151,62,0,19
chr10:21749002-21752999,161,136,284,244,144
chr10:22245402-22248599,1502,2631,2187,2167,1489
chr10:22249201-22250000,108,246,299,473,184
chr10:22251263-22251414,60,140,166,103,184
chr10:22534001-22534200,0,20,9,20,0
chr10:23365394-23370799,64,39,34,80,0
chr10:23379002-23380600,16,37,0,17,0
chr10:23430801-23434800,41,24,30,21,89
chr10:24811601-24812600,41,12,69,65,18
chr10:26571801-26572000,0,0,33,21,29
chr10:26573001-26575999,273,168,331,468,498
chr10:26945801-26946970,22,55,49,0,30
chr10:26951001-26951400,30,44,69,68,55
chr10:26951801-26952599,113,56,19,67,73
chr10:27607602-27609200,45,79,28,17,55
chr10:27614602-27615600,34,60,50,24,189
chr10:27616801-27617000,5,3,7,10,79
chr10:27620401-27622000,64,109,0,45,69
chr10:27622201-27623800,0,5,8,0,7
chr10:28398401-28406000,45,37,38,20,0
chr10:28500001-28501000,106,0,34,118,240
chr10:28504002-28507599,59,39,54,136,368
chr10:28518401-28518600,37,17,2,93,47
chr10:28520800-28521800,1098,1111,749,879,824
chr10:28655249-28655701,20,0,0,19,79
chr10:28684602-28688799,62,368,74,165,99
chr10:29782002-29786199,0,76,37,45,20
chr10:30386801-30388200,0,17,0,20,19
chr10:30394802-30400199,72,65,13,44,20
chr10:30411201-30425000,61,100,52,56,51
chr10:30431474-30431713,4,34,42,27,15
chr10:30462402-30464800,17,2,57,48,146
chr10:30505637-30505786,0,3,16,10,0
chr10:30568001-30568800,11,0,92,46,17
chr10:30790802-30792999,23,18,22,0,57
chr10:30803080-30805999,43,64,48,115,131
chr10:30806202-30807599,23,28,129,98,34
chr10:30810602-30814999,0,53,55,137,109
chr10:31594401-31595200,11,18,6,15,0
chr10:31599001-31601800,41,177,0,19,94
chr10:31722402-31725000,0,18,0,42,58
chr10:31728001-31728600,11,22,9,0,18
chr10:31728801-31729600,2,25,0,0,41
chr10:31758975-31759446,67,323,124,218,196
chr10:31759498-31759849,31,79,20,51,42
chr10:31759944-31760497,9,32,9,58,13
chr10:31929401-31929617,11,15,0,26,28
chr10:31999002-32005542,332,461,166,399,310
chr10:32006201-32006400,13,15,2,0,11
chr10:32891601-32892401,166,154,465,137,393
chr10:32893201-32894000,197,261,289,155,495
chr10:33085802-33089199,162,57,38,0,16
chr10:33134061-33134848,17,28,0,18,0
chr10:33339601-33339800,20,5,13,0,0
chr10:33355001-33356600,45,56,0,32,0
chr10:33381002-33384199,0,15,0,39,39
chr10:34991740-34992723,22,15,0,20,0
chr10:34993802-34998999,140,132,132,56,168
chr10:35004512-35007999,41,46,17,66,17
chr10:35573802-35576199,21,73,18,48,38
chr10:35657601-35658200,17,0,19,20,18
chr10:35659601-35659800,11,23,7,0,9
chr10:35663801-35665400,105,60,91,71,135
chr10:37860401-37861399,134,161,226,118,165
chr10:37865601-37866800,0,13,38,30,0
chr10:42757201-42757600,13,21,0,10,48
chr10:42758401-42758800,0,42,15,29,28
chr10:42777201-42777400,22,8,18,13,17
chr10:42779001-42779999,11,133,19,194,57
chr10:42875401-42876400,22,0,19,20,0
chr10:43409811-43410260,0,23,26,19,25
chr10:43413201-43414000,107,82,66,18,18
chr10:43425801-43428599,0,27,17,0,17
chr10:43697601-43700799,33,19,0,21,0
chr10:43702801-43703400,22,9,0,0,9
chr10:44324601-44326999,17,52,54,156,17
chr10:44334202-44335800,45,9,14,102,0
chr10:44341001-44341800,22,0,17,41,18
chr10:44343001-44343200,133,133,51,67,73
chr10:44343801-44344400,56,285,143,66,210
chr10:44351802-44353199,384,352,115,239,275
chr10:44390601-44391200,34,81,9,24,98
chr10:44395401-44401600,120,90,15,176,464
chr10:44402401-44403209,56,49,28,41,131
chr10:44458402-44460799,0,0,18,123,38
chr10:44463402-44465999,7,94,0,261,285
chr10:44575202-44577600,21,37,36,0,0
chr10:45352001-45355999,29,0,66,0,39
chr10:45702401-45705399,646,854,511,342,558
chr10:46074201-46075000,53,94,0,36,37
chr10:46075602-46083600,395,535,91,173,229
chr10:46084401-46084999,65,18,50,40,25
chr10:46092195-46092880,57,32,38,35,62
chr10:46102801-46103000,49,0,79,59,18
chr10:46106429-46106917,75,1,12,17,47
chr10:46138202-46139599,179,236,190,243,139
chr10:46140201-46140400,0,22,51,77,13
chr10:46156402-46158400,0,63,142,225,22
chr10:46175201-46176200,83,171,0,0,57
chr10:46182801-46183000,0,13,9,16,0
chr10:46185801-46186200,134,128,29,43,62
chr10:46204401-46204800,86,0,22,53,0
chr10:46209402-46210800,142,206,233,174,48
chr10:46211001-46211400,113,216,133,85,28
chr10:46217723-46218168,0,99,76,55,1
chr10:46218801-46219800,498,461,319,278,102
chr10:46231201-46231800,61,9,35,128,0
chr10:46333001-46334400,475,748,599,549,690
chr10:46335401-46335800,113,133,132,106,61
chr10:46844601-46846400,164,216,141,112,76
chr10:47204602-47209399,7,35,18,0,0
chr10:47226001-47227000,368,87,19,20,12
chr10:47230201-47232000,175,17,38,19,17
chr10:47233001-47233400,43,18,0,26,0
chr10:47556801-47561000,31,97,69,11,15
chr10:48034401-48035799,345,843,555,839,445
chr10:48036401-48037600,574,918,863,740,558
chr10:48041593-48042199,63,147,226,230,82
chr10:48044801-48045200,12,60,43,32,62
chr10:48047201-48047800,58,32,189,118,90
chr10:48672958-48673032,0,0,9,1,15
chr10:48673401-48674800,18,57,192,39,55
chr10:50647401-50648000,17,14,95,58,2
chr10:50648801-50649400,39,48,47,69,14
chr10:50650401-50651000,11,66,124,165,61
chr10:50651402-50654911,0,8,98,47,4
chr10:50669402-50673399,41,53,55,206,39
chr10:50989000-50989201,0,48,30,10,27
chr10:58189002-58189799,0,18,19,20,15
chr10:58373401-58373601,0,30,9,4,14
chr10:59375801-59377200,0,18,35,62,19
chr10:59386802-59389199,25,49,67,35,8
chr10:60747801-60749199,0,0,7,20,12
chr10:60801201-60802200,67,36,11,14,0
chr10:60803001-60804000,0,25,19,36,18
chr10:60807202-60811800,82,0,17,0,91
chr10:61404601-61405400,165,66,81,55,18
chr10:61483801-61484000,31,3,90,41,15
chr10:61486201-61488011,0,37,39,19,0
chr10:61779402-61780885,77,14,105,0,103
chr10:62105001-62111800,61,0,34,36,0
chr10:62129801-62132800,0,18,0,20,37
chr10:62156201-62160000,0,0,14,98,75
chr10:62810304-62810598,22,0,18,20,0
chr10:63163801-63164800,0,18,19,57,57
chr10:67852601-67854200,21,0,10,6,0
chr10:68270801-68272000,30,36,71,39,23
chr10:68805237-68806123,25,23,10,0,0
chr10:69045566-69046128,11,20,5,0,0
chr10:69048135-69048356,5,9,0,0,27
chr10:69062330-69062684,27,92,6,32,19
chr10:69065629-69066373,0,27,9,41,6
chr10:69070838-69071007,63,18,27,41,40
chr10:69080297-69080612,18,18,0,13,0
chr10:69992129-69992476,21,12,0,0,78
chr10:70188001-70195800,105,75,69,105,48
chr10:70196001-70196600,31,14,74,31,0
chr10:70573601-70574000,20,6,14,20,9
chr10:70578499-70578732,110,26,59,22,9
chr10:70582602-70586799,37,0,69,22,57
chr10:70587802-70591799,149,248,132,304,234
chr10:70607201-70610800,0,17,9,0,31
chr10:70615402-70619399,23,19,76,16,0
chr10:70623201-70623601,5,32,0,2,57
chr10:70625402-70626999,74,17,18,41,57
chr10:70644801-70645600,0,45,0,1,18
chr10:70667234-70667607,6,14,21,51,0
chr10:70892802-70893800,22,0,31,20,0
chr10:72055001-72055400,0,14,12,35,23
chr10:72056001-72056600,0,0,57,58,9
chr10:72056939-72057800,7,18,67,62,33
chr10:72092401-72093400,863,1407,736,733,1188
chr10:72238001-72240200,717,843,1093,983,543
chr10:72272540-72273186,63,36,53,98,12
chr10:72279401-72287799,25,40,0,91,0
chr10:72297075-72298441,38,18,57,20,0
chr10:72327238-72327557,0,13,28,10,0
chr10:73362601-73363200,23,118,180,193,90
chr10:73418602-73420017,610,913,579,475,473
chr10:73628401-73628600,65,80,46,91,27
chr10:73897401-73903999,19,8,0,0,16
chr10:74730002-74731199,23,0,48,21,19
chr10:74752601-74756599,0,14,20,21,19
chr10:75186002-75188999,44,0,57,32,0
chr10:75201601-75205399,62,50,77,72,66
chr10:75237892-75238799,14,18,38,41,31
chr10:75417201-75418400,0,0,19,21,19
chr10:76576179-76576866,94,193,62,28,112
chr10:76581201-76581601,0,0,83,9,39
chr10:76582202-76584874,23,13,730,163,246
chr10:78081201-78081800,7,3,6,5,7
chr10:78923402-78928300,21,41,37,19,0
chr10:78929402-78930200,0,17,19,0,9
chr10:79330547-79334799,25,0,0,23,21
chr10:79335002-79337399,68,35,18,0,17
chr10:79343264-79343533,17,15,27,18,0
chr10:79344863-79345163,0,65,22,84,13
chr10:79345436-79345576,14,23,9,16,0
chr10:79356275-79356336,0,4,0,1,2
chr10:79358601-79360599,23,31,15,54,104
chr10:79374138-79376259,22,0,18,25,0
chr10:79451402-79452999,0,35,0,4,9
chr10:79453602-79455200,43,31,36,58,53
chr10:79833001-79834200,154,455,225,593,427
chr10:79835402-79836200,105,223,105,72,43
chr10:79838401-79838600,9,26,45,71,0
chr10:80148001-80148200,208,439,208,295,563
chr10:84155002-84159999,0,66,203,217,162
chr10:84160401-84161800,0,88,208,258,92
chr10:84162001-84162200,12,0,10,27,9
chr10:84162602-84165599,44,73,68,158,108
chr10:84522602-84524400,0,17,18,9,17
chr10:86934401-86934999,58,0,29,20,43
chr10:87044037-87044402,4,48,54,14,0
chr10:87044801-87045200,0,29,61,32,9
chr10:87465601-87465800,61,20,0,13,18
chr10:87481002-87482600,33,15,48,95,3
chr10:87487001-87487800,2,88,48,68,18
chr10:87488601-87489400,34,67,10,8,19
chr10:87973401-87976999,37,149,137,327,274
chr10:87978601-87979800,0,0,56,83,73
chr10:87981280-87981560,0,5,0,19,2
chr10:88057601-88073000,2765,4274,4602,1903,15460
chr10:88073201-88075400,52,369,422,316,1024
chr10:88075602-88077399,107,212,274,68,278
chr10:88079402-88084600,925,2272,1679,564,4726
chr10:88086201-88096199,104,340,508,122,774
chr10:88096402-88099800,198,157,181,110,509
chr10:88103680-88103870,34,144,54,36,477
chr10:88170001-88171800,0,17,38,17,13
chr10:88174791-88175149,33,0,14,8,0
chr10:88227002-88228999,50,136,55,78,0
chr10:88232001-88234999,0,36,57,20,18
chr10:88235801-88237000,0,33,19,21,40
chr10:88238201-88239599,46,15,32,30,0
chr10:88266002-88268400,0,52,39,42,41
chr10:89029001-89038600,1063,2056,781,391,1786
chr10:89051401-89052800,23,46,53,47,1
chr10:89078609-89081000,0,14,57,22,29
chr10:89082201-89082600,11,0,9,0,9
chr10:89423401-89424000,45,55,19,61,0
chr10:90226401-90228400,56,24,0,27,9
chr10:90288001-90289799,45,8,0,12,0
chr10:90718400-90718600,11,3,0,20,0
chr10:90723002-90726199,105,46,81,0,0
chr10:90983802-90987200,45,0,95,18,0
chr10:90993320-90993644,22,0,26,16,0
chr10:91551602-91553399,10,4,0,0,17
chr10:91554402-91557600,47,81,12,8,67
chr10:91900602-91903800,23,19,28,21,0
chr10:92032402-92033999,406,468,329,329,387
chr10:92356001-92356400,15,18,3,20,13
chr10:92581201-92582400,12,18,0,0,8
chr10:92656601-92656800,22,31,9,9,23
chr10:92678001-92678800,90,36,108,0,58
chr10:92679401-92679600,0,35,32,32,88
chr10:92680401-92682000,59,210,445,260,409
chr10:93968479-93969000,21,41,58,0,61
chr10:95121801-95122600,0,52,85,45,0
chr10:95133200-95133400,0,11,18,0,19
chr10:95660315-95661400,68,55,131,87,75
chr10:96516201-96516800,22,0,19,0,48
chr10:96590401-96590600,2,0,17,17,0
chr10:96591601-96592599,885,749,713,656,764
chr10:96740201-96740505,0,42,22,16,0
chr10:96748042-96748353,127,141,45,101,22
chr10:96752001-96752600,283,428,366,55,51
chr10:96753601-96754400,1375,1228,889,305,296
chr10:96754801-96755800,788,652,389,105,168
chr10:96756801-96759799,291,368,205,191,112
chr10:96761202-96766599,24,111,178,36,20
chr10:96772001-96772800,34,0,57,36,0
chr10:96801738-96801888,8,7,41,0,0
chr10:96813801-96815000,23,18,77,21,8
chr10:96824801-96827200,140,122,76,48,0
chr10:96830733-96831080,63,188,67,136,47
chr10:97311201-97312000,17,54,51,55,66
chr10:97325801-97326200,36,192,191,216,488
chr10:97723002-97725400,100,61,45,371,560
chr10:97762001-97762200,8,17,0,0,5
chr10:97762402-97763999,205,173,105,28,209
chr10:97764202-97765666,92,37,59,97,51
chr10:97791402-97792600,0,18,0,21,7
chr10:97819802-97822799,62,80,38,0,22
chr10:98276401-98276600,22,6,13,29,17
chr10:98292602-98297199,27,0,17,12,0
chr10:98380401-98381201,19,81,37,20,45
chr10:99550402-99552399,0,72,17,0,27
chr10:99569201-99570600,0,35,8,20,0
chr10:99598802-99601400,23,142,0,42,29
chr10:99763201-99764000,22,0,52,39,11
chr10:99768801-99769200,0,31,13,24,0
chr10:99769402-99770400,0,6,74,71,18
chr10:99853401-99854200,52,0,21,13,25
chr10:99872401-99873001,0,0,9,11,5
chr10:100485298-100485928,337,662,304,409,208
chr10:100579201-100580000,62,9,38,20,18
chr10:101051602-101054600,22,116,19,20,37
chr10:101057401-101057600,32,37,23,0,0
chr10:101140001-101140799,261,1400,404,523,959
chr10:101141272-101141813,21,211,103,195,65
chr10:101142001-101143799,323,1055,677,750,390
chr10:101146201-101146400,14,28,49,69,42
chr10:101161401-101162800,649,1118,347,306,540
chr10:102100001-102100400,0,14,0,14,2
chr10:102102401-102102800,67,44,55,80,7
chr10:102127601-102128599,103,18,87,67,28
chr10:102384044-102386400,0,0,20,19,14
chr10:102390801-102392599,8,83,6,2,26
chr10:102444201-102445600,20,18,8,20,0
chr10:102664401-102664600,33,42,40,28,54
chr10:102665801-102666800,5,18,96,47,79
chr10:103858401-103860799,93,90,155,84,104
chr10:103861001-103861801,22,0,73,41,18
chr10:103870002-103872999,960,890,770,1026,729
chr10:103875001-103875200,120,190,77,39,122
chr10:103958000-103958400,34,3,0,12,9
chr10:103965885-103966084,20,77,35,40,32
chr10:104127001-104127801,0,8,38,20,9
chr10:108600337-108600711,38,29,20,31,57
chr10:109929550-109931800,40,43,0,36,0
chr10:110147402-110154400,136,17,151,0,34
chr10:110289743-110290133,91,13,28,33,18
chr10:110363202-110365399,16,0,19,20,19
chr10:110375601-110378000,21,8,0,42,0
chr10:110512834-110513172,0,16,10,10,0
chr10:110514201-110514500,0,3,44,0,12
chr10:110522201-110523000,52,149,154,204,206
chr10:110535987-110536463,14,0,29,11,0
chr10:110539002-110540399,23,18,119,93,0
chr10:110543201-110547600,263,385,537,531,406
chr10:111014201-111018000,790,689,473,541,806
chr10:111475601-111476200,25,119,0,0,1
chr10:112841639-112842000,63,37,0,20,0
chr10:112842202-112845400,57,233,138,139,155
chr10:112850201-112855600,1753,1281,988,1004,1901
chr10:112857202-112859600,46,81,70,78,17
chr10:112911601-112914971,45,32,34,41,37
chr10:112918602-112920399,21,54,0,51,17
chr10:112927601-112928600,22,48,0,31,18
chr10:112938402-112939399,44,46,0,0,67
chr10:112948098-112948159,4,7,8,13,11
chr10:112949259-112949646,111,25,100,90,35
chr10:113237801-113238000,1,0,4,0,32
chr10:113303401-113305199,18,32,0,31,17
chr10:113473602-113476999,15,8,12,13,0
chr10:113498401-113500400,5,4,10,5,0
chr10:113952401-113952600,0,5,14,10,0
chr10:114041401-114041800,53,56,13,0,15
chr10:114042501-114042652,3,0,17,15,0
chr10:114057001-114062600,41,143,249,22,83
chr10:114063002-114065600,182,287,132,173,103
chr10:114412202-114413999,40,148,9,0,53
chr10:114819401-114819558,4,12,45,5,38
chr10:114924802-114926399,55,0,40,30,0
chr10:117989001-117989400,19,5,46,16,0
chr10:117991201-117991400,45,12,0,18,0
chr10:117992801-117993800,0,43,34,0,18
chr10:118002579-118003600,0,0,12,38,15
chr10:118656801-118660199,0,16,116,41,0
chr10:119460801-119462599,0,32,38,26,47
chr10:119482802-119484200,16,0,48,20,8
chr10:119569201-119569629,34,25,62,37,57
chr10:119599401-119599800,209,341,220,226,298
chr10:119708601-119710399,56,17,0,19,15
chr10:119715602-119717199,21,75,54,21,19
chr10:120917802-120918400,16,19,19,0,0
chr10:123213001-123213400,0,0,9,20,15
chr10:123240801-123243199,280,257,271,146,350
chr10:123963892-123964048,1,18,16,108,75
chr10:123965048-123965335,0,74,72,90,65
chr10:123966201-123966400,0,37,26,27,40
chr10:123966801-123968119,23,70,166,204,84
chr10:123995400-123996166,68,364,203,291,542
chr10:123997417-123998219,322,1374,814,1552,1390
chr10:124094178-124094224,7,42,15,13,29
chr10:124094482-124094691,196,121,67,137,162
chr10:124097601-124099000,259,373,340,435,517
chr10:124099201-124100200,22,15,0,31,57
chr10:124100621-124100949,0,13,0,20,57
chr10:124137001-124137400,147,654,186,429,78
chr10:124138179-124139164,281,1274,243,1158,136
chr10:124139201-124139400,134,196,81,254,78
chr10:124142999-124143352,12,24,32,8,20
chr10:124143585-124143960,13,87,14,86,44
chr10:124158463-124160600,0,91,19,69,0
chr10:124394000-124394201,3,0,1,7,0
chr10:124902602-124905000,25,52,39,19,89
chr10:124906402-124914000,0,18,28,41,28
chr10:125778801-125779000,0,33,11,10,9
chr10:126902200-126903400,17,293,59,137,79
chr10:126904429-126904823,35,57,19,11,32
chr10:128095577-128095847,0,39,9,22,8
chr10:129021201-129024399,114,0,598,30,87
chr10:129027801-129029012,0,19,86,21,0
chr10:129035424-129035669,90,0,45,138,108
chr10:130127402-130129799,17,140,76,42,47
chr10:130185201-130185600,0,18,67,44,0
chr10:131962660-131962798,51,21,145,3,42
chr10:131992401-131993600,23,36,0,60,19
chr10:132006801-132007800,47,34,61,51,23
chr10:132008802-132012200,81,297,492,410,216
chr10:132395241-132395509,2,9,44,13,20
chr10:132429001-132430999,23,82,45,65,44
chr10:132458002-132460799,0,0,39,45,27
chr10:132492201-132499400,53,0,54,19,35
chr10:132527202-132528827,90,108,119,19,18
chr10:132532741-132533142,26,27,16,16,55
chr10:132991601-132991800,11,45,0,0,12
chr10:133012617-133013224,117,159,0,0,116
chr10:133013472-133013801,152,55,35,0,132
chr10:133022401-133023400,44,35,0,0,49
chr10:133028601-133029600,130,56,0,0,132
chr10:133235363-133235804,0,0,28,30,30
chr10:133259231-133259624,23,9,19,0,9
chr10:133437657-133439144,37,74,111,78,0
chr10:133441401-133443399,65,56,233,146,94
chr17:796601-797600,59,80,58,33,48
chr17:1342002-1342799,11,18,19,61,0
chr17:1412582-1414600,75,71,397,57,236
chr17:1493450-1493784,0,52,0,42,12
chr17:1629774-1630521,237,205,285,193,177
chr17:1693801-1694600,0,37,17,0,6
chr17:2404145-2404415,19,0,12,4,1
chr17:2404504-2404664,31,32,43,33,45
chr17:2523401-2523600,30,0,6,0,16
chr17:2716401-2718000,141,138,75,21,39
chr17:3269601-3272000,0,61,18,81,56
chr17:3697046-3697458,22,10,21,86,2
chr17:3708600-3708800,0,0,30,25,10
chr17:3709602-3713599,89,43,482,347,29
chr17:3920601-3922600,239,277,246,214,107
chr17:3922801-3923200,19,10,17,39,27
chr17:3983201-3987799,20,22,0,0,5
chr17:3991001-3991400,0,13,13,0,9
chr17:4396163-4396513,4,0,11,19,0
chr17:4422601-4431399,39,10,22,0,10
chr17:4494401-4494600,51,47,2,15,31
chr17:4706177-4706799,6,0,9,43,9
chr17:5031689-5031923,17,64,29,39,47
chr17:5096918-5097237,21,37,0,26,0
chr17:5258001-5258800,11,23,52,36,9
chr17:5259783-5261048,128,163,202,135,36
chr17:5272201-5272800,115,81,48,25,50
chr17:6138202-6140199,23,0,0,86,34
chr17:6439602-6441999,678,1138,179,745,577
chr17:6569201-6570600,64,0,12,79,19
chr17:6571401-6571800,14,0,0,10,28
chr17:7046744-7047128,89,50,40,20,9
chr17:7063002-7065000,353,19,33,0,94
chr17:7088001-7089029,38,0,9,1,19
chr17:7144202-7147400,847,249,374,143,687
chr17:7183686-7185000,63,92,56,30,193
chr17:7458401-7458600,0,11,21,10,6
chr17:7834929-7835418,8,0,39,3,15
chr17:7835467-7837296,0,115,288,111,38
chr17:7919801-7920800,22,54,13,2,0
chr17:7951401-7951601,0,9,18,20,0
chr17:7951668-7952000,38,8,17,9,19
chr17:7958402-7961999,26,65,73,24,17
chr17:7966401-7970916,20,5,17,0,11
chr17:8028201-8028800,21,0,74,14,45
chr17:8029000-8029601,23,0,3,6,103
chr17:8125755-8126176,11,12,32,4,2
chr17:8192156-8192682,17,35,58,95,30
chr17:8212516-8213303,40,121,12,108,58
chr17:8273763-8274600,201,220,199,61,60
chr17:8275346-8276223,103,150,150,188,150
chr17:8280801-8281600,41,74,57,24,0
chr17:8283802-8286800,112,73,137,101,172
chr17:8353601-8355200,16,93,38,4,37
chr17:8388401-8389800,106,37,16,30,27
chr17:8781401-8782599,0,18,57,17,0
chr17:8788402-8791200,221,74,78,76,38
chr17:8872001-8876199,961,1625,710,1077,1342
chr17:8876984-8877381,47,86,37,46,146
chr17:8878201-8878400,115,29,26,67,53
chr17:8984601-8986600,44,77,68,143,97
chr17:9247001-9248000,0,34,29,20,22
chr17:9907726-9909199,88,17,119,44,132
chr17:10276202-10277199,11,0,0,8,13
chr17:10289201-10290800,0,31,18,0,27
chr17:13345202-13348999,90,18,0,20,0
chr17:13384801-13386200,20,18,0,0,8
chr17:13487472-13487618,14,17,0,10,0
chr17:13490602-13492799,815,818,452,218,348
chr17:14355402-14362629,0,96,73,19,27
chr17:14731601-14734399,0,0,17,19,17
chr17:15154401-15157800,20,16,0,0,16
chr17:15422601-15422800,22,0,7,13,0
chr17:15433125-15433483,34,31,74,87,56
chr17:16354801-16355000,9,14,16,0,15
chr17:16363601-16365200,0,9,46,0,17
chr17:16395833-16399999,31,50,10,0,57
chr17:16535331-16536080,22,31,56,20,31
chr17:16974977-16975316,25,0,18,8,0
chr17:16999001-17000200,21,106,164,176,19
chr17:17001101-17002600,51,200,345,175,73
chr17:17003601-17004000,0,24,38,33,9
chr17:17431801-17436599,114,128,360,267,143
chr17:17445273-17445578,30,37,47,0,32
chr17:17635616-17642424,20,16,17,0,59
chr17:18821202-18821800,13,7,0,0,34
chr17:19054802-19056000,10,0,16,9,5
chr17:19101001-19101201,230,135,232,42,78
chr17:19120002-19123000,35,0,3,12,7
chr17:19397401-19401200,0,23,33,36,0
chr17:19609801-19614000,69,97,16,79,36
chr17:19641802-19644199,0,8,21,0,17
chr17:20692602-20693400,34,17,28,20,16
chr17:21194201-21195599,159,180,113,142,242
chr17:27262002-27266799,0,35,18,39,17
chr17:27319201-27325799,740,490,528,412,840
chr17:27353606-27354071,0,14,39,0,9
chr17:28203201-28203600,0,56,0,64,15
chr17:28225401-28225600,45,48,71,81,37
chr17:28877401-28878201,19,9,41,33,131
chr17:29057801-29063399,25,27,99,228,146
chr17:29066000-29067000,47,18,15,0,56
chr17:29237001-29242600,33,20,21,0,97
chr17:30294801-30298200,20,41,69,157,72
chr17:30960500-30960664,141,115,31,19,152
chr17:31549649-31550372,168,177,89,44,126
chr17:31825000-31826800,21,35,0,41,0
chr17:32388801-32389000,83,11,115,107,76
chr17:32394601-32394800,20,0,40,73,25
chr17:32397655-32398088,366,202,360,373,487
chr17:32399803-32400183,50,21,90,129,57
chr17:32927065-32927369,6,0,5,0,15
chr17:34651602-34653199,0,68,38,60,13
chr17:35225001-35225200,40,0,9,48,6
chr17:35229402-35230000,21,0,22,43,18
chr17:35338201-35339000,90,0,10,3,0
chr17:35346430-35346643,8,3,9,0,0
chr17:35381001-35382600,21,52,38,45,93
chr17:35389401-35391600,49,37,39,0,68
chr17:35971002-35974800,295,476,304,196,574
chr17:36091932-36092586,144,236,286,314,211
chr17:36094001-36094200,0,68,19,0,18
chr17:36094401-36097000,361,734,238,173,389
chr17:36098001-36100800,83,603,291,190,118
chr17:36108338-36108569,1,9,0,20,8
chr17:36198944-36199432,282,805,272,283,650
chr17:36202712-36202832,14,9,0,5,2
chr17:36204801-36207800,103,138,34,150,18
chr17:36208317-36208935,0,24,24,33,19
chr17:36611601-36615399,79,0,173,92,18
chr17:36625002-36626399,54,18,112,41,103
chr17:36629128-36630400,13,55,68,17,19
chr17:36630601-36631000,19,14,19,25,0
chr17:36633201-36633463,107,98,73,43,118
chr17:36672802-36674400,52,81,0,0,51
chr17:36762801-36764000,16,0,19,52,0
chr17:36770601-36771000,10,9,28,0,0
chr17:36771202-36775400,18,71,21,102,36
chr17:37079401-37084000,137,0,35,37,28
chr17:37480801-37481600,22,15,32,20,0
chr17:37482402-37484200,56,243,130,80,89
chr17:37484601-37484800,4,48,38,23,26
chr17:38263601-38264600,0,23,8,6,0
chr17:38656802-38664200,22,9,0,20,9
chr17:38680601-38681200,11,35,28,20,0
chr17:38684602-38688799,150,199,37,142,31
chr17:38695001-38697800,20,51,53,60,0
chr17:38844089-38845258,22,0,57,20,4
chr17:38868248-38868621,19,14,12,18,0
chr17:39169001-39171200,26,34,19,0,5
chr17:39568601-39569800,91,170,453,264,161
chr17:39894201-39896400,75,18,2,59,38
chr17:40010201-40010798,18,33,0,20,12
chr17:40366601-40367200,22,18,0,20,12
chr17:40533373-40533744,21,0,9,11,0
chr17:40549021-40549906,22,8,102,71,25
chr17:40550526-40550901,23,0,70,38,35
chr17:40551243-40551593,570,146,663,492,161
chr17:40551950-40552964,988,296,1057,599,286
chr17:40575601-40578599,0,18,19,36,0
chr17:40912873-40913089,11,12,0,0,6
chr17:41672001-41672200,6,25,20,0,9
chr17:41672331-41672516,0,3,40,0,9
chr17:41673167-41673487,0,33,9,0,9
chr17:41676462-41676762,16,6,30,0,24
chr17:41678936-41679444,0,11,3,20,9
chr17:41682201-41684399,23,133,89,20,19
chr17:42282201-42284199,44,56,20,43,27
chr17:42432600-42433201,0,37,5,0,33
chr17:42435402-42437400,59,68,22,8,0
chr17:42446601-42447800,0,32,4,9,17
chr17:42448401-42448800,51,7,0,8,17
chr17:42655202-42656799,9,7,0,0,17
chr17:43033202-43037399,119,35,0,68,20
chr17:43326802-43328999,62,56,142,173,107
chr17:43330801-43331600,305,194,77,41,145
chr17:43332001-43332600,244,115,19,35,50
chr17:43403401-43404001,0,43,19,0,37
chr17:43611401-43611600,20,26,0,38,6
chr17:43614402-43617399,44,0,15,12,29
chr17:43667402-43671799,19,21,95,0,16
chr17:44168002-44169199,39,26,47,92,23
chr17:44326633-44326924,57,172,93,131,39
chr17:44551801-44552800,44,0,0,20,18
chr17:44607801-44612000,43,10,10,0,0
chr17:44842201-44845200,175,87,11,40,93
chr17:45003001-45004799,35,54,125,9,13
chr17:45008001-45008600,0,29,76,20,0
chr17:45012402-45014000,2,38,32,0,0
chr17:45172296-45172986,13,62,0,30,18
chr17:45383001-45386400,0,16,30,36,16
chr17:45594001-45595200,0,77,0,110,182
chr17:47506001-47509000,8,7,0,20,0
chr17:48043001-48044000,29,19,55,10,0
chr17:48062201-48062400,0,11,50,93,44
chr17:48067802-48069019,56,148,404,178,317
chr17:48126202-48128199,1791,2600,741,982,1521
chr17:48131012-48132000,91,89,121,132,156
chr17:48869001-48869200,50,82,60,47,52
chr17:49192844-49193146,0,3,1,3,20
chr17:49482201-49488000,26,49,36,23,94
chr17:49588600-49589400,16,57,16,11,0
chr17:49699401-49700000,116,0,57,44,85
chr17:49854001-49855000,80,124,130,154,0
chr17:49857402-49863400,224,284,228,497,194
chr17:49870401-49873799,0,16,51,101,38
chr17:50151563-50152255,74,14,81,22,0
chr17:50261201-50262800,0,19,22,52,0
chr17:50301001-50303000,17,36,0,38,2
chr17:50327202-50329799,0,66,16,21,9
chr17:50331400-50332600,0,89,0,13,10
chr17:50487800-50488600,68,116,103,56,77
chr17:50793080-50793300,1,0,22,0,14
chr17:50803601-50804400,0,26,33,31,0
chr17:50918865-50919127,0,0,100,114,175
chr17:50919583-50920004,0,0,169,372,412
chr17:50924601-50927599,0,0,45,162,97
chr17:50950727-50951078,0,2,0,15,23
chr17:55175602-55178399,29,0,17,41,52
chr17:55198746-55199767,0,4,19,37,34
chr17:55201002-55202199,41,18,7,0,2
chr17:55605601-55610800,46,0,6,0,19
chr17:56749602-56757199,22,9,19,0,18
chr17:56777401-56778400,0,14,19,29,0
chr17:57015802-57018399,23,0,39,21,0
chr17:57697202-57699799,97,120,194,112,217
chr17:57747451-57753199,0,0,58,38,21
chr17:58022575-58023600,18,103,0,26,0
chr17:58032402-58033799,20,18,0,41,0
chr17:58518626-58518965,20,18,96,26,50
chr17:59315601-59316400,0,0,17,29,5
chr17:59405802-59407800,44,36,20,21,9
chr17:59851643-59851904,0,0,16,21,28
chr17:59853265-59853665,0,32,55,0,9
chr17:59855089-59855437,0,0,5,23,58
chr17:59855621-59855984,1,15,55,49,48
chr17:60033967-60035201,0,12,9,62,0
chr17:60105602-60108692,46,139,180,289,119
chr17:60145201-60148599,0,8,17,18,46
chr17:60173001-60174600,23,17,67,41,35
chr17:62616802-62620000,90,112,20,21,3
chr17:62622001-62622400,28,10,0,35,44
chr17:63459801-63463200,86,157,30,0,67
chr17:63596401-63599200,54,34,64,41,0
chr17:64419957-64421000,49,0,9,9,0
chr17:64470601-64471400,1776,3041,807,905,1236
chr17:64471601-64471800,664,717,141,242,315
chr17:64723202-64728599,452,39,185,212,572
chr17:64729401-64730800,0,37,21,39,108
chr17:64731202-64734199,22,0,76,61,67
chr17:64736601-64737600,22,25,72,0,0
chr17:64739001-64743399,32,16,61,17,5
chr17:64748037-64748441,0,0,19,10,37
chr17:64986397-64986724,29,37,9,28,9
chr17:64988533-64988871,2,30,0,17,0
chr17:64995488-64995879,11,9,0,31,0
chr17:64995956-64996124,11,0,0,11,2
chr17:65000201-65000600,8,0,9,0,16
chr17:65057730-65058030,36,6,54,26,18
chr17:65076201-65076400,68,4,0,0,37
chr17:65076801-65077000,16,3,0,7,18
chr17:65078201-65080000,86,100,36,48,103
chr17:65085400-65086400,85,54,34,77,37
chr17:65087601-65088599,40,131,67,57,107
chr17:65092196-65092732,0,0,34,37,44
chr17:65521401-65524999,43,13,36,39,0
chr17:67372800-67373401,0,37,23,10,0
chr17:67751002-67751999,13,0,38,0,14
chr17:67753001-67753600,0,0,19,22,14
chr17:67754602-67756265,17,10,0,22,35
chr17:67759001-67760400,12,0,14,15,0
chr17:68020266-68020652,0,28,6,0,9
chr17:68047801-68049000,23,0,35,21,0
chr17:68049801-68051200,23,28,10,15,24
chr17:68052002-68056199,119,56,69,22,0
chr17:68124601-68125201,46,245,209,247,75
chr17:68161918-68162800,83,219,254,127,187
chr17:68165001-68165600,11,160,77,133,70
chr17:68172334-68173000,0,18,19,0,47
chr17:68820448-68823200,0,13,20,11,13
chr17:68829001-68835800,81,107,25,55,135
chr17:69070401-69071800,104,289,222,216,227
chr17:69560801-69561801,38,36,19,0,9
chr17:69573402-69576200,25,20,35,83,38
chr17:70164601-70165000,231,370,206,236,354
chr17:70181401-70182400,0,18,38,19,37
chr17:70183801-70184400,68,0,31,42,107
chr17:70184714-70186199,39,70,35,28,309
chr17:70191001-70192000,116,107,29,165,390
chr17:73138202-73146400,12,79,20,33,0
chr17:73277802-73280400,209,98,294,268,51
chr17:73980201-73985800,41,20,35,60,69
chr17:74187601-74188401,0,6,7,0,35
chr17:74263001-74263200,27,0,6,0,1
chr17:74363186-74363322,16,9,21,59,32
chr17:74373402-74375199,610,1643,775,727,1980
chr17:74490601-74498199,250,425,280,381,237
chr17:74501601-74505200,183,78,192,283,148
chr17:74516713-74517011,33,0,0,10,32
chr17:74520090-74520505,120,0,66,46,105
chr17:74534589-74534917,261,224,114,176,455
chr17:74536622-74536996,171,104,50,82,170
chr17:74554601-74556200,280,424,142,73,5358
chr17:74557401-74559800,219,242,192,136,4824
chr17:74626996-74627168,11,48,18,0,58
chr17:74639546-74640325,150,37,0,46,159
chr17:74643116-74643239,1,2,0,0,5
chr17:75201625-75202400,89,92,0,19,19
chr17:75202601-75202800,37,5,0,0,9
chr17:75295661-75296137,32,20,17,0,0
chr17:75297489-75297859,49,78,99,73,93
chr17:75313959-75314106,11,7,18,9,0
chr17:75771402-75772599,0,8,9,0,14
chr17:75864527-75864894,0,0,19,32,25
chr17:76262773-76263153,22,84,15,75,22
chr17:76593002-76594311,23,11,0,0,57
chr17:76597880-76598308,37,0,0,41,109
chr17:76606202-76607000,355,265,53,61,189
chr17:76607201-76607400,53,17,37,29,37
chr17:76667802-76668999,0,14,0,30,31
chr17:76784601-76785400,379,422,285,348,313
chr17:76789237-76789665,1022,1099,604,588,1000
chr17:76797200-76798000,0,0,4,10,2
chr17:77220201-77222400,0,109,123,313,214
chr17:77223401-77224600,14,84,77,171,118
chr17:77227665-77229199,0,87,121,104,99
chr17:77233913-77234334,0,22,46,32,38
chr17:77235484-77235725,11,0,9,33,25
chr17:77504001-77505000,0,18,19,38,1
chr17:77507801-77508800,0,18,38,31,0
chr17:77511831-77512657,0,31,35,49,0
chr17:77872337-77872735,1,18,19,113,21
chr17:77886395-77886720,45,18,0,1,0
chr17:78258607-78258911,0,41,3,10,9
chr17:78292401-78295288,0,14,11,19,0
chr17:78650001-78655200,15,31,138,169,19
chr17:78658299-78658863,0,4,5,33,14
chr17:78672401-78673410,178,183,154,50,230
chr17:78931401-78931800,31,0,19,34,47
chr17:78939202-78940400,8,67,19,1,19
chr17:78940788-78941200,11,4,4,7,0
chr17:78946001-78948400,46,17,18,0,0
chr17:78981401-78981800,0,46,28,10,0
chr17:79053001-79053801,0,27,68,51,27
chr17:79690401-79692800,10,0,372,273,0
chr17:79699801-79700600,0,55,38,110,0
chr17:79715001-79715800,1,0,61,10,0
chr17:79722201-79723600,148,230,51,20,19
chr17:79757042-79757408,0,14,9,0,9
chr17:79804502-79804902,0,18,7,10,9
chr17:80254677-80255141,0,2,0,14,9
chr17:80443922-80445399,22,73,9,42,40
chr17:80446402-80448799,89,157,9,107,74
chr17:81011001-81011366,151,277,54,130,9
chr17:81012201-81012400,81,84,111,63,14
chr17:81012801-81013000,77,252,120,80,44
chr17:81185002-81186999,0,51,35,78,0
chr17:81299345-81300257,0,27,11,22,35
chr17:81391260-81393656,8530,25685,5535,7882,8994
chr17:81467402-81470399,31,164,11,36,86
chr17:81499402-81500599,0,51,30,40,1
chr17:81675770-81676428,186,177,170,173,287
chr17:81676798-81676972,114,36,77,64,119
chr17:81721602-81724800,90,66,36,91,71
chr17:82076601-82077661,22,0,0,20,18
chr17:82222866-82223117,22,23,38,51,34
chr17:82225497-82225867,0,55,39,36,41
chr17:82226847-82227145,17,0,39,36,21
chr17:82297423-82297879,41,16,9,49,47
chr17:82297989-82298599,0,0,19,79,6
chr17:82308601-82309400,237,121,218,512,124
chr17:82312801-82313000,27,15,19,44,9
chr17:82334866-82335331,32,30,45,19,31
chr17:82338955-82339442,0,27,3,20,24
chr17:82370406-82370796,11,11,0,41,15
chr17:82380201-82380400,24,9,0,13,0
chr17:82384718-82384866,38,21,17,70,21
chr17:82706801-82710399,0,26,18,4,17
chr16:41801-42256,96,196,380,139,23
chr16:42401-42800,37,87,210,174,60
chr16:395201-395400,38,17,9,0,0
chr16:750602-752800,3,34,30,0,19
chr16:803801-804400,0,24,31,48,9
chr16:807765-808150,6,23,0,0,8
chr16:1922880-1924799,2,16,19,20,19
chr16:2652201-2655599,1912,1427,1145,2114,573
chr16:2860401-2861599,48,113,57,19,28
chr16:3009804-3010456,62,129,105,222,433
chr16:3064136-3064319,45,31,95,127,59
chr16:3163001-3164200,107,163,125,39,62
chr16:3348470-3349669,113,27,19,9,0
chr16:4169801-4171200,39,0,0,20,8
chr16:4283201-4284400,0,36,0,22,19
chr16:4299199-4299351,11,80,44,21,1
chr16:4303801-4304799,62,116,67,122,120
chr16:4307392-4308109,143,247,56,89,234
chr16:4458201-4460400,395,436,833,430,431
chr16:4603401-4604600,199,67,85,79,74
chr16:4605001-4605200,0,5,1,0,24
chr16:4773601-4775800,42,34,0,0,19
chr16:8651801-8652001,34,46,30,41,11
chr16:8655001-8655800,55,63,86,54,80
chr16:8661200-8661400,37,26,6,0,10
chr16:8665201-8666000,718,496,377,452,749
chr16:8879802-8880722,20,1,0,7,0
chr16:9127574-9128009,7,72,46,85,0
chr16:9134602-9136799,0,64,111,74,87
chr16:9143201-9143400,5,35,48,26,9
chr16:9145002-9146799,102,129,41,61,47
chr16:9148295-9149200,19,18,48,0,0
chr16:9154443-9154832,0,3,19,21,26
chr16:9311001-9311857,23,0,0,34,47
chr16:10485401-10486200,0,0,9,28,54
chr16:10504252-10505400,20,0,11,20,0
chr16:10509515-10510006,19,0,9,0,19
chr16:10511800-10512201,42,11,22,0,9
chr16:10584601-10585600,0,18,0,24,7
chr16:10621346-10623199,0,58,18,20,0
chr16:10824401-10824857,11,0,12,15,0
chr16:10826201-10826400,0,0,9,28,6
chr16:10843028-10843268,11,0,58,94,20
chr16:10847288-10847631,0,0,95,119,10
chr16:10855201-10857200,89,0,432,402,37
chr16:10859551-10860400,19,0,129,148,9
chr16:10861602-10864199,62,34,95,271,103
chr16:11189001-11189400,60,124,205,141,81
chr16:11189801-11193999,69,107,37,188,68
chr16:11239602-11241599,14,0,35,75,17
chr16:11527802-11534999,86,140,576,742,422
chr16:11535201-11536007,0,37,67,122,90
chr16:11539201-11543199,1017,1007,1561,2096,2731
chr16:11543602-11544800,44,59,114,113,233
chr16:11747801-11749400,2,0,0,78,3
chr16:12643602-12645599,17,36,93,40,107
chr16:12646002-12647999,0,19,10,40,37
chr16:12652001-12652401,138,221,153,268,466
chr16:12812201-12819793,22,37,0,0,9
chr16:14419801-14421199,69,73,0,38,0
chr16:14427202-14428482,23,10,0,13,0
chr16:14956802-14960399,0,30,36,19,0
chr16:14970615-14971044,46,60,83,35,131
chr16:15382002-15383999,2,138,134,86,19
chr16:16147800-16148000,39,54,39,51,54
chr16:17018401-17018999,9,51,16,30,0
chr16:17025201-17028199,197,87,141,126,33
chr16:17062601-17064999,61,29,0,42,53
chr16:17078201-17080200,0,31,33,19,0
chr16:17476201-17477399,23,16,19,0,19
chr16:17835202-17838199,0,54,91,20,86
chr16:17850801-17851400,0,37,16,10,9
chr16:18762002-18763999,8,19,17,0,0
chr16:18767402-18768600,64,36,36,21,17
chr16:18772201-18773200,68,23,64,40,0
chr16:18773601-18776831,159,169,151,179,153
chr16:21389602-21390799,528,291,449,343,248
chr16:21395201-21395800,0,48,146,18,50
chr16:21762601-21763800,39,36,19,0,8
chr16:21781802-21787399,25,34,28,0,55
chr16:21825401-21826800,0,27,7,41,17
chr16:22291401-22292800,10,35,0,38,0
chr16:23461942-23462224,14,34,0,0,2
chr16:23578002-23579199,19,70,3,58,37
chr16:23598602-23600800,19,77,19,0,0
chr16:25207601-25209800,9,18,0,2,0
chr16:25262401-25262800,0,6,19,1,6
chr16:25317801-25318200,2,0,38,20,9
chr16:27295401-27298199,20,37,7,53,111
chr16:27298402-27306600,12,49,72,22,61
chr16:27382401-27385600,0,35,8,21,0
chr16:28090802-28092199,18,25,39,51,45
chr16:28092438-28094199,0,60,35,16,24
chr16:28096801-28097200,0,26,9,29,33
chr16:28329802-28331356,318,77,231,86,133
chr16:28337400-28338401,0,14,3,0,24
chr16:29374401-29375000,183,47,47,20,71
chr16:29640055-29657199,153,83,21,46,21
chr16:29729002-29730199,0,13,9,13,53
chr16:29738651-29738726,0,1,5,10,17
chr16:29753602-29759799,92,30,31,33,15
chr16:29849401-29849799,2,18,2,7,0
chr16:29852002-29853399,6,37,19,0,75
chr16:30145801-30155199,0,22,23,25,23
chr16:30163201-30168999,34,105,7,23,36
chr16:30545001-30545400,45,1,22,17,0
chr16:30568283-30568522,0,6,28,19,31
chr16:30634229-30634767,124,202,114,143,202
chr16:30637801-30638396,0,7,18,0,9
chr16:30814216-30814691,10,0,38,10,46
chr16:30829015-30830438,266,310,204,65,238
chr16:30916500-30916524,4,16,9,5,12
chr16:31020601-31021000,20,36,19,0,17
chr16:31236601-31237200,20,29,45,44,49
chr16:31253664-31253957,0,2,9,34,1
chr16:31333401-31334600,702,850,297,428,1027
chr16:31334801-31335600,407,581,253,143,579
chr16:31351878-31353321,79,110,38,21,50
chr16:31390401-31391800,8,64,37,100,66
chr16:31478601-31478800,15,0,9,0,24
chr16:31516401-31517400,5,9,19,40,0
chr16:33528002-33530312,24,47,20,0,0
chr16:34998860-34999785,22,18,0,0,12
chr16:46638801-46640000,0,0,47,22,31
chr16:46932601-46933288,0,9,0,13,11
chr16:47076601-47077000,124,35,31,20,75
chr16:47712601-47714200,0,50,38,60,9
chr16:49366201-49368616,0,82,0,22,57
chr16:50043601-50044000,39,0,23,20,24
chr16:50657202-50657600,57,18,17,20,77
chr16:53513601-53513800,18,0,11,0,16
chr16:53518819-53519287,14,34,95,41,0
chr16:56927401-56928600,0,30,38,40,0
chr16:56946202-56948399,9,0,108,83,107
chr16:56948802-56953400,20,0,58,106,40
chr16:56985025-56985047,14,45,31,14,11
chr16:57422001-57422888,0,55,34,13,36
chr16:57424402-57425399,83,66,64,0,128
chr16:57594601-57595000,198,86,24,68,37
chr16:57601910-57602403,170,77,111,49,74
chr16:57609756-57610070,44,55,0,0,9
chr16:58658801-58659292,11,14,20,0,0
chr16:64745201-64746200,0,68,77,123,0
chr16:64753401-64753656,0,9,9,10,0
chr16:66054001-66054800,28,0,14,0,5
chr16:66204402-66209200,14,17,18,0,0
chr16:66364417-66364981,39,18,23,20,2
chr16:66406922-66407184,0,20,4,20,11
chr16:66416602-66419199,23,31,0,21,71
chr16:66592001-66593599,0,0,54,10,37
chr16:66596201-66598600,0,17,39,19,17
chr16:66699201-66704799,33,34,0,83,0
chr16:66714201-66715799,11,52,20,0,37
chr16:66926506-66926890,23,31,0,17,66
chr16:66927000-66927403,41,76,53,18,26
chr16:66928310-66928546,14,17,3,0,2
chr16:66930001-66931000,0,18,19,17,18
chr16:66977561-66979599,2,4,18,0,0
chr16:67024401-67025600,44,62,19,27,0
chr16:67103801-67107199,0,8,17,41,8
chr16:67152801-67153400,21,102,34,45,33
chr16:67386601-67388399,24,2,25,2,0
chr16:67422602-67426200,118,109,114,117,184
chr16:67547722-67548068,43,29,9,39,38
chr16:67890254-67891123,0,62,0,10,80
chr16:68604801-68606001,23,32,0,78,49
chr16:68724601-68726400,21,81,16,0,29
chr16:68730001-68730400,2,0,0,18,9
chr16:68734600-68735000,0,0,9,70,4
chr16:68736001-68736400,0,3,0,41,27
chr16:69086801-69087800,306,91,97,48,53
chr16:69094001-69095000,55,0,0,20,18
chr16:69097401-69098001,13,35,39,115,18
chr16:69099802-69103399,43,17,68,19,17
chr16:69469001-69471600,0,37,102,105,19
chr16:69472502-69472626,8,1,8,0,0
chr16:69554401-69556200,83,188,34,70,47
chr16:69561001-69561200,0,15,0,5,1
chr16:69944401-69944600,0,22,33,0,13
chr16:69946201-69946800,17,84,27,39,138
chr16:70213201-70215000,177,159,423,176,247
chr16:70217200-70217600,15,75,132,137,74
chr16:71841801-71842200,21,22,22,21,0
chr16:71842401-71842600,22,0,28,80,6
chr16:71842801-71844400,86,120,233,84,19
chr16:72030001-72030400,22,0,57,10,14
chr16:72032001-72033000,0,43,19,0,37
chr16:72035601-72035800,34,3,15,0,18
chr16:72041801-72043000,39,52,13,102,19
chr16:72188602-72192399,0,50,135,10,71
chr16:72207401-72208200,27,29,20,20,48
chr16:74403401-74405399,182,1209,444,638,746
chr16:74442802-74443800,89,66,79,103,143
chr16:74445601-74445800,2,14,0,30,3
chr16:75271002-75273999,44,54,57,16,130
chr16:75279001-75281400,0,20,18,39,0
chr16:75468001-75469400,0,56,0,9,6
chr16:79579201-79581840,3,16,0,21,52
chr16:79601537-79601969,146,308,220,321,275
chr16:79602140-79602433,194,248,226,332,182
chr16:79652402-79654399,0,63,43,40,94
chr16:79656202-79659747,63,99,49,33,35
chr16:80577402-80581999,48,257,76,56,17
chr16:80586601-80586800,9,0,9,21,0
chr16:80590601-80592399,67,24,29,31,38
chr16:81293801-81294800,0,12,19,2,0
chr16:81437001-81439200,23,37,19,71,19
chr16:81975001-81976000,0,0,19,38,37
chr16:83830802-83831851,21,0,18,0,18
chr16:83840001-83850400,15,37,0,0,25
chr16:84471427-84471804,11,49,11,46,16
chr16:84643202-84643615,6,16,0,37,30
chr16:84643686-84643994,1,39,0,13,18
chr16:84670972-84671281,11,0,9,7,0
chr16:84672105-84674000,22,46,45,48,0
chr16:84691001-84693800,0,10,14,41,0
chr16:84785402-84788199,0,30,71,129,108
chr16:84940601-84941200,22,0,19,30,32
chr16:84941401-84942357,40,3,90,89,173
chr16:84946601-84950399,5350,4458,4236,1310,8899
chr16:84970377-84973600,43,0,20,0,112
chr16:85015107-85015418,52,24,4,0,15
chr16:85094801-85095600,0,72,16,20,18
chr16:85119201-85119400,9,10,9,0,0
chr16:85128601-85129200,0,15,19,10,0
chr16:85129602-85131400,21,0,0,31,53
chr16:85151567-85152153,40,24,5,21,13
chr16:85162521-85162673,11,16,6,16,0
chr16:85751962-85752419,18,18,0,53,0
chr16:85765002-85766799,465,323,251,490,437
chr16:85767001-85768999,245,350,297,363,347
chr16:85887401-85892400,0,0,19,40,18
chr16:86608108-86611929,22,18,19,15,0
chr16:87075402-87077799,21,0,0,39,17
chr16:87813601-87817199,10,0,0,29,8
chr16:88107401-88108200,11,0,71,6,14
chr16:88142201-88146400,25,0,0,22,20
chr16:88230546-88231247,93,152,193,279,164
chr16:88231401-88231600,25,27,128,95,43
chr16:88232680-88232927,29,9,41,40,44
chr16:88303401-88308600,85,18,33,98,38
chr16:88314602-88318199,113,48,434,53,269
chr16:88442029-88443799,0,0,56,21,19
chr16:88539693-88541000,0,19,19,0,9
chr16:88547802-88548600,0,12,0,8,18
chr16:88551801-88552600,0,107,75,41,163
chr16:88552660-88553399,0,209,34,0,37
chr16:88553801-88554200,49,302,38,390,89
chr16:88554401-88555216,42,207,48,100,104
chr16:88556006-88556208,22,104,17,0,29
chr16:88558602-88559999,81,119,87,127,157
chr16:88565801-88566800,79,412,227,220,193
chr16:88634854-88635255,58,2,3,0,1
chr16:88793718-88793872,48,58,33,11,25
chr16:88799184-88799555,0,14,19,39,1
chr16:88872601-88873201,2,77,58,204,66
chr16:88981060-88981384,0,47,4,24,0
chr16:89060001-89062000,191,34,38,222,14
chr16:89067601-89068200,4,16,13,103,18
chr16:89069634-89069759,10,0,0,10,2
chr16:89071667-89072800,23,28,25,171,0
chr16:89169893-89170290,0,18,0,15,7
chr16:89243534-89243655,16,8,13,10,0
chr15:21728001-21728200,38,3,108,13,9
chr15:23307455-23308000,0,18,57,80,0
chr15:25641002-25644799,108,55,164,20,33
chr15:25673001-25674000,0,17,7,29,17
chr15:25674801-25675400,22,0,19,0,18
chr15:27678802-27680600,21,223,128,102,0
chr15:28775401-28779200,85,203,67,129,189
chr15:30186916-30187400,16,72,9,13,18
chr15:30423601-30424000,168,3,237,18,142
chr15:30434401-30434600,2,2,0,11,2
chr15:30446201-30446400,0,9,2,12,25
chr15:30447001-30448200,75,106,74,45,157
chr15:30525401-30528599,95,77,20,39,15
chr15:30530801-30531200,30,24,19,0,6
chr15:31195201-31201800,187,152,50,98,41
chr15:31202601-31203800,158,230,160,383,110
chr15:31204401-31204640,14,131,84,51,42
chr15:31206802-31208000,86,51,286,219,35
chr15:31208401-31209399,11,0,82,40,16
chr15:31241201-31242800,59,44,63,36,31
chr15:31248001-31249600,83,186,309,123,29
chr15:31307112-31307238,0,0,17,7,17
chr15:31308352-31308553,0,0,20,11,3
chr15:31311401-31311799,0,18,9,63,10
chr15:31312201-31312800,0,27,51,61,26
chr15:31314401-31315200,67,118,250,31,106
chr15:31315801-31321199,363,532,810,410,802
chr15:31324992-31325318,137,173,124,250,207
chr15:31447202-31449599,25,90,39,26,0
chr15:31456602-31460200,0,56,18,102,22
chr15:31465274-31466142,23,5,9,21,0
chr15:32459001-32459200,33,25,51,64,18
chr15:32478602-32482000,71,144,17,27,50
chr15:32504201-32508000,28,161,38,72,66
chr15:34122593-34123600,63,55,14,34,56
chr15:34126201-34127000,45,104,62,114,98
chr15:34129569-34129849,0,37,60,27,28
chr15:34847401-34848000,34,8,79,78,62
chr15:35036401-35037000,10,32,7,72,0
chr15:35042002-35044999,13,0,19,81,48
chr15:35053601-35055000,14,0,19,30,0
chr15:36403001-36404400,16,0,7,0,10
chr15:36405802-36408400,66,72,122,21,120
chr15:37106785-37107621,92,321,152,138,237
chr15:40308884-40309135,0,11,0,1,9
chr15:40403601-40404025,22,0,73,10,37
chr15:40680202-40681400,23,55,48,0,0
chr15:40913602-40920199,59,72,25,17,115
chr15:40922401-40923599,52,39,0,19,0
chr15:40928357-40928714,0,27,3,0,9
chr15:40941523-40942263,10,16,22,0,13
chr15:40944801-40945600,65,103,54,19,120
chr15:41167801-41171000,9,27,0,0,7
chr15:43869782-43869907,0,19,0,9,8
chr15:48680002-48682000,17,17,10,40,12
chr15:48693201-48697001,119,152,33,113,75
chr15:48703202-48703980,8,0,38,0,19
chr15:48710802-48711516,41,125,47,20,75
chr15:49096201-49096600,159,161,57,93,53
chr15:49104001-49104800,44,0,74,129,15
chr15:49830201-49830801,22,18,0,0,38
chr15:49831292-49833014,18,18,19,30,19
chr15:49855001-49857600,54,37,39,17,32
chr15:50389802-50392600,20,0,17,0,13
chr15:50404801-50407400,0,0,19,10,19
chr15:56003601-56004199,605,191,595,528,320
chr15:56004400-56004601,31,63,15,24,20
chr15:57309801-57313400,118,214,393,176,130
chr15:57332802-57341399,64,41,65,116,75
chr15:59692601-59693200,53,9,39,61,95
chr15:59694601-59695400,197,201,84,218,257
chr15:60418049-60418331,0,0,16,3,4
chr15:62175001-62176000,20,48,133,0,32
chr15:63072601-63079199,0,56,16,134,8
chr15:63311801-63313200,287,204,106,150,319
chr15:63487214-63487521,0,0,57,10,38
chr15:63488060-63488292,9,44,7,56,132
chr15:63488754-63488902,82,24,14,17,191
chr15:63490277-63490566,442,111,360,294,1249
chr15:63491099-63491446,349,93,321,206,885
chr15:63492823-63492923,63,14,30,23,190
chr15:63497151-63497433,33,16,121,84,59
chr15:63497719-63498054,50,18,26,0,71
chr15:63498991-63499263,20,10,28,10,40
chr15:63604402-63607199,0,0,17,53,94
chr15:63839602-63844399,0,5,18,19,17
chr15:63855602-63861799,18,15,31,42,15
chr15:63878602-63882800,69,10,74,0,31
chr15:64146762-64147600,42,31,56,20,18
chr15:64730602-64732188,73,61,62,58,124
chr15:64732201-64732903,0,5,1,0,9
chr15:64781401-64783400,0,0,76,32,12
chr15:64792309-64792571,34,10,38,0,37
chr15:64801401-64803400,74,56,20,57,0
chr15:64811067-64811375,0,20,4,0,12
chr15:64835729-64836009,29,34,8,41,25
chr15:65085371-65085737,24,41,0,6,5
chr15:65087604-65087842,0,0,23,53,20
chr15:65189001-65189600,0,37,9,30,18
chr15:65217801-65218800,0,0,55,40,37
chr15:66573402-66574884,22,0,39,2,0
chr15:66883307-66883681,11,0,9,20,19
chr15:66900801-66902200,41,18,0,20,0
chr15:67812001-67813000,40,10,10,20,17
chr15:68030801-68039600,79,0,0,35,21
chr15:68570002-68573200,67,128,0,60,35
chr15:68758001-68758600,22,0,18,0,18
chr15:68761001-68762000,35,29,62,40,66
chr15:68762201-68766400,37,71,74,39,178
chr15:68768001-68768999,44,15,0,9,0
chr15:68769801-68772400,23,28,3,0,19
chr15:69064401-69064600,11,108,9,79,29
chr15:69064801-69065000,2,39,0,61,9
chr15:69066401-69066600,12,150,4,108,42
chr15:69852602-69858799,18,15,15,101,208
chr15:69867525-69867787,0,0,13,8,19
chr15:69903402-69904799,0,1,17,0,38
chr15:69954602-69959199,61,39,0,18,17
chr15:69986601-69987601,0,0,38,20,1
chr15:69996402-69998399,38,116,20,62,0
chr15:70029401-70029800,0,262,50,138,0
chr15:70031601-70034400,423,3013,434,947,199
chr15:70035001-70037599,147,1572,261,660,266
chr15:70099059-70099896,0,24,0,22,7
chr15:70455401-70456400,40,0,0,13,18
chr15:70534999-70535303,12,28,48,61,18
chr15:70568990-70570399,42,109,48,38,0
chr15:70588802-70589999,23,18,38,40,0
chr15:70618201-70618400,71,30,0,20,19
chr15:70627602-70634400,223,521,207,129,186
chr15:70643202-70644799,43,73,91,0,33
chr15:70650201-70652600,68,37,33,19,56
chr15:72739201-72741399,200,101,355,268,230
chr15:72748459-72748858,25,18,150,109,20
chr15:72800001-72801600,23,37,0,19,0
chr15:73899001-73899200,25,38,58,62,50
chr15:73899402-73900571,150,48,74,60,116
chr15:74053985-74054280,168,103,176,90,53
chr15:74059001-74059800,0,131,19,20,0
chr15:74402616-74403193,0,26,9,17,0
chr15:74441802-74444103,0,0,20,21,11
chr15:74521402-74522400,22,0,19,0,12
chr15:74523802-74526999,57,77,170,112,47
chr15:74529401-74532599,43,58,89,82,183
chr15:74534601-74537200,140,256,204,77,220
chr15:74806401-74810199,62,83,86,134,47
chr15:74951801-74952800,2,18,0,55,18
chr15:75129940-75130367,16,33,18,45,0
chr15:75131016-75131581,22,22,23,13,8
chr15:75135601-75140999,1502,1991,604,1107,1557
chr15:75167601-75169200,81,144,38,82,75
chr15:75189628-75189806,8,3,2,0,18
chr15:75214801-75216999,210,439,282,322,249
chr15:75218802-75220399,495,739,166,555,395
chr15:75224452-75224580,23,67,11,17,57
chr15:75343801-75344400,78,31,23,68,24
chr15:75666720-75667100,0,67,65,8,0
chr15:77093401-77094000,41,62,38,53,56
chr15:77094601-77095000,0,3,18,20,9
chr15:77096201-77096800,66,37,9,0,0
chr15:77097201-77097999,28,14,29,21,37
chr15:77501000-77501800,0,0,19,51,98
chr15:77502802-77511799,0,142,194,61,89
chr15:77514601-77516000,0,11,19,34,38
chr15:77518601-77519400,33,116,25,20,0
chr15:77536002-77539999,47,53,0,21,0
chr15:77938801-77940200,23,18,39,91,160
chr15:78327002-78328199,0,4,0,40,4
chr15:78908602-78918999,700,316,1414,1327,934
chr15:79797801-79799400,14,17,18,0,37
chr15:79811202-79813599,0,37,103,104,56
chr15:80007602-80011799,69,35,64,114,83
chr15:80017807-80017996,59,148,132,24,31
chr15:80019001-80021200,474,417,447,125,162
chr15:80026002-80027400,85,120,19,89,0
chr15:80028601-80029600,0,109,156,36,0
chr15:80052202-80055000,12,10,39,0,34
chr15:80149401-80150200,0,18,0,36,8
chr15:80191601-80192000,0,2,45,30,0
chr15:81157200-81158001,0,64,19,0,37
chr15:82742001-82742799,263,443,389,386,149
chr15:82743404-82743457,7,6,2,19,17
chr15:84147201-84147685,11,7,8,0,26
chr15:84369401-84369800,0,51,0,9,18
chr15:84377001-84377775,0,0,11,31,14
chr15:84431201-84432010,14,50,8,55,41
chr15:84489001-84490800,0,13,34,0,17
chr15:84807201-84807800,22,0,0,20,1
chr15:84809720-84812600,90,73,95,187,133
chr15:88612818-88613656,38,107,35,39,63
chr15:88661802-88664741,79,17,18,99,95
chr15:88695401-88695800,5,0,14,28,0
chr15:89441201-89445799,68,39,0,18,17
chr15:89820764-89821566,0,0,17,6,18
chr15:89823403-89823913,0,88,8,20,25
chr15:89828670-89828817,0,16,6,10,0
chr15:89980001-89980600,34,18,27,0,77
chr15:89980801-89981312,23,0,62,2,48
chr15:89981801-89983200,0,37,0,19,8
chr15:89991201-89994800,0,8,27,53,13
chr15:90141002-90145999,0,12,0,20,37
chr15:90381402-90383000,76,27,0,13,15
chr15:90822201-90825200,22,14,19,89,11
chr15:95174400-95174801,8,6,0,128,23
chr15:96352498-96352641,50,36,56,6,46
chr15:98629201-98630800,0,0,38,28,43
chr15:99393252-99393627,0,9,88,0,14
chr15:99403468-99404033,44,33,33,69,33
chr15:99455010-99455481,22,37,12,3,31
chr15:99490601-99491800,10,24,65,123,73
chr15:99500363-99500495,23,0,17,0,30
chr15:99919401-99919600,12,0,0,17,7
chr15:99954002-99956799,16,54,10,0,6
chr15:101091594-101091977,0,54,146,50,23
chr15:101094401-101094799,5,0,2,13,0
chr15:101104402-101107399,76,54,19,20,14
chr15:101127085-101127328,0,38,14,30,14
chr15:101127553-101127780,10,0,12,0,9
chr15:101147214-101151999,50,99,146,143,29
chr15:101158402-101161245,0,0,10,42,35
chr15:101162002-101163799,45,89,0,0,29
chr15:101254202-101256999,0,0,28,95,20
chr15:101280201-101280600,0,9,18,16,12
chr15:101618402-101619599,44,36,19,0,106
chr14:20667401-20669199,156,28,27,17,0
chr14:20671401-20671801,14,46,33,15,0
chr14:20682445-20682962,33,0,2,19,18
chr14:20683174-20683535,22,0,9,22,0
chr14:20711402-20712200,11,13,0,17,0
chr14:20725601-20728399,83,0,49,68,59
chr14:20816521-20823200,20,16,76,36,0
chr14:20842201-20843999,0,50,16,9,0
chr14:20857401-20858399,44,0,19,0,18
chr14:20878401-20883600,0,18,39,0,19
chr14:20942601-20950800,49,29,0,22,40
chr14:20967001-20969200,0,16,0,17,8
chr14:21195601-21195800,137,144,97,62,89
chr14:21771401-21772221,66,0,56,55,0
chr14:21864201-21865000,23,0,110,41,37
chr14:21988200-21988400,22,0,14,0,7
chr14:22076202-22077200,16,28,0,0,89
chr14:22158971-22161000,0,17,38,0,17
chr14:22171201-22173200,95,175,48,152,47
chr14:22175001-22175600,89,277,51,14,119
chr14:22492140-22492350,0,18,9,0,12
chr14:22498469-22498829,22,0,37,8,9
chr14:22541082-22541235,17,24,0,12,0
chr14:22545867-22545985,91,60,46,87,35
chr14:22546380-22546700,284,193,104,174,206
chr14:22560487-22560758,14,14,0,0,9
chr14:22622002-22624199,0,74,178,47,0
chr14:22626201-22627400,0,58,94,32,17
chr14:22646001-22647600,21,37,0,21,0
chr14:22688402-22692399,77,97,116,43,29
chr14:22850998-22851826,41,0,0,19,9
chr14:22858201-22859399,23,8,57,22,13
chr14:23669401-23671200,0,54,0,19,29
chr14:23861201-23862001,2,34,0,32,0
chr14:23865600-23866000,0,0,5,3,22
chr14:24246401-24247800,69,56,35,112,31
chr14:24342001-24342600,8,24,35,0,0
chr14:24425308-24425510,179,350,118,64,151
chr14:31891802-31896200,19,0,39,35,0
chr14:31953601-31957400,68,134,0,72,47
chr14:31960001-31960200,22,47,31,10,14
chr14:32028401-32029200,0,43,29,13,0
chr14:32043601-32044200,0,18,59,20,0
chr14:32049001-32050600,16,50,290,91,85
chr14:32051001-32051200,2,0,62,2,0
chr14:32059401-32060000,96,116,241,116,114
chr14:33908776-33910000,11,0,32,33,36
chr14:34491001-34491999,2,0,2,0,13
chr14:34648601-34652400,5,4,4,0,9
chr14:34707801-34708000,11,8,59,49,0
chr14:34877300-34877547,21,10,9,15,32
chr14:34912002-34913400,228,146,364,171,428
chr14:34918001-34919000,44,28,19,40,4
chr14:35319802-35321400,31,0,20,15,21
chr14:35333730-35334158,0,0,19,19,8
chr14:35336477-35337232,49,53,21,42,46
chr14:35346675-35348399,23,42,39,60,32
chr14:35406594-35406759,62,16,56,70,38
chr14:35412602-35420799,723,419,406,746,1320
chr14:35427201-35427800,28,0,0,10,18
chr14:39140200-39140401,128,227,89,55,84
chr14:39145201-39146200,445,336,385,566,681
chr14:39187002-39188799,45,0,89,41,35
chr14:39216960-39219799,12,58,10,15,24
chr14:39395601-39395800,35,33,53,16,11
chr14:41605578-41606793,23,26,37,57,75
chr14:49624259-49624315,61,70,66,24,22
chr14:49639202-49643000,2456,3787,4734,2275,2234
chr14:49856801-49858800,188,143,216,124,92
chr14:49868127-49868617,19,5,3,0,20
chr14:49879001-49885199,120,105,0,0,123
chr14:49915801-49916000,0,6,0,20,7
chr14:49923001-49924200,0,0,19,9,11
chr14:50670210-50670657,65,18,69,63,26
chr14:50673401-50674000,0,0,56,9,32
chr14:50838802-50839430,155,158,103,378,1028
chr14:50846202-50847039,0,10,19,34,79
chr14:50946201-50948600,211,131,238,176,479
chr14:50949201-50949400,11,0,17,15,9
chr14:51276601-51277000,91,22,0,20,56
chr14:51277601-51278400,114,108,64,48,65
chr14:51283248-51284599,20,44,20,0,72
chr14:51291802-51294400,206,433,234,130,129
chr14:51295601-51296200,22,19,19,28,53
chr14:51429202-51432999,0,9,4,0,18
chr14:52072002-52074016,0,19,38,35,133
chr14:52233801-52237199,15,28,17,0,38
chr14:52259402-52259999,30,171,23,60,156
chr14:52262965-52263352,11,137,64,126,105
chr14:52279001-52281370,1706,1771,593,547,926
chr14:52282001-52282600,104,216,22,195,95
chr14:52299601-52301800,763,565,674,546,1310
chr14:52303001-52305400,1214,1329,1193,1010,1849
chr14:52306601-52306800,97,102,7,10,101
chr14:52307908-52308359,171,222,9,93,128
chr14:52311578-52312020,1739,1676,391,418,1413
chr14:52312787-52313185,661,998,340,245,762
chr14:53013801-53014600,158,393,260,224,47
chr14:53017001-53017200,0,41,61,58,0
chr14:53019201-53019400,0,27,41,13,0
chr14:53019601-53021200,0,97,144,141,0
chr14:53027201-53027600,0,9,34,36,0
chr14:53036000-53036200,22,7,3,21,0
chr14:54562400-54562801,24,48,52,20,12
chr14:54814200-54815600,23,34,49,20,62
chr14:54817202-54819645,0,50,18,16,15
chr14:54904801-54905400,69,77,9,0,66
chr14:54908001-54909800,21,17,18,0,0
chr14:55072019-55072631,0,3,19,17,0
chr14:55084001-55086000,32,19,20,57,14
chr14:55241801-55242200,22,9,0,14,0
chr14:55721002-55721999,29,9,0,0,28
chr14:56087202-56089599,21,11,76,0,29
chr14:56091402-56095399,17,53,0,27,104
chr14:56099002-56100199,23,243,234,22,255
chr14:56100600-56100801,16,12,0,30,14
chr14:56102801-56104000,0,7,189,13,145
chr14:56105401-56106600,37,30,132,47,77
chr14:56107601-56108999,71,40,177,15,242
chr14:57349002-57349999,11,12,0,19,17
chr14:58571401-58573200,21,17,18,53,94
chr14:59380001-59381200,149,94,56,14,31
chr14:59405802-59408599,75,126,24,0,0
chr14:59422002-59422955,11,13,104,10,9
chr14:60226201-60227600,18,0,0,20,19
chr14:60301601-60302200,22,54,0,0,18
chr14:60325601-60326200,0,18,34,0,66
chr14:61090401-61091600,0,0,38,1,8
chr14:61098692-61099704,156,172,121,41,97
chr14:61102122-61102559,0,0,18,10,8
chr14:61104354-61104685,11,18,19,0,36
chr14:61124601-61129799,23,0,39,21,38
chr14:63677581-63678994,135,146,39,61,144
chr14:64652001-64658399,9,23,0,0,15
chr14:65179002-65181400,39,96,0,19,8
chr14:65351202-65358200,0,42,35,28,0
chr14:65377601-65377999,22,9,9,43,80
chr14:65405601-65405800,23,10,6,15,0
chr14:65745401-65746600,23,62,27,145,35
chr14:65751001-65752200,16,27,115,102,37
chr14:65789240-65790881,24,84,14,118,28
chr14:67186002-67188799,20,37,17,0,0
chr14:68745601-68746000,22,0,0,36,1
chr14:68747001-68748000,22,4,10,20,0
chr14:68748402-68750399,23,26,20,40,37
chr14:68765202-68768799,53,0,32,0,17
chr14:68779873-68780275,16,7,0,18,19
chr14:68799801-68801599,78,94,164,161,161
chr14:68803001-68803400,0,0,4,24,71
chr14:68807415-68807553,11,23,6,5,0
chr14:68814606-68815068,52,43,98,127,16
chr14:68821141-68821269,0,10,10,13,58
chr14:68822332-68822592,18,6,13,68,13
chr14:68840602-68842799,0,37,36,11,43
chr14:69042778-69042996,0,10,0,27,29
chr14:69043174-69043276,0,17,0,26,7
chr14:69043553-69043829,36,10,19,2,9
chr14:69045903-69046234,0,15,12,60,68
chr14:69049766-69049954,0,35,19,31,9
chr14:69361000-69361200,53,13,9,0,92
chr14:69375601-69378800,33,19,0,82,0
chr14:69463402-69465799,0,0,27,19,8
chr14:69468201-69469800,0,27,12,30,113
chr14:69772801-69773400,40,18,87,139,36
chr14:69815401-69816200,79,63,76,48,194
chr14:70569201-70569400,33,38,78,27,26
chr14:70681601-70682000,120,81,96,17,221
chr14:70691402-70693599,46,0,19,0,27
chr14:70697817-70697962,5,9,15,0,0
chr14:71116001-71120000,149,53,111,141,159
chr14:71148601-71149400,0,18,12,7,66
chr14:71175201-71176001,22,73,34,103,124
chr14:71177401-71177600,18,40,9,0,0
chr14:72606602-72609599,251,525,118,301,333
chr14:73124802-73126399,81,54,282,230,75
chr14:73127201-73128000,35,59,92,180,128
chr14:73225001-73225800,27,3,41,82,170
chr14:73228528-73228744,11,48,8,6,9
chr14:73232305-73232647,30,0,54,13,0
chr14:73810001-73811600,14,25,20,13,0
chr14:74428401-74430399,68,43,81,0,57
chr14:74459202-74460599,60,8,47,77,55
chr14:74461201-74462000,0,9,36,20,0
chr14:74626402-74629000,62,18,0,0,90
chr14:74630802-74632799,32,0,17,0,12
chr14:74634202-74639400,0,31,39,42,0
chr14:74972402-74990600,27,44,23,49,68
chr14:75310002-75316399,19,7,0,8,15
chr14:75405801-75407600,18,15,18,19,47
chr14:75476401-75477400,79,142,174,44,194
chr14:75479402-75480600,480,109,138,128,281
chr14:75517401-75518200,0,0,41,32,15
chr14:75559401-75561600,23,166,55,125,0
chr14:75564401-75567199,0,54,17,110,0
chr14:75570001-75572809,180,123,60,167,105
chr14:76088201-76090599,200,300,88,319,80
chr14:76090631-76091524,11,104,114,31,47
chr14:76091601-76091800,0,21,19,10,0
chr14:76100002-76102399,21,20,18,0,0
chr14:76112602-76114200,0,25,28,21,107
chr14:76114801-76116000,41,0,57,0,20
chr14:76123201-76125400,0,37,19,0,19
chr14:76888001-76888600,22,9,42,37,0
chr14:76930086-76930303,0,14,8,58,53
chr14:76935201-76936000,0,19,16,0,30
chr14:76936201-76943200,0,17,89,19,122
chr14:76956362-76957243,0,37,3,0,14
chr14:77003801-77010399,19,56,0,0,115
chr14:77010802-77015799,22,0,57,40,43
chr14:77017601-77019200,4,13,0,36,0
chr14:77032545-77034568,748,1685,1209,1578,2309
chr14:77666402-77669400,58,229,202,65,153
chr14:77785601-77787000,83,85,32,41,10
chr14:80464001-80466063,0,7,41,30,5
chr14:81227001-81227600,0,0,19,11,14
chr14:81247184-81247553,126,137,26,61,10
chr14:81256202-81257200,98,235,146,113,135
chr14:84250202-84255599,48,151,48,22,121
chr14:90046001-90046200,0,9,3,3,0
chr14:90057001-90058600,14,17,10,0,0
chr14:90380201-90380800,22,0,18,20,14
chr14:90382151-90382587,22,35,37,6,0
chr14:90817064-90817431,19,9,0,0,3
chr14:91228529-91228714,11,9,44,35,0
chr14:91229779-91230068,39,77,77,39,1
chr14:91231511-91231742,175,206,149,88,89
chr14:91257489-91257665,53,18,15,16,0
chr14:91260801-91261600,22,0,47,11,9
chr14:91425001-91427832,55,37,54,0,0
chr14:91520402-91522199,21,50,82,36,76
chr14:91962001-91962600,22,18,19,0,9
chr14:92503861-92504189,27,46,2,0,0
chr14:92507387-92507665,0,22,5,75,9
chr14:92692001-92695199,1029,981,1549,1355,2672
chr14:92698401-92698600,320,166,182,222,288
chr14:92699001-92699200,116,104,161,206,294
chr14:92842802-92851200,25,92,32,34,73
chr14:92877602-92878999,23,17,16,0,5
chr14:93131201-93137200,8,7,0,0,22
chr14:93983601-93986000,93,17,97,91,17
chr14:94121400-94122201,39,14,1,0,0
chr14:94402602-94406400,312,309,289,294,659
chr14:94411201-94413617,21,38,39,32,60
chr14:94421201-94421800,0,18,28,20,75
chr14:94423584-94423719,0,12,12,24,9
chr14:94427001-94427200,11,12,4,22,41
chr14:95078801-95079600,0,0,17,14,7
chr14:95388601-95390600,62,77,20,76,117
chr14:95395001-95395800,0,18,19,41,46
chr14:95478002-95491600,40,66,103,110,33
chr14:95501110-95501341,0,10,19,3,22
chr14:95503460-95503639,33,17,9,5,0
chr14:95518474-95518828,54,312,130,302,42
chr14:95696601-95697400,39,0,273,201,146
chr14:95697480-95697669,5,0,91,69,24
chr14:95698401-95699400,55,0,211,138,98
chr14:95700402-95701399,26,0,317,223,47
chr14:95701601-95701801,22,0,74,13,33
chr14:95703801-95704000,22,20,30,30,9
chr14:95706201-95707600,67,8,204,116,69
chr14:95708601-95709400,0,0,133,47,9
chr14:95761401-95761800,11,0,24,0,10
chr14:96572802-96575599,20,17,10,136,55
chr14:96576402-96577306,23,15,18,0,0
chr14:96584106-96585999,2,0,40,0,14
chr14:96587001-96587400,29,16,8,0,9
chr14:96588401-96589200,9,9,63,0,37
chr14:96948602-96951199,0,18,29,38,16
chr14:96965602-96966999,106,0,128,81,38
chr14:97106201-97108356,22,15,76,20,16
chr14:97701602-97713708,145,456,30,49,211
chr14:97721601-97722000,11,34,52,29,0
chr14:97776801-97777800,148,73,19,29,78
chr14:98816001-98816600,0,43,70,20,0
chr14:98818202-98820799,73,47,56,21,45
chr14:98828445-98828748,0,9,10,13,0
chr14:98906002-98910399,19,16,0,0,54
chr14:98992438-98993000,0,10,19,0,13
chr14:99020201-99022999,25,17,0,0,17
chr14:99036752-99037133,37,9,1,2,13
chr14:99054601-99055801,133,116,82,107,383
chr14:99056201-99056800,18,93,46,26,78
chr14:99063801-99065400,35,27,0,52,75
chr14:99101002-99102799,16,0,38,19,0
chr14:99123201-99126600,10,37,47,83,67
chr14:99127401-99130199,16,92,24,19,38
chr14:99132002-99136999,14,0,19,81,137
chr14:99280601-99281400,64,130,54,20,76
chr14:99284401-99286400,829,735,162,260,352
chr14:99286801-99287647,135,131,7,31,0
chr14:99396001-99396401,0,101,22,31,0
chr14:99627802-99629409,105,424,265,473,271
chr14:100166825-100167318,76,32,47,46,8
chr14:100203602-100205399,10,0,13,136,51
chr14:101110665-101112400,20,99,19,16,121
chr14:101116201-101116600,0,18,0,10,9
chr14:101350201-101350800,0,0,19,20,16
chr14:101358202-101362199,0,0,35,135,19
chr14:101587201-101589799,70,136,23,0,0
chr14:101736802-101740200,20,16,38,0,0
chr14:101932602-101935200,116,192,244,423,133
chr14:101945002-101945800,8,9,0,20,0
chr14:102078549-102078934,11,1,0,17,0
chr14:102572402-102575600,14,15,0,0,7
chr14:102587002-102588400,23,18,0,32,45
chr14:102749201-102750599,0,49,58,0,75
chr14:102754401-102754600,34,30,81,24,38
chr14:102755201-102755400,0,30,0,42,27
chr14:102759002-102762200,229,109,130,121,99
chr14:103058182-103058550,45,77,68,33,25
chr14:103313001-103319800,81,24,86,27,33
chr14:103512401-103514399,317,287,114,105,167
chr14:103540683-103540786,41,65,34,10,15
chr14:103542760-103542992,2,47,0,0,47
chr14:103552106-103552720,22,30,59,0,51
chr14:104066602-104067800,0,71,18,0,184
chr14:104077202-104078600,46,18,19,0,0
chr14:104135252-104135381,11,28,9,9,45
chr14:104289397-104292800,183,625,95,360,191
chr14:104300001-104300751,22,22,0,0,9
chr14:104353802-104355999,0,18,114,29,46
chr14:104364001-104364600,45,17,57,61,69
chr14:104657957-104658204,3,0,0,3,2
chr14:104826093-104826864,33,36,77,0,19
chr14:104851601-104852600,0,18,66,39,47
chr14:105024896-105025175,95,40,96,20,148
chr14:105027042-105027419,23,24,17,15,34
chr14:105044876-105045009,72,12,23,0,38
chr14:105066447-105066923,140,55,93,82,9
chr14:105067346-105067575,55,9,60,7,18
chr14:105069720-105070321,346,376,94,140,162
chr14:105070322-105070756,178,153,111,74,11
chr14:105070799-105071212,136,18,34,3,29
chr14:105072331-105072823,355,201,257,131,312
chr14:105080106-105080499,176,200,83,121,113
chr14:105088235-105088586,0,0,33,18,20
chr14:105511629-105511928,11,0,9,20,0
chr14:105525201-105525400,27,7,45,14,8
chr14:105525835-105526047,85,35,50,4,1
chr19:411601-413000,167,37,87,32,50
chr19:478201-479800,28,37,48,41,0
chr19:484602-486600,116,175,96,130,247
chr19:488227-488667,43,27,13,0,19
chr19:523974-524799,0,0,7,15,18
chr19:525401-526799,10,63,19,0,17
chr19:552602-553999,439,216,37,161,151
chr19:555976-556322,2,28,0,30,0
chr19:675340-675838,0,3,0,49,19
chr19:770186-771855,0,28,8,24,45
chr19:789337-789721,59,118,9,0,0
chr19:865401-865600,129,62,26,61,50
chr19:925080-925217,11,12,0,39,19
chr19:1660002-1661800,0,6,38,19,0
chr19:1871001-1871759,22,17,10,39,9
chr19:1931602-1934599,1323,1273,968,676,707
chr19:1935001-1936800,420,383,329,422,193
chr19:2060016-2060168,23,21,70,27,15
chr19:2064975-2065182,0,43,19,37,20
chr19:2067601-2067800,104,37,40,22,106
chr19:2068001-2068200,53,62,70,12,156
chr19:2468402-2470200,8,6,0,7,0
chr19:2966202-2967799,2,9,38,21,0
chr19:3065770-3065974,12,0,9,22,25
chr19:3165818-3165996,9,50,48,6,91
chr19:3210313-3211437,0,19,45,18,32
chr19:3974894-3975400,22,16,34,0,0
chr19:4068275-4068677,261,279,136,207,231
chr19:4082924-4083247,0,18,10,35,6
chr19:4089076-4089292,124,150,41,39,55
chr19:4242002-4243047,449,243,450,639,875
chr19:4567136-4567353,0,26,17,10,0
chr19:4568913-4569288,0,0,19,58,92
chr19:4570401-4571000,11,18,17,112,29
chr19:4575276-4575896,0,9,49,10,0
chr19:4578801-4579800,0,35,25,58,9
chr19:4609001-4613200,18,35,90,22,36
chr19:4634445-4634973,25,64,63,0,0
chr19:4672802-4673200,21,15,28,20,33
chr19:4729001-4729200,52,6,9,0,67
chr19:4742048-4746199,12,20,21,22,15
chr19:4870282-4870481,10,18,13,32,47
chr19:4880201-4881400,488,169,379,321,317
chr19:4886801-4887200,0,44,9,110,36
chr19:4889400-4889801,740,375,505,552,497
chr19:5580001-5580800,22,13,50,20,18
chr19:6521201-6523399,42,24,0,8,10
chr19:6579827-6579995,24,0,32,8,0
chr19:6656401-6656600,34,90,69,154,135
chr19:6660377-6660659,0,29,16,53,33
chr19:6947202-6948799,253,77,16,41,153
chr19:7103802-7106600,87,177,39,76,27
chr19:7568201-7569000,0,8,10,13,0
chr19:7584401-7586400,101,41,27,27,0
chr19:7660401-7663000,11,0,19,21,0
chr19:7783201-7785000,0,24,52,0,56
chr19:7792001-7793000,44,13,0,12,18
chr19:7806848-7808800,0,33,0,10,29
chr19:7951001-7954799,22,69,0,160,0
chr19:8203202-8205650,69,47,31,19,2
chr19:8350201-8350400,9,12,0,34,0
chr19:8410602-8412199,21,99,38,26,47
chr19:8503627-8503782,11,15,0,18,32
chr19:8515394-8515634,0,21,0,20,22
chr19:8680201-8682800,46,170,0,38,74
chr19:9166201-9167799,11,0,4,10,0
chr19:9596800-9598200,62,47,0,19,54
chr19:9708602-9709999,228,0,19,28,308
chr19:9745321-9745598,22,18,8,7,9
chr19:10124602-10128599,442,228,167,103,339
chr19:10236089-10236445,35,0,30,0,47
chr19:10482801-10484000,44,55,19,21,0
chr19:10646001-10650399,13,10,39,17,27
chr19:10714201-10714400,38,43,11,6,19
chr19:10946802-10948800,32,14,22,21,7
chr19:10952401-10954999,42,50,56,0,71
chr19:11080601-11082600,23,41,111,0,37
chr19:11284602-11289400,21,17,12,0,0
chr19:11290296-11290647,62,0,35,0,14
chr19:11293552-11294180,22,20,33,0,37
chr19:12368801-12369600,0,18,20,11,18
chr19:12726601-12727200,0,16,19,31,0
chr19:12760403-12761035,2,15,16,0,36
chr19:13167568-13168177,52,104,48,110,86
chr19:13177201-13184000,61,8,8,55,16
chr19:13185601-13188800,23,19,8,21,7
chr19:13189002-13190400,0,11,7,7,0
chr19:13844303-13844775,2,16,0,10,9
chr19:14014401-14016060,32,0,38,20,24
chr19:14017002-14020000,58,73,11,73,183
chr19:14021401-14027400,53,29,45,32,59
chr19:14297801-14298200,33,18,0,13,31
chr19:14298401-14298600,6,7,0,10,3
chr19:14420802-14426599,95,49,51,7,0
chr19:14476756-14477068,1,34,0,0,2
chr19:14578401-14581400,296,36,38,20,97
chr19:14614136-14614437,87,87,36,46,0
chr19:15207401-15214600,10,8,9,0,0
chr19:15337001-15337401,64,147,67,51,92
chr19:15337601-15337800,19,14,0,23,0
chr19:15467085-15467283,49,10,65,30,28
chr19:16351209-16351507,0,9,18,9,0
chr19:16714601-16716399,16,19,9,0,6
chr19:17399400-17400200,98,81,102,15,26
chr19:17737402-17740600,124,93,130,182,75
chr19:17743001-17745000,32,14,81,27,0
chr19:17790149-17793200,27,0,38,20,0
chr19:18017290-18017711,0,9,0,20,25
chr19:18021182-18021761,0,4,18,10,0
chr19:18043716-18043994,0,0,6,20,13
chr19:18053418-18054400,129,68,67,57,105
chr19:18185401-18185801,20,9,0,20,15
chr19:18188001-18188600,10,13,1,30,15
chr19:18287992-18288167,14,30,13,10,28
chr19:18290199-18290705,21,66,5,18,15
chr19:18291538-18292754,151,263,41,57,189
chr19:18293289-18293729,11,2,10,11,5
chr19:18296001-18297759,44,89,17,33,76
chr19:18304221-18305306,528,404,388,418,154
chr19:18527401-18527800,7,8,0,0,9
chr19:18948201-18949400,23,154,125,40,73
chr19:18951202-18953460,300,503,195,217,67
chr19:19377850-19378127,22,18,0,12,0
chr19:21286725-21286807,85,160,84,63,108
chr19:21595996-21596365,11,0,11,14,2
chr19:21599601-21601400,78,67,189,80,8
chr19:21611601-21613200,21,0,10,19,0
chr19:29203601-29204600,44,36,55,44,37
chr19:29620402-29625999,0,20,21,15,0
chr19:29685001-29686800,0,72,100,110,76
chr19:29687001-29689799,46,119,0,216,97
chr19:29690601-29691409,0,21,9,17,10
chr19:29693202-29695700,112,82,73,61,59
chr19:30017201-30017600,20,0,57,14,15
chr19:30036001-30036401,194,121,111,100,90
chr19:30042201-30042400,0,0,10,45,9
chr19:30046402-30047800,69,15,94,123,8
chr19:31794707-31794931,18,31,118,57,102
chr19:33238602-33243400,50,70,18,0,17
chr19:34231001-34234600,0,26,77,88,0
chr19:34235802-34237000,23,36,9,40,19
chr19:34237400-34238000,22,9,19,0,9
chr19:34472001-34472600,114,111,25,53,8
chr19:34920001-34920985,92,185,77,169,56
chr19:35211842-35212508,27,16,34,39,0
chr19:35374201-35376400,46,0,19,0,126
chr19:35389238-35390009,10,80,5,0,6
chr19:35393201-35393800,0,0,9,5,17
chr19:35395001-35397199,0,45,19,0,16
chr19:35420002-35421799,37,50,38,36,40
chr19:35427001-35427687,11,229,116,48,122
chr19:35427801-35428000,1,26,0,0,17
chr19:35430970-35431510,0,35,0,27,2
chr19:35638929-35639799,0,37,0,10,14
chr19:35883601-35885000,83,66,19,131,66
chr19:35885201-35885400,181,59,20,22,57
chr19:35909230-35909740,9,18,25,10,94
chr19:35922401-35924400,23,0,20,46,17
chr19:35998994-36000199,117,361,285,350,188
chr19:36155401-36156800,60,51,76,81,157
chr19:36157487-36157669,0,0,13,20,37
chr19:36492201-36493000,270,288,322,243,293
chr19:37866001-37867599,21,93,18,0,57
chr19:38639601-38641200,98,188,59,99,105
chr19:38644201-38645399,0,58,19,21,8
chr19:38799002-38800219,10,54,18,11,0
chr19:38856202-38860600,177,166,117,65,98
chr19:39303201-39304800,0,27,38,63,37
chr19:39323538-39323627,23,9,45,11,34
chr19:39324801-39325400,64,15,61,21,79
chr19:39401262-39402205,29,32,87,125,16
chr19:39430668-39431306,0,0,19,18,11
chr19:39816201-39816800,188,193,157,211,160
chr19:39818401-39818600,11,34,23,7,28
chr19:39818801-39819000,27,9,15,50,16
chr19:39963601-39964600,44,20,12,20,0
chr19:40189981-40190252,32,39,9,25,98
chr19:40228001-40228600,17,49,162,54,28
chr19:40304200-40304801,0,146,39,143,0
chr19:40305001-40305200,46,36,49,0,10
chr19:40305270-40305815,60,111,100,72,19
chr19:40307601-40308800,156,157,108,145,85
chr19:40314001-40315600,562,991,724,480,465
chr19:40439202-40440000,0,9,0,20,18
chr19:40445800-40446101,34,26,0,4,0
chr19:40630601-40630800,136,137,20,75,37
chr19:40631201-40631600,199,172,101,154,363
chr19:41537602-41538599,113,190,96,36,130
chr19:41589402-41592799,1286,1199,0,876,674
chr19:41593802-41596399,112,18,0,137,55
chr19:41597201-41598400,75,26,7,65,74
chr19:41610601-41613599,296,189,228,757,1355
chr19:41615201-41617999,4163,3404,8621,22564,27656
chr19:41814201-41816000,153,747,212,158,134
chr19:41816801-41817400,52,129,36,28,100
chr19:41818601-41820000,10,342,92,39,75
chr19:41820201-41820400,29,22,0,30,9
chr19:41820801-41821624,136,505,22,87,81
chr19:41935949-41936238,1,2,0,0,1
chr19:41940125-41940560,5,37,0,1,28
chr19:41940575-41940951,61,41,0,0,18
chr19:41942202-41947799,150,95,56,144,139
chr19:43620486-43620770,45,162,115,46,84
chr19:43675354-43675701,7,9,0,51,27
chr19:43678001-43680000,83,14,0,0,74
chr19:43720801-43721400,0,2,12,0,34
chr19:43763525-43763844,21,5,0,43,11
chr19:43765040-43765801,27,46,0,20,0
chr19:43782839-43783147,31,21,127,193,55
chr19:44316968-44317298,197,63,90,11,27
chr19:44320484-44320874,0,36,39,20,9
chr19:44321393-44321795,0,17,37,0,62
chr19:44745242-44746208,169,700,132,131,227
chr19:44939201-44940600,46,0,28,0,34
chr19:45706001-45706801,63,30,53,127,13
chr19:45707200-45707601,93,28,29,144,70
chr19:46080001-46080200,0,6,5,24,0
chr19:46404071-46404392,0,11,9,0,14
chr19:46408109-46408448,0,4,19,0,13
chr19:46614349-46614399,27,44,5,0,18
chr19:46717694-46717848,7,75,31,2,36
chr19:46718240-46718560,155,281,104,79,102
chr19:46805202-46808800,21,13,0,0,8
chr19:46831001-46831200,14,0,0,5,18
chr19:47012601-47013600,11,0,15,40,11
chr19:47277202-47278710,106,225,53,94,154
chr19:47279352-47280644,189,96,111,265,192
chr19:47284001-47284800,28,0,88,20,34
chr19:47286801-47287200,29,22,0,10,0
chr19:47323591-47323898,314,396,60,347,1592
chr19:47323989-47324101,15,4,0,17,55
chr19:47324466-47324854,43,37,0,62,244
chr19:47383285-47383718,105,33,190,273,47
chr19:47389218-47389718,45,80,48,121,123
chr19:47390034-47390153,0,12,19,65,29
chr19:47575802-47579999,0,10,0,5,5
chr19:47773602-47774599,0,44,0,35,18
chr19:48259766-48260122,0,0,32,10,9
chr19:48377401-48379662,219,396,149,436,265
chr19:48393125-48393776,209,287,218,310,182
chr19:48684201-48684800,21,46,19,29,38
chr19:48685201-48686001,67,27,65,13,17
chr19:48694464-48695000,57,37,49,37,35
chr19:48708401-48708800,92,86,53,10,53
chr19:48927044-48927659,42,110,34,98,72
chr19:48962298-48963010,4,23,0,60,0
chr19:49073455-49075400,0,37,0,10,19
chr19:49109802-49111399,45,145,22,128,0
chr19:49329602-49330400,682,415,480,242,361
chr19:49629601-49630000,56,41,51,46,0
chr19:49630601-49632599,574,494,208,353,347
chr19:49633241-49633800,71,128,77,32,19
chr19:49724400-49724800,41,103,28,54,45
chr19:49727001-49728805,378,369,208,164,225
chr19:51086401-51086800,63,20,63,152,48
chr19:51090601-51090800,23,11,1,34,0
chr19:51092200-51092600,34,0,13,41,4
chr19:51093741-51095400,106,46,312,121,132
chr19:51123597-51123956,60,5,49,68,192
chr19:51124049-51124095,20,6,1,36,84
chr19:51219001-51220000,338,76,441,275,573
chr19:51406315-51406447,0,12,20,29,22
chr19:51447802-51449400,21,0,38,156,79
chr19:51607001-51608419,1119,1007,640,614,154
chr19:51654002-51659200,0,0,19,21,38
chr19:51736049-51736497,0,0,16,67,97
chr19:51740439-51740621,18,13,0,0,54
chr19:51742852-51743189,203,446,640,699,2653
chr19:52233001-52233800,0,0,19,20,19
chr19:52421002-52421600,69,175,159,166,127
chr19:52518002-52521199,23,89,20,21,15
chr19:52698000-52698401,98,62,0,20,82
chr19:53785078-53786200,89,93,111,79,277
chr19:53791001-53791400,71,46,88,164,264
chr19:54089401-54090000,8,9,18,0,28
chr19:54196001-54198200,49,107,41,95,68
chr19:54271186-54271409,30,55,46,21,76
chr19:54342401-54349600,387,289,247,195,494
chr19:54372450-54372820,22,2,0,17,1
chr19:54373568-54374541,122,9,0,48,63
chr19:54375199-54375557,64,34,0,26,62
chr19:54918801-54919200,44,74,19,24,116
chr19:54919435-54920110,149,157,138,35,159
chr19:55519801-55520607,95,340,70,75,222
chr19:56085001-56085200,31,46,88,30,31
chr19:56085400-56085601,11,36,62,86,33
chr19:56085800-56086200,0,44,89,80,73
chr19:56161802-56163600,53,35,0,0,29
chr19:57301202-57303400,4814,4334,6761,5352,5420
chr19:57338195-57339264,233,261,427,201,283
chr19:57667201-57667800,0,13,19,0,56
chr19:57764801-57765800,41,51,57,51,76
chr19:58383801-58384000,13,25,20,5,25
chr19:58427550-58427666,0,61,17,18,37
chr18:272401-273000,79,46,93,49,18
chr18:274601-276200,160,138,168,130,75
chr18:715001-716001,22,7,19,0,0
chr18:2514202-2518200,131,150,203,217,119
chr18:2534801-2535400,61,49,19,13,0
chr18:2535601-2536000,25,27,0,6,88
chr18:2636728-2637475,14,0,0,4,9
chr18:3033602-3039799,18,45,55,8,30
chr18:3462002-3464199,0,0,19,20,8
chr18:5318475-5318780,33,9,0,10,0
chr18:7366542-7372600,9,88,0,0,60
chr18:8672602-8674227,104,0,0,35,38
chr18:9008230-9009293,60,91,8,52,0
chr18:9017105-9017603,23,9,0,41,0
chr18:9022001-9023800,13,8,6,22,0
chr18:9101795-9102112,13,0,0,10,2
chr18:9420000-9420401,45,44,19,0,9
chr18:9420601-9420800,11,21,0,0,40
chr18:9898001-9901799,0,0,77,77,18
chr18:9965602-9966800,44,0,28,40,56
chr18:10070202-10071200,32,36,19,40,9
chr18:10283001-10292800,0,548,37,39,342
chr18:10562401-10562600,10,2,12,17,9
chr18:10565601-10566600,0,35,19,0,18
chr18:10579202-10581200,23,0,76,59,0
chr18:11934602-11938599,47,34,0,43,19
chr18:11947273-11947715,12,32,0,14,0
chr18:12041201-12042400,23,36,0,0,14
chr18:13137961-13138445,98,129,77,61,73
chr18:13653800-13654800,79,21,15,20,66
chr18:13658001-13659800,56,17,25,2,0
chr18:13660202-13662399,46,0,8,20,0
chr18:13808202-13812199,0,0,35,16,19
chr18:22079401-22080400,0,36,22,81,76
chr18:22084001-22085400,23,18,0,62,17
chr18:22113201-22114200,0,136,10,29,0
chr18:22115601-22116200,0,18,17,12,0
chr18:22161602-22163199,31,241,101,247,165
chr18:22344976-22345360,13,0,31,53,83
chr18:22346530-22346660,0,8,8,71,40
chr18:22455401-22457000,0,107,34,0,37
chr18:22465601-22473200,0,9,19,30,0
chr18:22608698-22610399,22,80,19,80,16
chr18:22613202-22613600,22,0,3,10,0
chr18:23128801-23132399,21,8,0,9,0
chr18:23443601-23444000,11,9,0,0,9
chr18:23490801-23491200,0,13,0,32,18
chr18:24484402-24487399,22,18,26,20,0
chr18:25040401-25041000,6,27,0,0,49
chr18:25956776-25958200,0,19,19,7,0
chr18:31701001-31703999,22,149,76,20,123
chr18:31744401-31745400,0,18,19,20,0
chr18:31825600-31827117,218,297,140,88,337
chr18:31827201-31827400,117,120,9,67,153
chr18:32775801-32776000,21,9,38,89,0
chr18:34488001-34490200,9,29,39,20,54
chr18:34490401-34491200,0,78,19,67,107
chr18:34491801-34492000,10,0,0,15,31
chr18:35153001-35156000,17,0,19,20,0
chr18:35430002-35433009,22,10,19,0,0
chr18:35435601-35437399,72,105,61,34,110
chr18:35438202-35439260,7,72,4,0,18
chr18:35500001-35503200,23,0,20,56,0
chr18:35512601-35517599,22,0,0,20,18
chr18:35713001-35714600,134,296,262,267,163
chr18:35983401-35983801,71,105,94,166,123
chr18:37238601-37239000,16,17,93,45,0
chr18:37241801-37242200,16,87,134,37,45
chr18:44672800-44673400,0,27,61,33,0
chr18:45759402-45762000,3,18,19,28,9
chr18:45782602-45785600,0,18,57,0,18
chr18:45818401-45822199,22,69,57,82,132
chr18:45845601-45845800,21,0,19,0,18
chr18:45974046-45974474,11,34,31,19,21
chr18:46148602-46151000,21,17,0,0,32
chr18:46277001-46277200,0,16,4,29,0
chr18:46277802-46279599,0,0,114,19,51
chr18:46281001-46281822,0,9,9,15,13
chr18:46283001-46284600,23,11,65,73,75
chr18:46290801-46291800,97,114,75,300,202
chr18:46320401-46320600,0,9,0,20,11
chr18:46320755-46323399,0,35,13,114,0
chr18:46465802-46467199,46,100,58,0,19
chr18:46467401-46470400,58,18,76,40,97
chr18:47788201-47791200,13,29,19,44,41
chr18:47793601-47793800,0,4,9,10,7
chr18:47936001-47938599,182,161,19,67,87
chr18:47999002-48001600,0,60,0,10,19
chr18:48002402-48005093,24,98,17,0,77
chr18:48017201-48024599,22,0,9,20,18
chr18:48413201-48415000,126,243,54,19,130
chr18:48416602-48420200,129,324,114,58,139
chr18:48968001-48969799,0,17,16,22,0
chr18:49767402-49768469,22,0,33,20,0
chr18:50404201-50408400,0,35,21,57,10
chr18:50842201-50844600,10,40,48,13,29
chr18:50860002-50864399,13,0,16,0,5
chr18:51136911-51138199,23,23,0,41,19
chr18:51164201-51165800,23,0,34,0,37
chr18:51166802-51170098,44,32,20,62,0
chr18:54116401-54117800,0,23,19,1,8
chr18:54133601-54134800,43,0,19,0,14
chr18:54609801-54610200,22,15,23,10,40
chr18:55078400-55080400,23,0,17,24,19
chr18:56196002-56203399,66,27,28,0,101
chr18:56233002-56237999,44,0,19,0,124
chr18:56457002-56461600,20,0,0,31,28
chr18:56470801-56471200,11,7,0,0,21
chr18:56574202-56577200,13,0,72,20,179
chr18:56579201-56581000,0,17,27,0,164
chr18:57048401-57048800,9,24,28,29,12
chr18:57590868-57591226,15,77,47,92,9
chr18:57594001-57595600,86,50,67,54,37
chr18:57597401-57598200,53,39,28,0,39
chr18:57599800-57600029,39,0,19,9,0
chr18:57627001-57628600,0,19,18,17,0
chr18:57815602-57817000,56,0,19,41,0
chr18:57818602-57821999,152,252,203,106,250
chr18:57856001-57857985,38,19,20,0,17
chr18:57915202-57917200,11,48,25,40,9
chr18:58658150-58658542,4,6,16,4,0
chr18:58661401-58662400,746,1452,676,316,464
chr18:58663201-58663400,0,20,82,40,2
chr18:58663801-58664400,82,208,114,39,53
chr18:58664801-58665200,82,90,169,28,11
chr18:58781401-58782467,27,11,18,0,0
chr18:58788002-58790799,330,800,195,95,76
chr18:58838201-58839400,41,36,0,21,0
chr18:59885700-59886046,12,0,16,35,0
chr18:59895401-59895600,0,18,12,12,0
chr18:59897713-59897858,22,7,35,0,0
chr18:59899147-59899384,21,24,27,3,9
chr18:59950002-59955399,0,0,103,80,13
chr18:60043602-60045399,0,0,63,34,35
chr18:61569002-61570399,23,37,0,0,38
chr18:62479001-62480400,111,18,0,0,19
chr18:62484802-62487199,21,0,18,0,17
chr18:62509601-62511599,56,56,122,21,87
chr18:62518601-62518800,8,36,13,0,9
chr18:62519801-62520000,36,17,9,0,23
chr18:62521986-62522281,72,48,32,22,9
chr18:62624601-62625401,41,18,1,0,9
chr18:63062201-63063746,11,0,19,0,9
chr18:63118201-63118800,11,18,0,33,0
chr18:63119155-63120069,0,35,0,21,19
chr18:67489801-67490200,10,18,19,0,18
chr18:67494001-67495400,23,0,69,9,19
chr18:67500601-67500800,0,9,0,21,60
chr18:67504201-67505600,20,73,32,53,38
chr18:69204601-69206400,21,10,0,0,17
chr18:69209001-69209200,26,9,0,4,0
chr18:70355801-70359800,0,34,40,16,0
chr18:74525801-74526200,11,0,0,18,13
chr18:75068732-75069419,33,39,46,110,18
chr18:76274401-76274600,0,11,18,11,0
chr18:76313801-76315000,8,73,6,97,19
chr18:76315801-76316200,19,13,21,20,0
chr18:76316801-76317599,10,0,26,61,0
chr18:76352050-76352296,0,0,18,20,9
chr18:77139202-77142000,41,57,0,19,122
chr18:78632601-78635200,58,0,9,21,0
chr18:78638601-78639999,98,76,35,66,0
chr18:78640401-78644399,95,9,0,152,29
chr18:79380803-79381361,22,83,90,82,32
chr18:79385800-79386600,82,33,104,105,90
chr18:79388002-79388999,88,92,252,204,52
chr18:79601001-79601800,29,18,38,7,18
chr18:79822801-79824400,19,0,2,0,95
chr18:79826114-79826172,8,0,2,1,3
chr18:79955299-79955635,12,76,46,21,69
chr18:79957401-79958400,16,25,0,12,0
chr22:16542272-16545399,4,7,19,0,3
chr22:17062602-17065200,657,575,727,730,506
chr22:17065801-17066000,6,9,9,38,0
chr22:17074601-17078400,301,152,260,433,137
chr22:17731601-17732200,329,347,450,373,424
chr22:17732401-17732600,184,121,133,224,187
chr22:17781331-17781533,11,18,53,17,9
chr22:17781669-17782081,11,51,19,31,41
chr22:18055001-18059799,0,5,48,26,35
chr22:18060801-18064399,21,17,59,14,49
chr22:18064602-18069600,0,18,95,54,18
chr22:18767001-18772199,7,0,19,0,25
chr22:19736602-19739400,46,37,0,49,17
chr22:19858801-19859000,5,26,24,19,18
chr22:19865201-19866000,45,18,83,99,37
chr22:20220401-20220800,22,8,18,41,34
chr22:20221401-20223200,29,87,34,44,38
chr22:20225801-20227200,0,47,0,32,17
chr22:20228601-20228800,44,0,27,17,38
chr22:20229201-20231399,519,484,229,731,875
chr22:20239097-20239603,0,4,9,26,28
chr22:20903002-20906399,20,0,0,18,16
chr22:21362419-21365000,170,69,114,161,77
chr22:21645972-21647296,112,54,3,41,0
chr22:21748401-21749000,45,5,44,13,0
chr22:21752939-21757956,2230,1680,1091,1260,3709
chr22:21875002-21878000,44,102,38,40,59
chr22:21916402-21918227,202,275,174,138,239
chr22:22935503-22936002,0,5,15,0,1
chr22:23033202-23039199,0,14,38,40,0
chr22:23168401-23168801,34,33,19,51,71
chr22:23173783-23175288,42,36,0,55,33
chr22:23596001-23597000,22,23,69,19,26
chr22:23597525-23598000,0,9,62,10,18
chr22:23601201-23601800,20,9,76,63,48
chr22:23755401-23757600,62,37,19,62,16
chr22:23910600-23910801,338,0,134,128,255
chr22:23913783-23914224,182,0,109,122,215
chr22:23919571-23920600,335,0,106,51,189
chr22:23921465-23922024,105,0,28,78,37
chr22:24195601-24199600,35,24,0,21,19
chr22:24213601-24214000,23,36,0,0,21
chr22:24533401-24533600,0,0,14,35,3
chr22:24665601-24666000,11,57,0,1,0
chr22:24706002-24708000,394,211,180,135,439
chr22:25245001-25245800,85,0,82,20,0
chr22:25347001-25349000,793,1215,646,1314,849
chr22:25525601-25526000,41,0,9,20,19
chr22:25526201-25527999,131,109,182,205,98
chr22:25557001-25557629,0,8,19,0,25
chr22:26518201-26518400,11,32,70,44,67
chr22:26632242-26633999,44,104,38,2,0
chr22:26781601-26782160,51,14,29,45,0
chr22:26783601-26786304,238,237,192,308,212
chr22:26796200-26796400,85,64,134,125,72
chr22:26798601-26798800,272,139,235,171,232
chr22:26799001-26799200,246,124,206,128,184
chr22:26800401-26801400,74,24,82,44,18
chr22:26805001-26805600,65,0,2,31,0
chr22:26808601-26808800,11,20,0,16,2
chr22:26810402-26811599,121,90,127,156,11
chr22:26811801-26812000,11,17,55,39,0
chr22:26836200-26837000,118,70,30,117,148
chr22:26838001-26839200,43,71,61,86,37
chr22:26844802-26846000,0,0,38,61,16
chr22:26846579-26847400,0,14,9,23,0
chr22:26847801-26848801,17,0,57,51,17
chr22:26852002-26852600,262,100,66,283,160
chr22:26985201-26987600,122,40,27,159,20
chr22:27808602-27811599,31,36,179,16,97
chr22:27828001-27828400,0,37,28,5,0
chr22:27831401-27833000,2,37,0,21,15
chr22:27842201-27843999,21,0,18,0,17
chr22:28769094-28769356,45,18,9,0,0
chr22:28790202-28793507,69,36,248,314,119
chr22:28855600-28856200,0,25,34,20,16
chr22:28864401-28865800,29,32,19,15,0
chr22:28868001-28868880,61,16,12,0,16
chr22:28873401-28873600,0,9,0,11,8
chr22:29184401-29185200,142,289,190,303,418
chr22:29199767-29199953,7,39,12,14,43
chr22:29202892-29203180,0,43,20,35,38
chr22:29503602-29504800,303,601,631,254,619
chr22:29587602-29588999,0,37,0,20,94
chr22:29778002-29783000,134,164,114,74,255
chr22:29784201-29785400,19,74,47,27,23
chr22:29786201-29786400,18,27,0,10,38
chr22:29787123-29788054,25,2,48,60,77
chr22:29854201-29858000,45,0,9,0,18
chr22:30270809-30271336,19,18,2,54,27
chr22:30273020-30273768,32,125,99,65,68
chr22:30273817-30274034,0,63,29,35,3
chr22:30279507-30279807,10,37,19,32,0
chr22:30634412-30634749,0,2,9,37,11
chr22:30678202-30679999,21,13,18,19,17
chr22:30989201-30990999,0,17,41,31,38
chr22:31210581-31211001,12,0,8,0,6
chr22:31350401-31351000,647,686,286,523,660
chr22:32280201-32282000,102,0,38,41,17
chr22:32311791-32312024,0,18,9,0,9
chr22:33066601-33067200,11,18,0,0,11
chr22:35430689-35431800,44,0,91,13,12
chr22:35441891-35442011,1,8,1,25,0
chr22:35443401-35444201,20,50,58,68,18
chr22:35445802-35449000,464,463,622,504,135
chr22:35451001-35451200,121,81,137,97,29
chr22:35451600-35452401,390,358,272,385,169
chr22:35453001-35453400,51,67,49,80,0
chr22:35454001-35454200,83,66,83,110,50
chr22:35454401-35454600,181,98,127,158,49
chr22:35457801-35459600,96,107,38,61,0
chr22:35460201-35461799,121,37,28,30,75
chr22:35467001-35469200,306,128,75,256,96
chr22:35469601-35469800,41,95,26,85,14
chr22:35475001-35475600,79,12,19,14,59
chr22:35484001-35484200,12,7,0,0,9
chr22:36121001-36121600,684,288,549,391,951
chr22:36127069-36127437,83,26,49,57,69
chr22:36129601-36130200,96,88,330,174,128
chr22:36133401-36135200,153,54,176,122,150
chr22:36184001-36184801,21,4,0,18,56
chr22:36218401-36219400,44,31,58,95,28
chr22:36276401-36280200,415,328,381,376,393
chr22:36410034-36410532,19,53,22,80,19
chr22:36419317-36419508,11,1,0,10,58
chr22:36432697-36432813,0,7,0,10,3
chr22:36455984-36456172,11,0,9,0,9
chr22:36462141-36462393,64,85,165,81,57
chr22:36484221-36484962,51,37,9,32,37
chr22:37118801-37119201,61,189,16,19,54
chr22:37213502-37213803,22,0,15,23,31
chr22:37253002-37257199,12,0,10,0,20
chr22:37430802-37434941,24,35,0,0,20
chr22:37442213-37443800,23,9,0,62,0
chr22:37446201-37447200,59,0,0,10,6
chr22:37464001-37465200,2237,1975,1286,1062,1807
chr22:37467201-37467400,139,215,225,168,295
chr22:37467600-37467801,179,203,186,131,148
chr22:37667801-37668600,0,89,19,0,16
chr22:37779201-37779400,28,49,9,5,23
chr22:37779601-37779800,36,63,75,60,46
chr22:37781402-37785800,974,1274,1337,890,1609
chr22:37901001-37901999,11,0,12,40,0
chr22:38286801-38287600,82,74,69,16,35
chr22:38288001-38288200,11,0,14,1,25
chr22:38510001-38511200,23,36,9,0,28
chr22:38704912-38705182,18,63,9,0,15
chr22:38858601-38859000,14,0,37,41,59
chr22:39066073-39066530,158,121,301,200,23
chr22:39066950-39067369,46,99,309,185,18
chr22:39071802-39073704,649,393,1858,405,251
chr22:39073801-39074800,264,225,1154,161,123
chr22:39110202-39111799,23,19,12,52,73
chr22:39174077-39174468,0,28,19,20,0
chr22:39202802-39203599,102,0,107,0,18
chr22:39204402-39208634,44,36,145,22,95
chr22:39212822-39213198,15,9,47,0,18
chr22:39214249-39214840,1,7,0,20,16
chr22:39219201-39220400,0,18,19,0,19
chr22:39308702-39309209,0,0,27,20,9
chr22:39330202-39333800,0,0,9,4,13
chr22:39388253-39388479,25,13,0,0,4
chr22:39388741-39388924,1,29,6,0,6
chr22:39980001-39982400,118,146,161,136,38
chr22:39983801-39984001,28,13,32,15,0
chr22:39984200-39985000,44,110,59,53,0
chr22:39985201-39986400,23,81,48,21,37
chr22:39989402-39992199,58,30,42,49,0
chr22:40664602-40667200,46,3,0,21,0
chr22:40950251-40950540,0,31,5,20,9
chr22:41001311-41003727,43,0,12,19,48
chr22:41020833-41021110,0,0,5,20,7
chr22:41021537-41021903,11,9,13,10,1
chr22:41062002-41062599,19,37,15,10,0
chr22:41078401-41080000,23,19,10,0,0
chr22:41081001-41081799,0,18,5,20,0
chr22:41288309-41288538,11,0,4,0,21
chr22:41364401-41365600,172,2,25,14,0
chr22:41413484-41414893,301,683,335,308,308
chr22:41420401-41423000,198,136,257,409,198
chr22:41425602-41426400,362,313,243,177,285
chr22:41448331-41448949,68,282,204,116,110
chr22:41591801-41592000,0,40,10,31,16
chr22:41665001-41665400,41,27,29,31,18
chr22:41666735-41666949,111,152,105,71,119
chr22:41667535-41667778,0,66,74,19,34
chr22:41919894-41920124,72,61,94,34,8
chr22:41931984-41933199,101,438,109,170,139
chr22:41936202-41936540,9,18,8,10,16
chr22:42375112-42375239,69,181,47,66,238
chr22:42376090-42376259,158,277,208,145,435
chr22:42436186-42436348,13,7,0,0,1
chr22:42458001-42458600,8,42,19,30,0
chr22:42459002-42460799,13,19,0,0,8
chr22:42655698-42659400,11,36,0,15,4
chr22:42680671-42681076,54,71,10,0,16
chr22:42688461-42688745,23,0,22,19,17
chr22:42751201-42756600,0,6,41,0,40
chr22:42765201-42765599,17,0,0,28,5
chr22:42769799-42770287,0,0,11,20,63
chr22:42779945-42780800,3,18,0,0,9
chr22:42791163-42791247,23,2,0,7,14
chr22:43018508-43019000,0,23,19,17,0
chr22:43019239-43020000,2,4,0,42,41
chr22:43024201-43026199,0,41,17,27,0
chr22:43027401-43028999,0,27,16,21,15
chr22:43035002-43036999,23,19,48,0,0
chr22:43093601-43095800,0,18,0,20,2
chr22:43099601-43101800,0,18,5,32,8
chr22:43103202-43105000,0,19,6,17,17
chr22:44660602-44662023,0,18,21,40,0
chr22:45300401-45304000,0,17,9,19,17
chr22:45304901-45306000,55,0,0,8,23
chr22:45498002-45500999,0,36,19,0,37
chr22:45859201-45859400,20,25,0,10,0
chr22:45859593-45860196,22,49,29,0,18
chr22:45892601-45893399,78,52,33,71,10
chr22:46036862-46037211,11,9,45,6,0
chr22:46046188-46046469,0,0,8,20,28
chr22:46048270-46048709,15,37,0,44,50
chr22:46126201-46127199,4,0,19,36,28
chr22:46136401-46136600,50,88,77,33,108
chr22:46136801-46137200,67,317,152,55,129
chr22:46137401-46137600,86,257,63,70,119
chr22:46139001-46140800,514,387,535,286,287
chr22:46141401-46141865,0,55,28,61,0
chr22:46253401-46254999,67,15,24,41,43
chr22:46264601-46265000,11,31,80,35,109
chr22:46538880-46539130,0,48,108,23,0
chr22:46539163-46539534,0,33,108,30,0
chr22:47192202-47193000,22,8,18,62,28
chr22:47247001-47248000,11,8,16,46,1
chr22:49764601-49764800,11,64,19,10,18
chr22:49928201-49928600,11,129,23,52,73
chr22:49928679-49928908,3,9,17,26,12
chr22:49930126-49930176,0,6,5,13,34
chr22:49930962-49931284,0,9,30,72,14
chr22:49936012-49936665,0,18,19,0,18
chr22:49937077-49937456,0,9,8,25,19
chr22:49937883-49938328,11,100,48,55,122
chr22:50329600-50329800,8,14,5,0,0
chr22:50330001-50330200,24,18,16,0,0
chr22:50533152-50533522,315,290,259,259,297
chr22:50537968-50538111,77,100,65,22,28
chr22:50538163-50538577,153,159,124,93,153
chr22:50539526-50540000,140,80,30,87,122
chr22:50544158-50544534,52,79,31,24,9
chr22:50655001-50659400,19,0,55,17,27
chr22:50671289-50671959,23,13,55,4,36
chr20:399602-403799,0,86,58,22,20
chr20:688001-689599,59,0,146,15,211
chr20:698201-698400,30,19,18,5,54
chr20:699202-700799,71,19,142,60,143
chr20:701201-701400,0,7,50,0,29
chr20:701601-701800,44,20,35,39,39
chr20:715801-716600,0,18,23,19,53
chr20:719546-721000,0,26,55,41,187
chr20:732401-732600,11,0,19,14,9
chr20:1004601-1006226,21,0,57,19,16
chr20:1012802-1013600,22,18,0,10,33
chr20:1022201-1022800,17,30,19,0,38
chr20:1210402-1210999,5,0,19,16,0
chr20:1211802-1213600,21,78,57,97,123
chr20:1415020-1419399,144,37,189,190,87
chr20:1422601-1422800,0,4,13,0,11
chr20:1423402-1424799,0,0,110,41,19
chr20:1426202-1428399,0,13,117,20,38
chr20:1429458-1430799,88,132,372,196,261
chr20:1434953-1435337,0,33,13,0,37
chr20:1441201-1441600,0,21,0,16,13
chr20:1509219-1509720,22,4,0,0,4
chr20:1718323-1719999,0,18,57,15,18
chr20:1819376-1819511,0,0,2,9,12
chr20:1820060-1820250,0,4,9,0,3
chr20:1838201-1855199,50,331,497,461,849
chr20:1855402-1862600,86,324,283,410,287
chr20:1863401-1864400,44,126,68,51,129
chr20:1866801-1877368,680,1762,618,760,1543
chr20:1885401-1885600,0,64,9,28,50
chr20:1885801-1886200,0,55,38,21,0
chr20:2646801-2647213,0,38,23,49,57
chr20:2668195-2668390,40,10,0,0,5
chr20:2684801-2686200,46,30,65,20,38
chr20:2690764-2691044,0,37,38,17,9
chr20:2691317-2691380,0,6,5,3,14
chr20:2821406-2821773,1,9,38,0,0
chr20:2825801-2827000,57,111,173,32,47
chr20:2832210-2832264,0,2,9,1,1
chr20:3066202-3068599,82,52,64,143,38
chr20:3177601-3178400,70,243,104,81,112
chr20:3207993-3208193,11,1,13,8,4
chr20:3415801-3417000,16,5,0,0,11
chr20:3709946-3710331,147,0,143,45,88
chr20:3711008-3711117,32,0,38,14,22
chr20:3711436-3711797,83,10,150,104,89
chr20:3807461-3807805,151,121,278,249,39
chr20:3831201-3831400,2,25,2,2,54
chr20:3831601-3832200,290,244,108,158,247
chr20:3878001-3879599,397,379,276,395,588
chr20:3880001-3880200,46,21,22,1,21
chr20:3880801-3881800,152,121,86,160,62
chr20:4215617-4218999,45,61,60,36,114
chr20:4778401-4778800,398,556,999,905,2202
chr20:4829033-4829287,57,41,65,0,51
chr20:4829568-4829893,81,27,78,29,13
chr20:4835201-4837306,113,33,75,62,81
chr20:4837802-4841999,43,35,48,34,47
chr20:4844001-4849000,37,36,101,81,56
chr20:5023233-5025999,45,23,0,18,0
chr20:5029801-5032400,0,28,59,56,38
chr20:5038801-5040399,14,17,34,21,3
chr20:5042601-5042800,0,9,0,17,18
chr20:5043001-5043400,16,13,19,0,9
chr20:5051801-5052000,10,24,6,0,27
chr20:5056774-5057287,10,5,5,18,19
chr20:5062802-5063800,76,211,113,62,73
chr20:5202220-5203000,26,63,9,23,44
chr20:5205309-5206199,0,117,106,152,90
chr20:5211001-5211400,111,98,43,65,77
chr20:5219601-5221400,88,142,93,234,249
chr20:5222801-5223412,53,86,93,57,19
chr20:5226201-5226600,8,9,0,10,18
chr20:5531798-5532006,10,78,0,19,13
chr20:5538601-5541600,148,80,198,183,217
chr20:5881602-5882399,11,46,10,0,0
chr20:6783401-6785000,0,70,73,71,55
chr20:6785201-6785400,0,0,32,10,9
chr20:7967294-7967849,0,0,106,104,9
chr20:9495851-9502000,18,52,15,0,15
chr20:9502401-9504600,49,91,39,14,85
chr20:12237401-12238400,22,18,19,0,0
chr20:13199402-13201400,0,34,15,73,0
chr20:13206000-13206201,0,4,8,12,0
chr20:13322202-13323399,34,70,30,86,46
chr20:13325200-13325600,3,47,0,0,4
chr20:13331401-13332400,16,53,47,44,0
chr20:16132401-16132600,24,12,7,0,0
chr20:16574880-16575311,21,0,0,1,48
chr20:17610660-17610838,0,7,0,11,8
chr20:18775201-18775400,11,0,0,8,9
chr20:19725401-19727999,0,82,16,38,42
chr20:19734401-19738600,0,20,0,22,73
chr20:20012601-20013000,8,20,9,30,47
chr20:21558201-21558400,27,0,33,3,0
chr20:21559801-21560600,27,50,6,79,28
chr20:22989401-22989800,0,14,0,36,26
chr20:22999201-23000401,258,498,296,774,2093
chr20:23001801-23004799,112,91,167,232,393
chr20:23005601-23006800,0,0,57,60,140
chr20:23041401-23044399,211,54,83,138,333
chr20:23050207-23050378,0,0,11,25,39
chr20:23050710-23051546,13,18,123,70,140
chr20:23061773-23062011,0,9,20,35,15
chr20:23065001-23066200,538,258,85,221,780
chr20:23086989-23087532,2,0,13,49,45
chr20:23090201-23099000,131,128,89,215,241
chr20:23116279-23117078,27,18,0,20,112
chr20:23119547-23119999,0,11,0,10,9
chr20:23152357-23152740,0,18,76,37,32
chr20:23159420-23159789,26,9,0,10,11
chr20:23253602-23259799,46,83,0,58,0
chr20:23326201-23327200,0,57,25,16,37
chr20:23331401-23332600,0,23,21,60,0
chr20:23334001-23334800,0,16,25,33,18
chr20:23860602-23861599,0,18,19,0,37
chr20:24960736-24961340,946,678,447,616,713
chr20:24998001-25001200,0,19,20,43,0
chr20:25005114-25005659,81,47,68,75,0
chr20:25064402-25066599,0,45,11,59,0
chr20:25246590-25246818,0,20,17,0,9
chr20:25247270-25247452,27,0,26,0,9
chr20:25592202-25593000,0,37,15,20,0
chr20:31583801-31584200,44,24,12,0,12
chr20:31595749-31596417,17,15,19,0,37
chr20:31604047-31604543,0,102,8,20,9
chr20:31661444-31662061,1,15,1,17,17
chr20:31730202-31731999,8,0,0,9,4
chr20:31803601-31804400,44,13,0,11,13
chr20:31805601-31807600,17,24,22,46,17
chr20:31809801-31813400,21,87,36,136,22
chr20:32033843-32033949,2,72,95,23,5
chr20:32034639-32035122,82,259,452,253,117
chr20:32035513-32035816,0,84,286,78,83
chr20:32036907-32037026,60,91,153,141,266
chr20:32040288-32040883,90,111,162,123,72
chr20:32104801-32105400,34,27,0,0,20
chr20:32168202-32169000,51,29,45,99,65
chr20:32247564-32250399,46,17,18,0,0
chr20:32336601-32342000,105,65,274,58,128
chr20:32342202-32344000,21,15,36,58,53
chr20:32344601-32345600,0,43,49,100,12
chr20:32349001-32350400,0,103,80,83,180
chr20:32352002-32353000,59,183,153,252,57
chr20:32855600-32855800,175,152,144,197,326
chr20:33650802-33651999,44,51,48,0,28
chr20:33652201-33652400,13,46,16,0,4
chr20:33652601-33652800,34,9,28,0,0
chr20:33693202-33695200,44,82,38,86,0
chr20:33696422-33697600,58,25,19,20,72
chr20:34155601-34158000,0,35,18,35,38
chr20:34349190-34350804,12,3,0,28,0
chr20:35148170-35148422,45,31,46,0,30
chr20:35151729-35152600,27,18,13,20,18
chr20:35161201-35162599,69,25,16,15,19
chr20:35165002-35168199,177,77,4,30,51
chr20:35539845-35540255,11,18,5,34,8
chr20:35609216-35609429,22,35,45,107,12
chr20:35611001-35611601,0,60,106,315,78
chr20:35768207-35768449,0,11,13,0,28
chr20:36955257-36955499,18,0,5,36,38
chr20:36964001-36965200,0,16,90,13,37
chr20:36975099-36975414,95,35,19,25,18
chr20:36983601-36984200,36,0,42,0,28
chr20:37244802-37246599,0,15,18,17,11
chr20:37276665-37277293,0,9,9,5,5
chr20:37279001-37280800,59,17,38,61,85
chr20:37282538-37283199,21,37,15,40,18
chr20:37319209-37319494,0,9,0,25,18
chr20:37417018-37423400,19,46,72,104,15
chr20:37481201-37481400,0,40,11,7,0
chr20:37483601-37485000,0,0,17,19,15
chr20:37890601-37891600,0,32,19,0,14
chr20:37897801-37899800,0,116,0,57,14
chr20:37956601-37956800,11,0,7,20,0
chr20:37959000-37959201,7,9,14,0,0
chr20:37968601-37971200,0,41,119,148,19
chr20:37971601-37973796,36,32,53,110,49
chr20:38339000-38339600,22,0,22,51,18
chr20:38340001-38340800,38,0,0,19,21
chr20:40293802-40295599,10,17,59,41,17
chr20:40304001-40304600,11,16,19,14,0
chr20:40307201-40308400,23,0,25,30,19
chr20:40422202-40428599,19,15,8,0,55
chr20:40434802-40438400,21,0,59,19,35
chr20:40461801-40472200,186,151,158,84,194
chr20:40512202-40514999,20,37,39,41,87
chr20:40519201-40521200,0,21,33,0,14
chr20:40561402-40567000,16,13,21,22,104
chr20:40570002-40574400,92,112,195,17,54
chr20:40581401-40584999,53,65,64,53,103
chr20:40592762-40593600,1,31,0,0,33
chr20:40668400-40669800,18,18,12,0,41
chr20:40673002-40673999,140,112,172,135,225
chr20:40675402-40678600,67,19,162,60,255
chr20:40683134-40683768,330,350,354,301,517
chr20:40693202-40693600,88,172,88,27,115
chr20:40706970-40707799,0,0,18,20,21
chr20:43727910-43729800,277,253,52,274,82
chr20:43731486-43734200,223,66,27,47,20
chr20:44097401-44099000,31,64,59,78,9
chr20:44104939-44105999,0,0,9,20,18
chr20:44228401-44228601,91,62,9,0,2
chr20:44231201-44232400,91,43,18,37,47
chr20:44495334-44495558,18,71,47,30,161
chr20:45086202-45089399,1167,2417,1163,1003,2060
chr20:45090001-45090601,566,1079,476,421,1132
chr20:45152601-45155999,20,74,17,0,8
chr20:45184577-45184800,39,104,19,9,45
chr20:45185602-45188799,526,2402,288,265,315
chr20:45244801-45247200,0,122,70,19,0
chr20:45318399-45318797,0,0,18,10,11
chr20:45458402-45459999,313,73,195,75,113
chr20:45819601-45821600,0,2,22,2,0
chr20:45917202-45923199,35,51,15,24,74
chr20:46132201-46133399,44,191,160,40,53
chr20:46329402-46334999,0,20,21,38,48
chr20:47376984-47381399,251,134,56,17,10
chr20:47388021-47388649,22,18,0,20,0
chr20:47437202-47442149,22,5,25,13,18
chr20:47450498-47458199,23,18,9,10,19
chr20:48064601-48067189,0,211,29,21,113
chr20:48603201-48604001,1,0,3,10,0
chr20:48853402-48862800,14,0,23,12,11
chr20:48896801-48902600,78,7,7,0,0
chr20:48904201-48907000,108,23,0,19,52
chr20:48907401-48913199,43,21,51,0,108
chr20:49098401-49099400,56,34,77,51,97
chr20:49099802-49101800,89,19,81,35,87
chr20:49595812-49596520,5,9,0,20,0
chr20:49622602-49628199,8,47,21,22,0
chr20:49738602-49741800,23,19,20,4,35
chr20:49750471-49750862,0,21,15,7,0
chr20:49757801-49759799,0,0,20,59,27
chr20:49767128-49767412,13,5,0,0,7
chr20:49772274-49772811,8,16,8,0,15
chr20:49775135-49775783,0,7,28,26,9
chr20:49785874-49785991,0,54,34,0,4
chr20:49900201-49900400,1,47,31,36,52
chr20:49925202-49926800,0,7,10,0,17
chr20:49964801-49967399,120,192,128,130,113
chr20:49968201-49970799,221,237,59,148,188
chr20:49976501-49977799,23,18,23,0,27
chr20:50011801-50021800,14,24,0,0,24
chr20:50193955-50194271,30,33,18,18,38
chr20:50202201-50202800,11,0,0,16,9
chr20:50204201-50206800,0,18,82,162,207
chr20:50208201-50209199,0,18,107,67,59
chr20:50234201-50239800,0,0,35,22,34
chr20:50284816-50284987,108,940,814,582,3365
chr20:50285889-50286262,261,1868,1012,1046,4556
chr20:50286569-50287074,32,510,79,317,802
chr20:50289002-50289083,5,49,31,54,65
chr20:50323602-50324999,31,110,145,161,240
chr20:50327696-50328999,23,14,97,51,76
chr20:50335258-50335453,0,33,0,46,27
chr20:50338781-50339300,0,9,17,10,5
chr20:50347753-50348386,0,108,19,118,18
chr20:50349303-50349489,14,17,14,34,13
chr20:50350570-50350910,0,117,15,83,30
chr20:50371602-50376199,0,11,0,99,28
chr20:50450850-50451316,0,9,9,10,0
chr20:50451332-50451662,0,9,9,10,13
chr20:50482820-50483002,11,8,18,0,26
chr20:50967262-50968669,0,0,19,5,19
chr20:50979001-50984000,22,91,0,61,6
chr20:50991002-50993563,0,37,19,20,38
chr20:51334802-51336599,5,30,128,61,56
chr20:51338560-51340773,0,0,50,69,8
chr20:51344602-51347599,94,87,76,154,18
chr20:51349602-51352799,0,15,0,8,35
chr20:51353201-51356200,0,36,30,20,11
chr20:51364402-51368999,41,28,35,18,0
chr20:51372002-51375200,23,35,0,21,0
chr20:51375801-51376600,0,17,108,30,51
chr20:51379488-51380999,18,0,115,38,37
chr20:51917506-51919260,2,19,0,0,2
chr20:51958002-51961599,43,56,18,19,0
chr20:52013001-52013400,2,0,34,30,0
chr20:52030402-52033399,35,0,19,61,18
chr20:52047893-52048322,0,9,16,0,18
chr20:53513316-53514400,17,0,0,20,18
chr20:53530802-53533600,92,47,224,38,66
chr20:53547202-53548224,22,0,76,19,37
chr20:53859001-53861000,119,51,73,62,0
chr20:53863751-53864786,44,0,18,82,0
chr20:53889802-53895890,9,7,0,8,0
chr20:56409625-56409888,0,35,26,10,9
chr20:56985118-56985773,19,140,0,80,85
chr20:57628108-57628552,173,193,109,120,107
chr20:57722601-57724000,108,51,32,77,83
chr20:57725801-57726200,52,8,47,27,39
chr20:58452402-58453599,0,18,30,21,17
chr20:58458437-58458525,0,4,10,0,9
chr20:58622552-58630999,12,10,53,57,42
chr20:59358801-59359799,4,0,19,10,0
chr20:60037001-60038999,56,92,269,206,262
chr20:60046168-60046491,20,14,25,32,21
chr20:60054635-60055224,30,18,19,0,9
chr20:60803402-60806199,46,30,152,151,171
chr20:62207401-62207600,21,73,9,8,5
chr20:62212179-62212909,0,0,39,44,19
chr20:62297201-62298000,136,201,243,207,215
chr20:62299601-62300184,22,85,121,54,53
chr20:62300941-62301291,0,17,22,80,0
chr20:62380002-62383223,43,215,192,205,108
chr20:62529201-62538199,67,87,91,391,67
chr20:62587601-62591599,0,0,40,146,59
chr20:62595398-62595852,14,18,44,136,31
chr20:62639001-62639400,46,47,206,168,0
chr20:62689601-62689800,26,9,1,31,22
chr20:62765601-62767399,0,13,54,0,116
chr20:62767802-62769799,0,0,55,38,37
chr20:62782153-62783999,0,44,63,20,46
chr20:62785529-62788400,64,76,36,77,64
chr20:63007950-63008079,4,9,0,9,0
chr20:63163602-63164599,22,58,46,112,37
chr20:63186448-63187199,0,15,0,11,10
chr20:63507133-63507352,31,37,9,10,0
chr20:63508114-63508324,13,15,9,18,25
chr20:63511001-63511400,31,37,38,11,24
chr20:63519432-63519747,105,467,118,81,16
chr20:63525601-63526800,380,311,251,399,161
chr20:63527086-63527117,0,6,1,8,4
chr20:63538821-63538997,380,234,140,129,129
chr20:63635400-63635536,17,0,19,5,0
chr20:63840001-63841000,8,12,12,21,0
chr20:63850678-63850849,17,61,0,13,23
chr20:64044598-64044959,0,44,0,57,3
chr20:64045426-64045568,13,9,0,14,6
chr21:14366801-14367600,45,0,38,20,37
chr21:17501600-17502000,3,6,0,0,6
chr21:25560228-25560598,22,9,19,9,4
chr21:25608236-25608530,0,28,0,5,17
chr21:26846961-26847222,0,0,9,10,18
chr21:27326401-27326600,1,16,35,0,0
chr21:27345801-27347000,114,70,219,9,304
chr21:28752601-28757999,56,72,0,22,60
chr21:28770201-28772472,23,27,8,37,0
chr21:28805001-28807000,20,0,20,19,64
chr21:28819288-28819565,19,10,0,0,19
chr21:28821201-28824199,17,29,19,52,29
chr21:28830601-28838199,181,83,38,92,37
chr21:28922350-28923999,158,102,455,351,160
chr21:29002369-29002944,92,118,206,209,105
chr21:31102401-31105000,89,132,69,52,51
chr21:31106402-31110000,161,118,114,102,62
chr21:31110401-31111200,2,0,19,10,18
chr21:31604402-31605023,22,31,0,0,14
chr21:31629402-31630602,16,0,96,57,8
chr21:31732620-31733008,71,40,29,70,19
chr21:31733250-31733568,0,9,8,20,20
chr21:31744002-31745800,107,85,116,88,56
chr21:33188601-33190600,35,12,10,59,0
chr21:33192801-33193200,0,0,9,4,15
chr21:33196402-33208800,37,30,47,0,0
chr21:33311001-33318799,0,104,99,158,19
chr21:33364427-33364542,0,70,3,48,36
chr21:33374167-33374258,6,9,4,0,0
chr21:33374370-33374779,0,23,9,0,9
chr21:33993001-33994600,21,0,20,0,15
chr21:33998201-33999399,17,30,15,0,0
chr21:34004802-34005400,22,46,29,20,0
chr21:34008800-34009400,45,9,11,20,0
chr21:34015601-34016000,102,26,0,47,11
chr21:34017392-34017747,60,47,14,33,19
chr21:34018972-34019097,7,10,1,12,4
chr21:36022401-36024000,57,0,0,19,17
chr21:36128201-36128600,40,9,45,14,0
chr21:36298245-36298444,46,0,18,0,14
chr21:36309602-36311799,62,13,0,0,79
chr21:36421801-36424400,23,0,16,42,0
chr21:36639204-36641619,21,0,18,19,0
chr21:37039001-37039800,39,15,36,0,0
chr21:37530402-37532000,26,0,77,41,83
chr21:37537000-37537600,11,18,9,0,6
chr21:37550202-37554800,0,56,17,18,40
chr21:37580001-37581800,0,37,0,19,4
chr21:38311754-38312030,0,53,6,0,15
chr21:38355401-38358000,89,18,0,0,29
chr21:38772402-38774999,0,63,39,3,0
chr21:38777201-38778400,34,36,9,0,0
chr21:38970201-38972200,0,56,48,5,82
chr21:38979595-38979982,22,87,0,8,24
chr21:38983001-38983200,0,14,19,38,41
chr21:38984633-38984841,0,6,7,17,0
chr21:38985633-38986188,0,43,31,1,11
chr21:39065802-39068200,17,37,3,0,0
chr21:39079655-39079850,0,0,30,16,8
chr21:39094357-39094792,112,94,136,25,75
chr21:39095050-39095422,78,41,0,38,48
chr21:39095648-39095902,0,18,44,2,19
chr21:39103602-39108000,0,37,95,107,230
chr21:39124201-39126599,0,0,64,52,14
chr21:39158601-39161400,4,54,0,30,17
chr21:39167608-39167965,69,52,14,0,88
chr21:39361402-39366799,48,19,0,7,0
chr21:41149601-41150200,11,16,1,20,76
chr21:41151601-41153800,16,61,53,0,38
chr21:41159801-41160449,41,3,9,0,0
chr21:41411201-41412053,16,0,2,18,0
chr21:41460402-41461800,655,606,357,682,606
chr21:41462201-41462400,52,67,79,53,107
chr21:41462801-41463000,201,144,110,206,207
chr21:41639602-41644200,20,145,29,99,17
chr21:41663202-41667800,0,78,40,62,28
chr21:41794130-41794498,0,18,0,26,17
chr21:41795601-41796600,0,36,21,10,0
chr21:41964601-41965400,4,45,41,15,24
chr21:41965601-41970400,143,338,494,247,611
chr21:41970601-41971600,22,0,17,40,0
chr21:41973350-41975200,66,63,155,62,55
chr21:42306401-42307599,0,94,115,21,19
chr21:42309605-42310024,13,0,9,9,0
chr21:42452402-42457399,44,18,0,135,0
chr21:42590401-42594200,0,0,19,20,52
chr21:42776601-42776800,83,36,0,36,122
chr21:42794201-42795800,0,0,36,19,77
chr21:42796047-42797059,22,0,28,19,0
chr21:42799002-42801199,0,42,72,110,0
chr21:42801401-42801800,2,0,19,20,0
chr21:42811801-42812983,173,427,212,501,94
chr21:42818161-42818677,0,45,113,151,19
chr21:42839601-42839800,38,81,162,194,15
chr21:42915201-42915800,93,37,77,39,0
chr21:42927105-42928206,97,33,57,38,19
chr21:42928401-42928800,11,22,34,19,41
chr21:42929828-42930624,33,36,57,40,162
chr21:42935875-42936218,60,82,78,36,54
chr21:43036201-43040000,272,106,430,258,365
chr21:43189801-43190200,2,13,0,20,0
chr21:43191001-43191400,3,32,52,67,0
chr21:43192802-43197999,1096,430,1143,797,318
chr21:43277402-43279600,23,0,19,50,0
chr21:43310801-43315799,224,127,89,244,68
chr21:43332737-43333146,22,28,9,13,26
chr21:43333412-43333726,34,28,12,19,7
chr21:43333783-43334062,17,26,0,21,17
chr21:43335402-43336400,40,17,2,57,6
chr21:43340833-43341033,2,4,5,6,7
chr21:43341312-43341687,12,18,68,121,74
chr21:43345945-43346500,147,44,367,210,125
chr21:43349063-43349506,300,106,264,107,199
chr21:43352401-43356799,441,428,492,955,269
chr21:43394001-43394400,4,0,14,44,0
chr21:43403401-43404800,483,272,247,125,94
chr21:43429801-43431599,40,46,130,144,17
chr21:43697863-43699200,208,97,149,90,152
chr21:43706201-43707200,5,1,0,1,0
chr21:43764001-43765599,35,37,87,154,37
chr21:43823801-43825800,20,19,17,135,27
chr21:43829401-43830200,0,37,0,83,9
chr21:43858202-43862599,158,101,134,143,104
chr21:44005202-44007999,163,313,74,68,199
chr21:44009001-44009200,0,11,0,2,15
chr21:44009401-44009600,13,8,0,18,12
chr21:44344601-44345199,18,0,0,9,28
chr21:44445306-44445564,0,6,13,6,9
chr21:44830801-44833400,0,91,33,77,0
chr21:44835202-44837599,0,61,18,42,2
chr21:44846455-44846650,0,15,2,11,0
chr21:44875155-44875949,596,964,893,649,1306
chr21:44878710-44879042,22,7,2,0,0
chr21:44880897-44881180,85,28,0,24,20
chr21:45017960-45018167,59,40,20,159,101
chr21:45029201-45035400,0,15,39,42,54
chr21:45049492-45052425,0,157,41,19,32
chr21:45054201-45054800,11,0,10,27,76
chr21:45055602-45057599,14,53,38,21,94
chr21:45060200-45061400,0,0,28,88,19
chr21:45069022-45069323,0,1,10,10,12
chr21:45317544-45317785,27,70,4,0,29
chr21:45318917-45319096,8,0,13,14,19
chr21:45320796-45321064,0,0,31,25,4
chr21:45321440-45321872,11,24,26,18,18
chr21:45322781-45323239,0,0,19,30,3
chr21:45330026-45330356,37,158,88,58,64
chr21:45366938-45367351,0,14,9,19,0
chr21:45590554-45590796,2,2,4,4,0
chr21:45631602-45633000,165,18,284,186,31
chr21:45957602-45959600,23,0,2,21,19
chr21:46025002-46025999,0,54,19,0,1
chr21:46027801-46029600,21,0,38,31,8
chr21:46092333-46092756,111,202,30,0,67
chr21:46572601-46573000,281,108,86,41,141
chr21:46573201-46573400,132,21,33,23,77
chr21:46573601-46573981,125,35,0,42,76
chr21:46575201-46575600,34,0,17,40,5
chr21:46583713-46584096,136,147,40,91,119
chr21:46585180-46585800,59,45,60,48,85
chr21:46670802-46671399,11,29,12,0,22
chr7:336201-338200,44,2,38,40,0
chr7:340401-340800,35,18,26,0,0
chr7:341401-344000,81,0,16,70,38
chr7:348002-349616,147,196,254,440,126
chr7:467601-473399,52,233,36,23,50
chr7:529601-531000,0,68,67,20,0
chr7:531201-532400,0,32,38,21,17
chr7:793202-794599,46,18,26,70,43
chr7:797002-798400,46,129,62,132,118
chr7:977745-978091,0,8,0,46,9
chr7:980001-981000,0,54,53,21,18
chr7:995382-995573,0,21,16,27,29
chr7:1506455-1506731,2,4,14,4,3
chr7:1591201-1593600,0,5,18,29,11
chr7:1619502-1619878,0,11,34,20,9
chr7:1753001-1753800,0,0,19,45,18
chr7:1755601-1757249,32,16,0,156,0
chr7:2450001-2450800,741,278,632,337,358
chr7:2457801-2458400,70,137,133,135,61
chr7:2459400-2460000,271,419,359,239,189
chr7:2465602-2466400,80,32,78,79,54
chr7:2466601-2466800,11,12,18,44,0
chr7:2467001-2467200,0,3,28,27,9
chr7:2479801-2480000,18,61,10,56,13
chr7:2487002-2490800,22,69,19,46,28
chr7:2492802-2500999,171,269,281,467,194
chr7:2503002-2504799,67,67,77,322,38
chr7:2508922-2509321,0,27,12,14,0
chr7:2530220-2530611,44,63,0,16,62
chr7:2530703-2530861,28,0,48,22,15
chr7:2535385-2535827,49,90,87,10,109
chr7:2667801-2668601,15,1,10,46,11
chr7:2669601-2669800,3,0,10,0,20
chr7:2670601-2671800,0,70,18,39,71
chr7:2672401-2674199,18,17,0,22,17
chr7:3120201-3121399,0,36,0,6,11
chr7:3192402-3196000,145,438,68,156,94
chr7:3243139-3245399,0,134,71,0,93
chr7:4650201-4652399,75,29,47,35,76
chr7:4655400-4656400,11,54,0,20,61
chr7:4665201-4666656,0,17,18,19,18
chr7:4667402-4670000,11,15,19,45,22
chr7:5578601-5579199,34,18,0,9,0
chr7:5856362-5857400,191,78,227,36,88
chr7:5857602-5859399,328,205,310,153,233
chr7:5865401-5866400,347,114,298,16,209
chr7:6492801-6493000,15,11,19,42,39
chr7:6566202-6569999,22,27,14,10,9
chr7:7352201-7353799,0,19,0,21,35
chr7:7614401-7615200,22,12,97,60,0
chr7:7617601-7617800,0,0,30,10,9
chr7:8104801-8106800,0,43,20,2,9
chr7:8109401-8110200,16,0,9,30,18
chr7:8111001-8112400,23,18,8,76,0
chr7:11170295-11172146,44,18,197,70,23
chr7:12705802-12708199,0,0,57,19,38
chr7:15852602-15856599,0,0,10,21,9
chr7:16077402-16078799,23,0,19,9,66
chr7:16598001-16598800,45,28,0,0,31
chr7:16736801-16738200,23,18,0,20,0
chr7:16785802-16786200,0,0,9,20,16
chr7:17781600-17783000,16,69,0,0,27
chr7:20240202-20242599,0,8,18,19,0
chr7:20441401-20445000,0,0,36,19,13
chr7:20464402-20472399,0,48,20,0,19
chr7:22094800-22095600,22,46,13,16,8
chr7:22095801-22097200,56,63,0,0,57
chr7:22108401-22108600,225,440,181,363,350
chr7:22109653-22111399,1751,2458,1968,2942,2401
chr7:22113201-22113400,89,91,226,301,113
chr7:22114401-22116200,595,867,899,1041,935
chr7:22359343-22359598,1,32,4,20,9
chr7:22401402-22403400,248,238,406,114,192
chr7:22404657-22404967,47,9,145,37,13
chr7:22411601-22412601,107,40,77,40,73
chr7:22884402-22886600,23,115,246,53,19
chr7:23276002-23277852,85,0,58,40,18
chr7:23289401-23290399,11,0,10,6,0
chr7:23485801-23486600,7,0,0,9,18
chr7:23498401-23500800,35,37,177,68,56
chr7:25579201-25579800,0,27,0,25,17
chr7:26117001-26117601,0,18,83,34,35
chr7:26139201-26142400,23,0,0,43,83
chr7:26143354-26145200,44,0,28,0,69
chr7:26148671-26149600,8,38,0,0,18
chr7:26500601-26500800,22,18,9,0,32
chr7:26549201-26550999,21,0,0,9,17
chr7:26587202-26588199,159,103,200,134,110
chr7:26592801-26593000,0,0,28,32,1
chr7:26593201-26593799,45,18,47,78,53
chr7:26618600-26619000,11,0,19,16,72
chr7:26648202-26649170,0,92,130,21,35
chr7:26658204-26658445,15,20,26,33,10
chr7:27424117-27425200,4,37,0,0,37
chr7:27515802-27516999,0,18,0,16,4
chr7:28937402-28941199,45,0,19,0,9
chr7:28961802-28962799,0,36,55,40,16
chr7:30166360-30166764,0,0,26,13,45
chr7:30170789-30171126,0,9,12,0,9
chr7:30182849-30183251,22,14,25,10,9
chr7:30184899-30185462,44,11,19,20,56
chr7:30200601-30202199,69,54,231,52,35
chr7:30224604-30225043,44,20,0,31,64
chr7:30225881-30226376,39,30,3,41,45
chr7:30232313-30232756,45,7,0,4,18
chr7:30236802-30241999,23,56,198,162,51
chr7:30246802-30255866,2089,2174,3158,1883,1946
chr7:30262801-30263600,74,17,64,57,27
chr7:30269201-30270000,124,90,416,168,91
chr7:30270601-30271800,145,257,483,314,73
chr7:30272634-30273023,54,10,50,44,9
chr7:30276106-30276600,51,80,126,44,42
chr7:30278001-30280599,540,376,1011,624,480
chr7:30281002-30282199,632,395,691,232,474
chr7:30479458-30479847,43,0,19,0,3
chr7:31711001-31711200,11,9,0,7,0
chr7:32474801-32475400,26,0,19,17,2
chr7:32785001-32786200,44,35,0,0,28
chr7:32843601-32844000,119,211,132,38,114
chr7:32854802-32857599,100,0,110,15,55
chr7:32863401-32864200,255,599,218,269,512
chr7:32865601-32866000,138,436,142,186,248
chr7:33882600-33883800,0,18,19,60,4
chr7:34905401-34905800,25,11,5,13,14
chr7:35198202-35199266,20,0,13,20,0
chr7:35624202-35625057,23,76,22,80,60
chr7:35627601-35628600,17,45,43,24,54
chr7:35630600-35631200,62,157,86,66,46
chr7:35736201-35736801,44,34,10,60,51
chr7:35747601-35748600,44,25,19,0,31
chr7:35749600-35751200,11,111,134,41,61
chr7:35907802-35910199,79,134,18,19,23
chr7:35915001-35916200,220,138,135,42,152
chr7:35919202-35920599,18,8,14,9,5
chr7:35931001-35931800,22,37,38,52,0
chr7:36309401-36310200,68,12,74,52,18
chr7:36310401-36310800,31,16,0,20,0
chr7:36315202-36316199,0,21,92,43,57
chr7:36317601-36319201,210,101,158,163,151
chr7:36507000-36507400,184,67,165,269,233
chr7:36507601-36508000,50,42,309,296,155
chr7:36510401-36510600,945,664,658,670,1109
chr7:36736504-36737216,34,48,86,66,42
chr7:36784899-36785243,3,12,0,41,0
chr7:36794002-36796200,0,0,36,50,76
chr7:36796402-36798400,38,53,0,32,0
chr7:36820493-36821400,46,0,19,41,0
chr7:36827402-36828799,14,18,0,20,0
chr7:36851402-36853399,394,296,226,450,354
chr7:38127402-38128190,44,9,0,16,0
chr7:38156801-38157000,0,0,2,1,8
chr7:38232859-38233386,99,261,28,0,191
chr7:38315160-38315471,74,81,21,68,58
chr7:38331490-38331578,13,30,4,0,28
chr7:38331815-38332041,23,129,0,38,4
chr7:38336740-38336784,79,70,42,9,38
chr7:38671402-38675200,22,69,38,51,132
chr7:39611201-39611426,28,0,22,7,25
chr7:39799001-39799800,90,55,93,0,80
chr7:40105601-40106600,68,18,58,40,104
chr7:40116719-40117954,0,13,18,41,0
chr7:42769801-42770800,0,0,13,19,27
chr7:42879801-42882000,32,32,0,11,19
chr7:42888183-42888820,41,73,134,170,253
chr7:42893201-42894000,15,18,126,0,67
chr7:42952201-42952800,0,35,19,0,14
chr7:43734455-43738000,68,12,0,57,0
chr7:43809001-43809800,264,165,112,232,186
chr7:43810201-43810401,96,57,106,99,127
chr7:43819801-43820400,0,9,28,0,28
chr7:43824001-43825600,21,19,4,0,0
chr7:43850001-43851000,22,0,10,0,4
chr7:44102320-44102608,11,0,28,50,15
chr7:44561802-44563599,59,48,63,109,22
chr7:44576529-44576891,550,717,1066,676,750
chr7:44710534-44711200,0,13,0,20,16
chr7:44726402-44728600,52,2,0,0,2
chr7:44729601-44730600,56,14,0,0,24
chr7:44772201-44772400,252,102,251,108,89
chr7:44890801-44892999,46,18,8,17,21
chr7:44893401-44895649,97,46,37,21,73
chr7:44897001-44898399,62,115,19,76,33
chr7:44911802-44913599,35,17,18,12,0
chr7:44913802-44916000,0,16,39,35,19
chr7:44921489-44922600,98,227,38,21,30
chr7:44955400-44956001,21,71,0,17,15
chr7:44989601-44992199,789,1069,1047,1175,694
chr7:45188710-45188830,14,0,0,2,66
chr7:45189201-45189600,58,102,94,49,238
chr7:45202601-45203000,0,3,19,48,56
chr7:45203202-45205599,139,134,155,123,56
chr7:45237695-45242000,25,20,10,40,0
chr7:46003825-46005399,414,95,278,70,196
chr7:47217201-47219601,21,37,30,110,35
chr7:47225401-47228599,23,0,20,60,15
chr7:47239001-47239799,0,0,10,57,30
chr7:47240002-47240800,0,18,19,14,0
chr7:47266001-47268200,121,155,207,227,192
chr7:47270201-47270800,20,37,28,39,29
chr7:47590802-47593107,0,64,8,59,54
chr7:48066001-48067200,68,18,16,0,37
chr7:48067601-48067800,0,9,9,0,19
chr7:48082513-48082562,0,1,18,6,17
chr7:48087456-48087638,21,14,9,0,9
chr7:50421001-50421600,0,31,75,68,66
chr7:50805801-50809000,0,38,20,30,35
chr7:54994402-54996737,13,54,0,79,8
chr7:56006428-56008400,32,0,0,21,41
chr7:56097602-56098599,143,98,200,117,84
chr7:64839936-64840331,93,255,264,237,161
chr7:64936201-64937000,45,0,20,20,70
chr7:64959400-64959601,0,23,0,6,9
chr7:65243201-65244199,125,124,19,81,76
chr7:65474202-65478399,0,81,53,45,15
chr7:65837202-65838031,178,172,149,14,125
chr7:66167602-66168469,112,74,174,82,47
chr7:66170002-66171303,23,72,82,53,123
chr7:66608202-66609800,0,25,18,26,0
chr7:66618402-66620199,21,37,38,4,17
chr7:66859337-66860800,0,67,9,57,0
chr7:66877201-66878600,29,103,87,150,54
chr7:66884557-66885000,22,46,28,0,18
chr7:66889401-66890400,182,499,164,450,423
chr7:66899801-66900600,271,268,105,311,198
chr7:66909201-66909600,7,11,9,19,9
chr7:67249201-67249600,20,33,28,34,16
chr7:67257001-67258600,141,409,160,306,171
chr7:67259201-67259600,24,14,68,30,47
chr7:67267601-67268200,42,52,48,123,0
chr7:67274001-67274400,250,173,144,128,137
chr7:67276801-67277001,67,31,15,15,32
chr7:67413601-67414200,17,9,19,0,0
chr7:72527601-72529400,0,0,2,29,80
chr7:72556401-72558000,50,66,18,41,19
chr7:72849201-72849800,0,5,19,20,0
chr7:72873602-72875799,118,107,36,74,74
chr7:73379201-73386000,61,107,77,9,67
chr7:73410001-73411399,33,0,19,26,0
chr7:73674837-73675205,19,9,4,0,4
chr7:73679970-73680196,16,74,82,46,29
chr7:73742734-73743408,45,27,0,13,0
chr7:73749001-73750800,0,0,18,19,103
chr7:73773002-73775599,46,6,0,0,16
chr7:73899002-73902599,0,17,18,39,80
chr7:74929401-74930200,83,34,45,35,40
chr7:74931483-74933599,212,72,110,158,126
chr7:74933801-74934000,17,24,18,48,16
chr7:74951001-74953600,93,37,19,21,9
chr7:75077402-75078800,43,73,28,45,47
chr7:75082201-75083400,39,51,19,40,28
chr7:75083801-75084200,42,19,0,16,18
chr7:75490201-75491599,711,640,610,896,733
chr7:75530802-75532199,73,83,128,9,148
chr7:75791002-75792400,23,5,8,0,47
chr7:75828601-75829000,8,13,8,10,30
chr7:75891802-75893629,21,0,0,32,31
chr7:76084000-76085400,20,27,53,53,19
chr7:76162202-76165399,0,19,20,13,0
chr7:76304889-76305226,11,3,0,17,49
chr7:76318724-76319010,0,32,19,55,16
chr7:76321601-76324400,75,303,110,110,111
chr7:76452401-76454200,43,54,132,41,105
chr7:76517201-76518999,32,0,18,0,56
chr7:76543200-76543400,20,5,29,21,31
chr7:76543602-76545999,121,90,103,97,284
chr7:76637000-76637600,17,154,36,85,54
chr7:76639602-76643999,184,439,246,424,346
chr7:76644802-76646400,35,155,77,76,81
chr7:76669201-76669800,21,0,17,0,2
chr7:76672002-76674399,0,0,21,19,29
chr7:76676601-76678200,0,17,46,97,0
chr7:76681001-76684000,0,36,49,142,228
chr7:76804602-76806399,21,0,0,19,17
chr7:76950401-76952000,0,173,166,56,37
chr7:77432202-77436399,43,86,0,0,36
chr7:77649401-77650600,0,1,0,3,71
chr7:77783801-77785200,4,51,19,32,0
chr7:77789202-77793000,90,32,57,20,56
chr7:87501201-87501400,0,14,19,38,26
chr7:90242845-90243124,41,75,19,44,108
chr7:90243401-90243600,13,0,15,5,25
chr7:90326801-90327000,0,12,9,0,9
chr7:91227802-91229599,0,37,0,78,17
chr7:91565256-91567999,16,0,55,63,0
chr7:91669601-91669800,15,0,0,7,14
chr7:91892202-91893799,0,17,0,21,17
chr7:92402401-92404799,61,17,97,198,17
chr7:93129001-93129200,2,0,0,19,16
chr7:93363735-93364124,7,11,18,0,0
chr7:93957602-93958999,48,66,394,144,216
chr7:94276001-94276600,0,18,9,40,41
chr7:94277000-94277201,22,27,9,6,0
chr7:95619601-95620800,120,207,77,55,104
chr7:95680202-95685199,22,18,0,61,0
chr7:96324337-96324639,0,28,66,42,18
chr7:97184201-97184800,36,14,0,0,11
chr7:97186801-97187443,0,21,1,36,0
chr7:99641601-99642399,31,18,95,17,18
chr7:99737401-99738400,314,203,129,225,119
chr7:99739601-99742000,68,29,18,61,131
chr7:99750202-99753199,22,43,49,48,29
chr7:100046580-100046942,96,23,9,58,33
chr7:100287201-100287800,0,32,38,20,0
chr7:100290388-100291103,0,0,10,58,18
chr7:100294602-100296600,176,51,160,116,27
chr7:100298218-100298800,50,26,34,0,0
chr7:100441601-100442400,57,90,65,56,51
chr7:100442802-100447200,105,128,89,131,43
chr7:100701001-100701599,0,8,19,0,5
chr7:101282601-101283481,0,5,1,0,6
chr7:102357600-102357800,160,373,332,211,66
chr7:102358402-102360999,244,452,350,243,275
chr7:103150227-103150454,38,9,16,0,0
chr7:103153601-103154400,27,27,11,49,0
chr7:103171201-103172000,35,66,57,0,9
chr7:104939002-104940200,34,59,19,66,37
chr7:106079602-106080999,12,28,19,0,0
chr7:106082601-106084000,0,42,56,157,38
chr7:106084401-106087200,79,136,106,144,195
chr7:106089201-106089400,11,18,5,11,0
chr7:106089801-106090000,20,13,13,24,80
chr7:106289402-106292399,0,32,57,61,153
chr7:106313720-106314452,0,1,0,41,47
chr7:106855401-106856200,41,0,24,9,0
chr7:106951801-106953687,16,11,35,66,49
chr7:106955001-106955200,4,26,1,21,24
chr7:106957401-106958599,3,18,56,39,40
chr7:106977371-106980590,43,19,36,0,16
chr7:106992401-106993000,6,0,0,8,18
chr7:106998801-106999600,44,18,0,3,29
chr7:107631801-107632800,11,45,67,38,0
chr7:107633401-107633600,11,0,5,29,1
chr7:107633801-107634000,6,25,9,2,9
chr7:107636202-107640000,187,120,222,41,123
chr7:108019601-108021400,16,0,11,0,8
chr7:108461601-108465200,43,87,178,97,35
chr7:108468202-108469199,22,47,55,20,0
chr7:110650001-110650600,19,9,19,20,0
chr7:115023001-115024999,137,53,155,103,47
chr7:115924201-115924800,20,0,19,10,0
chr7:115926001-115926600,0,0,7,20,18
chr7:117273601-117273800,0,37,0,14,20
chr7:117274401-117274600,12,18,7,6,38
chr7:117961202-117965399,0,15,21,22,0
chr7:118148801-118149200,11,9,0,0,36
chr7:118151402-118153399,0,38,12,46,0
chr7:120979800-120980400,0,35,19,0,18
chr7:121298001-121299600,227,128,233,93,241
chr7:121301002-121303200,0,18,55,0,19
chr7:123642001-123642800,0,32,89,32,59
chr7:123643759-123644073,18,9,29,10,25
chr7:123673002-123675465,18,27,3,36,27
chr7:123675801-123676200,0,0,13,22,71
chr7:123780201-123782799,0,18,72,0,19
chr7:127579001-127579600,31,18,54,21,103
chr7:128094401-128094600,1,45,12,20,1
chr7:128096401-128096800,7,49,31,46,28
chr7:128098976-128099798,0,5,30,126,13
chr7:128214401-128223800,112,148,167,114,0
chr7:128282067-128282106,0,7,6,13,2
chr7:128434401-128441000,69,48,50,170,41
chr7:128664801-128665000,88,58,184,287,248
chr7:128732801-128733599,44,37,17,20,85
chr7:128734401-128736399,209,141,38,151,207
chr7:128934606-128935354,0,27,9,17,0
chr7:129174601-129175400,155,64,163,103,0
chr7:129177401-129177600,40,0,5,2,0
chr7:129524001-129525600,2,7,0,0,33
chr7:129529601-129532399,276,61,199,26,332
chr7:129533402-129536800,178,8,60,96,174
chr7:129591202-129593799,346,559,175,172,278
chr7:129594601-129595800,34,55,62,70,106
chr7:130143678-130155582,106,202,90,355,89
chr7:130472401-130474600,23,0,0,5,13
chr7:130740201-130743000,62,0,42,22,0
chr7:132773201-132773400,68,0,62,10,14
chr7:132777202-132778000,0,55,31,20,43
chr7:134079001-134079201,0,2,9,19,0
chr7:134083401-134086400,8,84,125,40,37
chr7:134111401-134111600,12,0,10,25,0
chr7:134113601-134114000,278,235,28,88,30
chr7:134114201-134114400,173,255,31,31,43
chr7:134114801-134115200,0,0,41,36,9
chr7:134121001-134122399,0,15,39,20,0
chr7:134637801-134641399,0,17,18,39,0
chr7:134722401-134725059,0,19,20,18,0
chr7:135174440-135174834,17,385,713,464,199
chr7:135176601-135179000,926,5273,5579,2950,4441
chr7:135181586-135181856,393,2025,1540,965,1880
chr7:135334801-135336400,0,19,20,41,17
chr7:135652801-135654200,104,23,0,0,38
chr7:135987401-135987800,0,8,4,0,23
chr7:135990201-135992199,20,102,33,40,4
chr7:136086906-136087051,32,14,12,10,57
chr7:137224801-137225000,0,33,10,22,35
chr7:137225201-137226400,23,112,0,40,88
chr7:137850800-137852600,215,102,700,1741,431
chr7:137859870-137859992,0,0,16,9,6
chr7:137862601-137862800,0,0,12,31,9
chr7:137870981-137872000,1,0,84,138,19
chr7:139111905-139112532,22,18,0,20,0
chr7:139126802-139127399,22,0,28,18,0
chr7:139329801-139330200,22,52,0,18,15
chr7:139433801-139435064,0,18,38,20,0
chr7:140231063-140231673,0,0,13,15,15
chr7:140231922-140232123,5,0,13,16,7
chr7:140247571-140256799,96,44,35,37,46
chr7:140285001-140286400,10,10,8,20,66
chr7:140444202-140452017,0,57,79,74,0
chr7:140483202-140486400,239,895,219,182,311
chr7:141792364-141792615,317,267,304,122,221
chr7:141859201-141859600,0,0,9,10,37
chr7:141864778-141865074,11,18,5,0,15
chr7:142312001-142312400,28,11,15,42,0
chr7:142422801-142423000,11,9,0,6,1
chr7:142431601-142432400,44,0,0,44,37
chr7:142495002-142497999,0,36,38,20,0
chr7:142537801-142538000,0,9,9,7,9
chr7:142539001-142540999,56,0,96,21,0
chr7:142565401-142570399,44,0,0,20,18
chr7:142717578-142718347,462,219,291,1276,892
chr7:142745202-142746800,62,19,22,54,145
chr7:142784748-142785053,65,118,0,16,30
chr7:142798470-142799809,4337,5510,5122,2500,2039
chr7:142815136-142815800,18,37,108,0,52
chr7:142832001-142835000,0,0,38,20,18
chr7:142901801-142902400,0,0,19,34,9
chr7:142965001-142965400,0,0,5,20,16
chr7:143214801-143218200,340,1084,462,489,7879
chr7:143226201-143229866,21,0,9,0,32
chr7:143616869-143617789,60,86,151,181,352
chr7:143734601-143735600,116,15,58,76,22
chr7:143736972-143737828,23,12,0,40,19
chr7:144388601-144389400,68,45,19,31,32
chr7:144390401-144390800,0,18,19,44,50
chr7:148908202-148916799,64,62,54,23,0
chr7:149187201-149189600,1152,902,1104,1056,1207
chr7:149227002-149229000,11,53,5,62,19
chr7:149500401-149500800,44,37,25,53,18
chr7:149735992-149736599,155,185,117,187,115
chr7:149736801-149737000,59,53,93,66,24
chr7:149747801-149748799,22,0,0,20,37
chr7:149751002-149754247,0,19,37,39,89
chr7:149774422-149774620,139,166,121,160,215
chr7:149978800-149979400,22,17,42,0,0
chr7:150081801-150082400,6,7,12,0,0
chr7:150167201-150170600,213,161,259,83,67
chr7:150202801-150203400,48,0,19,35,0
chr7:150205401-150208400,390,200,251,134,213
chr7:150357432-150357644,25,9,0,46,23
chr7:150481016-150481800,0,18,18,18,0
chr7:150522401-150524599,16,0,19,59,19
chr7:150579401-150581600,88,0,19,83,0
chr7:150635801-150636200,49,38,14,30,9
chr7:150637001-150637400,17,0,28,30,0
chr7:150646402-150650000,102,56,173,107,0
chr7:150665922-150666209,0,1,9,5,7
chr7:150682401-150682800,0,15,0,20,9
chr7:150764801-150766035,181,291,147,149,84
chr7:151414201-151414400,456,298,316,268,134
chr7:151415001-151417800,1843,1366,1876,1266,1223
chr7:151455402-151458200,20,3,0,19,52
chr7:152127183-152127525,28,18,30,61,0
chr7:152641594-152641626,21,19,0,8,0
chr7:152866401-152866600,2,0,15,16,0
chr7:152883801-152884600,64,147,19,10,3
chr7:152894202-152895199,0,40,19,14,0
chr7:152897801-152898200,9,32,8,0,0
chr7:152899354-152900400,17,17,38,0,0
chr7:152909402-152911200,129,199,107,51,94
chr7:153761401-153763200,16,0,0,44,13
chr7:155226602-155231600,0,18,50,0,37
chr7:155239001-155240600,31,35,10,0,7
chr7:155282718-155282950,7,0,53,69,0
chr7:156034001-156035400,25,5,21,0,8
chr7:156921402-156923799,21,55,64,81,29
chr7:156948753-156948900,0,17,9,10,6
chr7:157279216-157279591,13,26,0,10,16
chr7:157279637-157279992,92,40,0,10,0
chr7:157285864-157286516,33,27,0,20,33
chr7:157419001-157419800,0,16,21,0,18
chr7:157422202-157424599,200,113,152,97,143
chr7:157432602-157432931,0,22,0,8,14
chr7:158616202-158618699,0,0,34,27,9
chr7:158707758-158707971,5,103,0,37,0
chr6:146801-147000,1,0,2,9,0
chr6:384601-384800,12,10,9,7,0
chr6:387336-389000,59,158,122,361,18
chr6:389797-389927,30,16,30,75,6
chr6:478601-479200,0,0,9,17,18
chr6:841801-842800,0,0,19,1,7
chr6:873001-874000,22,108,5,67,48
chr6:1285001-1288600,10,223,9,39,0
chr6:1480202-1483199,22,18,0,20,0
chr6:1533402-1538799,113,111,123,80,80
chr6:2577402-2582399,44,79,0,27,43
chr6:2763016-2763302,0,14,45,9,0
chr6:2790710-2790856,2,18,7,14,19
chr6:2795965-2796146,14,20,13,2,51
chr6:2799965-2800497,0,39,20,51,56
chr6:2809807-2810356,32,28,17,29,102
chr6:2817850-2818203,0,41,19,10,53
chr6:2823001-2824084,19,30,42,20,35
chr6:2825201-2827400,23,40,139,41,214
chr6:2828201-2828800,0,42,26,161,137
chr6:2829201-2830400,132,35,94,171,557
chr6:2848889-2849142,25,25,0,9,0
chr6:2886206-2886716,994,579,180,349,347
chr6:3051201-3051400,0,8,13,6,59
chr6:3466401-3467200,11,9,36,14,9
chr6:3925002-3926799,0,0,34,19,13
chr6:3961401-3962000,0,1,11,20,0
chr6:3962601-3963800,96,16,100,45,79
chr6:3986402-3987999,432,663,705,831,584
chr6:3996402-3998799,139,137,134,215,56
chr6:4002401-4002600,20,14,0,14,0
chr6:4005201-4005800,61,90,104,38,64
chr6:4171801-4173000,44,170,344,167,19
chr6:4176601-4177800,653,1275,811,694,795
chr6:4180613-4181199,191,152,139,3,77
chr6:4181401-4182400,11,0,44,74,0
chr6:4207602-4211057,20,25,17,0,0
chr6:4224601-4225799,28,40,38,16,13
chr6:4250401-4251600,111,137,77,21,97
chr6:4252802-4255199,21,73,36,19,200
chr6:4256401-4258800,323,505,106,101,242
chr6:4272201-4272600,22,17,17,0,14
chr6:4273801-4275800,110,153,109,38,109
chr6:4287402-4288399,17,36,6,0,0
chr6:4981801-4985329,232,360,323,301,211
chr6:4990422-4990671,112,48,78,117,69
chr6:5091401-5091600,18,23,45,10,44
chr6:5093802-5097400,80,83,274,259,134
chr6:5892428-5892729,17,129,53,64,47
chr6:5905002-5906610,0,99,18,61,58
chr6:5994145-5994411,17,18,15,7,0
chr6:5996199-5996517,20,28,5,0,3
chr6:5996840-5997326,0,22,19,3,18
chr6:6867602-6877800,15,0,51,55,38
chr6:7052284-7053047,32,0,0,1,47
chr6:7056001-7063000,125,144,89,66,113
chr6:7080201-7080800,53,54,28,39,47
chr6:7098202-7098999,22,0,0,8,17
chr6:7099402-7101799,14,0,36,0,38
chr6:7102601-7102800,16,8,11,0,0
chr6:7618438-7618760,0,55,16,0,35
chr6:7624401-7625799,23,0,0,60,10
chr6:7679602-7682000,0,125,18,9,0
chr6:10637401-10638831,92,71,34,71,41
chr6:10733001-10733200,3,26,19,14,31
chr6:10733602-10735999,136,64,106,91,29
chr6:10740601-10741000,61,96,20,9,23
chr6:11384201-11385054,23,9,0,0,19
chr6:11386194-11390999,28,0,0,32,5
chr6:11402602-11406200,43,17,0,19,17
chr6:11705002-11706659,22,16,18,49,0
chr6:11814002-11816199,23,50,30,80,0
chr6:11820401-11821600,41,100,21,40,16
chr6:11824001-11826000,0,26,35,40,32
chr6:11833357-11834820,0,37,11,63,0
chr6:11851002-11855599,20,190,17,62,0
chr6:11869402-11870799,0,37,19,20,0
chr6:12170401-12172399,20,21,20,0,0
chr6:12174401-12175600,61,14,12,21,0
chr6:12229000-12229200,22,7,0,0,6
chr6:12237601-12243600,53,124,244,138,119
chr6:12244401-12244600,0,0,3,55,9
chr6:12245401-12246600,0,73,163,122,73
chr6:12249399-12251200,118,377,268,222,58
chr6:12252801-12253400,12,5,172,37,0
chr6:12260601-12263000,46,43,82,71,35
chr6:12264202-12269800,0,0,21,60,27
chr6:12282401-12282800,0,18,0,17,18
chr6:12284910-12285262,22,0,0,32,9
chr6:12288090-12288637,45,63,30,43,9
chr6:12527602-12530799,0,11,0,17,19
chr6:12535602-12540199,0,72,46,37,74
chr6:13349802-13351800,0,9,35,21,19
chr6:13488334-13488414,23,15,4,2,14
chr6:13712573-13713082,11,54,37,10,3
chr6:13714601-13716200,0,19,10,17,27
chr6:14140801-14143200,527,43,244,149,65
chr6:14143601-14144000,41,35,0,32,0
chr6:14217402-14218999,0,19,38,21,0
chr6:14224001-14226000,0,19,20,21,0
chr6:14235602-14236800,0,18,9,1,0
chr6:14240602-14241999,0,8,19,36,0
chr6:14252201-14257200,0,18,38,40,0
chr6:14258201-14260600,21,29,18,0,0
chr6:14292000-14292401,11,0,9,10,0
chr6:14310201-14318599,62,112,21,0,41
chr6:14381333-14381628,0,6,9,18,0
chr6:14387601-14387800,8,37,69,18,20
chr6:14388801-14389400,23,8,99,107,23
chr6:14405242-14405493,0,0,19,12,9
chr6:14427801-14429199,41,37,108,102,29
chr6:14513801-14514600,53,45,19,0,0
chr6:14616401-14617800,39,8,0,20,0
chr6:14644001-14644400,4,0,15,17,0
chr6:14658147-14658405,22,18,45,28,0
chr6:16154401-16154800,96,126,411,140,212
chr6:16158000-16158201,23,0,124,43,48
chr6:16162001-16162400,73,78,285,144,195
chr6:16166802-16169316,45,36,131,177,65
chr6:16772801-16774951,0,138,52,58,18
chr6:17710400-17710801,87,177,98,16,33
chr6:18268801-18270199,43,25,19,20,45
chr6:18331188-18331580,18,0,9,0,18
chr6:18469601-18469800,38,0,0,37,12
chr6:18472601-18474799,217,26,39,182,244
chr6:18475601-18479200,210,35,59,151,247
chr6:18481801-18482400,219,0,18,116,128
chr6:18485201-18485400,21,0,2,7,0
chr6:18490802-18492128,65,0,18,91,92
chr6:18492981-18494599,46,0,37,239,250
chr6:18755001-18755200,0,0,1,3,5
chr6:20068242-20069770,0,13,19,35,36
chr6:26005801-26007799,260,231,449,200,177
chr6:26008401-26008800,45,18,185,20,89
chr6:26012001-26012600,236,352,332,107,292
chr6:26028791-26029135,0,9,0,21,9
chr6:26034124-26034371,53,8,0,0,25
chr6:26140602-26142799,0,0,53,5,57
chr6:26191201-26191400,12,102,0,0,43
chr6:26192201-26192400,37,32,8,12,7
chr6:26264401-26265200,81,18,53,30,0
chr6:26266512-26266762,0,4,5,4,45
chr6:26294401-26294600,0,0,8,10,3
chr6:26381001-26381200,8,30,9,46,0
chr6:26381401-26381600,0,12,24,10,0
chr6:26396601-26398200,11,44,18,71,0
chr6:26437718-26437943,9,18,12,0,6
chr6:26500001-26500600,79,38,51,34,27
chr6:26537399-26537819,22,3,1,27,0
chr6:26671801-26672200,2,0,22,13,0
chr6:26818555-26819400,99,18,38,73,54
chr6:27097251-27097424,0,23,16,0,45
chr6:27144646-27144992,121,277,74,69,251
chr6:27174602-27175600,0,9,19,0,14
chr6:27422138-27422498,11,0,0,31,41
chr6:27448554-27448778,58,33,0,0,9
chr6:27895031-27895325,20,225,0,3,57
chr6:27895520-27895884,0,147,0,22,46
chr6:28235401-28236800,46,1,121,180,33
chr6:28303601-28303801,7,34,4,10,3
chr6:28309401-28311800,0,55,18,52,0
chr6:28371601-28372600,411,314,414,522,304
chr6:28425801-28426200,158,408,299,196,226
chr6:28927801-28928400,0,18,29,0,16
chr6:28929400-28930652,41,0,84,117,0
chr6:29847860-29848478,79,65,25,51,19
chr6:29891001-29891200,149,202,74,94,150
chr6:29916601-29921000,92,278,162,17,21
chr6:29952802-29955599,1038,10845,4693,4530,370
chr6:29961602-29962800,303,13,213,42,19
chr6:29964922-29965104,34,8,9,14,0
chr6:29980601-29981000,35,42,0,11,19
chr6:29981202-29983000,21,32,75,92,31
chr6:29985801-29986400,0,14,15,25,0
chr6:30214383-30214756,36,205,71,61,106
chr6:30216801-30217000,22,21,0,31,9
chr6:30219136-30219800,22,0,0,62,6
chr6:30498802-30502200,198,24,190,92,67
chr6:30524601-30525400,155,168,125,78,75
chr6:30527870-30528199,21,64,33,78,42
chr6:30529588-30529789,0,0,19,44,9
chr6:30836201-30837371,1,1,0,1,0
chr6:31191602-31193000,2,51,46,28,13
chr6:31228002-31230399,147,332,484,113,727
chr6:31235001-31235800,45,0,19,0,90
chr6:31260001-31260400,1,1,1,4,1
chr6:31386602-31387600,0,91,106,126,9
chr6:31389200-31389600,15,12,0,10,44
chr6:31390601-31391000,7,33,49,0,4
chr6:31391201-31391800,55,18,0,20,2
chr6:31525002-31527599,46,18,0,0,12
chr6:31559887-31560913,696,1080,838,390,503
chr6:31562044-31562434,81,70,100,67,24
chr6:31563184-31563610,45,21,108,114,36
chr6:31568445-31569126,127,195,211,70,196
chr6:31821067-31821407,11,6,53,20,50
chr6:31821895-31822503,0,11,33,9,0
chr6:31840895-31843573,84,0,47,101,70
chr6:32615202-32616999,2,52,18,19,0
chr6:32654001-32654400,51,28,24,159,7
chr6:32684402-32688399,17,48,0,21,0
chr6:32688802-32692400,0,30,9,0,8
chr6:32697001-32697400,7,61,9,0,0
chr6:32752401-32753052,18,0,3,10,8
chr6:32806401-32807799,119,107,236,235,54
chr6:32863001-32863400,630,624,603,593,532
chr6:32865402-32868763,447,343,145,273,37
chr6:32882202-32884399,338,90,67,59,68
chr6:32885601-32886200,17,3,0,16,0
chr6:32890801-32891400,55,60,28,66,65
chr6:32903401-32904000,1171,1889,977,664,863
chr6:32904401-32905800,46,80,58,133,55
chr6:32927201-32927400,3,0,6,14,11
chr6:32929002-32931599,1143,638,1311,589,733
chr6:32982345-32985241,43,45,73,181,25
chr6:32999996-33001599,28,52,165,196,38
chr6:33056402-33059200,29,44,601,26,38
chr6:33061202-33063000,80,35,487,19,22
chr6:33248401-33248530,48,55,38,56,61
chr6:33333601-33335200,9,17,2,0,0
chr6:33485195-33485600,0,0,19,29,37
chr6:33604201-33606000,228,17,9,31,164
chr6:33760002-33763599,0,13,0,19,17
chr6:34176601-34177200,17,18,35,10,8
chr6:34179202-34180600,25,22,165,83,75
chr6:34182760-34183117,0,18,25,19,0
chr6:34230582-34232200,67,74,18,35,38
chr6:34574601-34575601,113,91,0,140,47
chr6:34580602-34581599,0,0,12,40,9
chr6:34585001-34585350,0,23,17,19,0
chr6:34740002-34741314,7,0,28,21,0
chr6:35152002-35152999,86,57,45,69,57
chr6:35191720-35193999,20,0,0,21,19
chr6:35201602-35204399,0,17,32,41,17
chr6:35559401-35560400,22,0,35,96,263
chr6:35561001-35561200,0,0,10,31,8
chr6:35562400-35562600,58,0,61,0,28
chr6:35564653-35564937,40,35,22,0,139
chr6:35569000-35569401,0,0,45,39,33
chr6:35729365-35729590,25,0,66,20,53
chr6:36118537-36118964,60,56,62,136,227
chr6:36121211-36121388,0,0,19,19,9
chr6:36121498-36121822,0,41,33,16,9
chr6:36126927-36127033,8,15,71,98,151
chr6:36234802-36236799,137,160,38,92,199
chr6:36239801-36240400,45,117,0,0,18
chr6:36348802-36352200,127,260,17,41,16
chr6:36607201-36611400,87,35,202,193,62
chr6:36641201-36641800,17,16,5,0,18
chr6:36648802-36652800,5,14,0,0,19
chr6:36735135-36735525,135,39,15,29,33
chr6:36735888-36736078,38,57,0,14,83
chr6:36853342-36853738,0,36,52,151,35
chr6:36967001-36967600,13,0,39,19,0
chr6:37038401-37042800,1665,573,1354,1171,1494
chr6:37043201-37043400,32,25,63,71,82
chr6:37154802-37157599,108,6,39,140,17
chr6:37397401-37399800,0,17,18,42,0
chr6:37540401-37540600,29,114,56,60,9
chr6:37556897-37557619,37,37,156,139,0
chr6:37562017-37562404,45,154,94,181,18
chr6:37579603-37581273,22,63,53,181,0
chr6:37705276-37705683,22,22,9,12,3
chr6:37812401-37814200,88,54,13,0,0
chr6:38157801-38160599,188,306,174,266,241
chr6:38163801-38164000,25,14,34,0,29
chr6:38164215-38164402,24,6,24,11,0
chr6:38164601-38165000,0,13,18,23,7
chr6:38165201-38166000,45,22,18,51,48
chr6:38167401-38167800,0,21,54,28,18
chr6:38645801-38647000,23,16,83,42,19
chr6:38672200-38672600,108,45,135,74,44
chr6:38673202-38674599,87,25,183,146,97
chr6:39100401-39100600,1,0,58,36,1
chr6:39101401-39102401,0,0,114,106,44
chr6:39130800-39131000,16,7,0,0,15
chr6:40868001-40869000,22,18,13,0,37
chr6:41167200-41167600,14,2,9,20,26
chr6:41170201-41170400,0,13,15,28,34
chr6:41170602-41172299,40,14,0,0,19
chr6:41174601-41175200,228,101,141,136,62
chr6:41182713-41183219,14,0,19,5,9
chr6:41186112-41186466,0,27,48,2,0
chr6:41206201-41208000,40,173,318,457,757
chr6:41221601-41223999,71,55,70,84,245
chr6:41224602-41225400,45,101,47,100,29
chr6:41242001-41242800,11,12,54,117,134
chr6:41254401-41258495,91,89,161,189,322
chr6:41266201-41267200,74,88,41,135,154
chr6:41900202-41901600,87,95,24,64,158
chr6:41901801-41902000,26,43,9,16,14
chr6:41902140-41902600,17,0,44,0,18
chr6:41902801-41903000,0,3,13,11,2
chr6:42197202-42201799,1534,1472,1450,1636,1308
chr6:42204084-42205000,367,243,328,265,121
chr6:42453670-42454024,100,47,38,10,56
chr6:42529801-42539000,137,78,58,0,80
chr6:42957401-42957600,0,35,39,10,24
chr6:43713801-43720199,95,350,195,451,151
chr6:43739602-43741999,157,151,18,61,38
chr6:43742602-43745599,17,124,19,20,0
chr6:43746202-43747799,21,19,28,0,0
chr6:43758202-43765199,157,570,169,57,52
chr6:43909802-43919000,13,22,0,0,34
chr6:43935802-43940599,21,0,36,58,59
chr6:44096652-44097153,72,57,65,10,32
chr6:44104201-44107199,273,69,209,219,164
chr6:44109201-44112600,40,78,380,254,76
chr6:44206402-44207599,19,23,24,4,8
chr6:44237531-44237973,0,9,42,0,20
chr6:44238070-44238501,9,9,24,20,11
chr6:44380801-44383400,23,0,95,42,9
chr6:44451602-44453599,23,14,38,21,19
chr6:45665601-45668199,108,88,52,127,184
chr6:46191001-46191400,0,48,7,20,0
chr6:47859001-47859600,10,0,38,0,65
chr6:52261200-52261401,51,14,13,0,17
chr6:52295601-52298399,87,286,49,72,69
chr6:52305127-52305204,0,4,0,9,9
chr6:52305763-52306198,22,24,0,0,37
chr6:52921602-52924799,23,7,0,17,0
chr6:53178202-53181399,0,7,16,39,7
chr6:53183201-53184000,0,27,22,0,19
chr6:53228002-53231800,5,37,38,82,156
chr6:53231849-53231981,14,5,10,4,6
chr6:53232001-53233599,4,70,18,0,83
chr6:53238201-53253199,134,401,343,285,355
chr6:53254801-53259200,309,541,593,388,912
chr6:53263402-53266199,46,126,185,132,125
chr6:53359247-53359925,77,71,9,0,33
chr6:53721802-53726399,48,78,17,0,40
chr6:53730000-53731400,16,56,0,0,19
chr6:57069801-57071600,16,89,446,70,38
chr6:57074001-57074600,140,42,259,185,74
chr6:57078601-57078800,0,28,84,20,20
chr6:57082601-57083000,565,679,436,520,604
chr6:61594601-61595000,20,18,19,0,4
chr6:63628601-63630000,0,54,58,32,0
chr6:70407801-70410600,16,10,28,0,0
chr6:70600601-70602200,124,13,67,0,0
chr6:73571200-73571601,26,74,0,52,55
chr6:73656463-73657840,154,48,192,112,96
chr6:73664001-73667199,0,19,20,0,23
chr6:73689601-73692200,151,392,132,392,194
chr6:76683801-76685600,21,0,18,41,8
chr6:78830801-78831000,0,0,8,34,6
chr6:78831401-78831801,22,0,28,8,18
chr6:78854401-78855372,0,92,28,36,63
chr6:78858886-78859600,0,62,14,20,9
chr6:79188801-79189800,0,0,10,14,18
chr6:79196002-79198199,111,179,259,113,38
chr6:79238601-79240999,254,400,146,55,290
chr6:79250200-79250600,14,9,9,0,38
chr6:79554401-79554600,22,0,20,13,18
chr6:79613001-79613400,0,18,20,0,11
chr6:79613602-79615599,0,14,20,21,109
chr6:80433001-80434000,34,7,68,20,18
chr6:80438837-80438984,0,0,27,22,10
chr6:82415601-82416001,31,28,22,0,34
chr6:83969001-83969800,51,107,38,41,283
chr6:83974413-83978799,85,106,122,89,109
chr6:84031401-84031600,11,41,0,23,35
chr6:84093401-84094459,0,92,91,212,193
chr6:87274801-87275201,102,65,0,0,28
chr6:87275801-87276200,20,9,25,59,18
chr6:87669200-87669600,61,52,45,34,36
chr6:87670201-87673000,360,207,348,384,388
chr6:87737001-87738600,88,17,18,21,15
chr6:87741201-87745000,22,18,0,25,0
chr6:87746402-87749399,0,29,7,8,0
chr6:87750400-87750601,39,14,7,0,0
chr6:87805802-87809600,11,4,0,0,18
chr6:89075802-89076800,8,0,0,20,28
chr6:89086496-89086815,0,111,44,63,34
chr6:89316802-89317600,90,133,219,271,207
chr6:89359002-89362000,175,69,156,158,202
chr6:89430401-89431000,17,18,0,20,15
chr6:90380802-90389799,26,21,57,24,22
chr6:90401002-90407599,19,0,16,0,41
chr6:90500401-90501200,11,6,25,118,10
chr6:90502402-90503800,0,0,97,20,8
chr6:90701002-90701800,0,32,14,13,49
chr6:90708001-90709400,129,201,19,114,256
chr6:90709601-90710000,27,67,0,128,220
chr6:91171401-91173800,21,14,33,0,41
chr6:91174401-91175000,45,0,12,0,18
chr6:95528201-95529600,0,37,5,19,19
chr6:95530201-95531599,62,35,19,32,19
chr6:95560801-95561600,76,50,95,79,81
chr6:95568801-95569400,60,56,58,104,38
chr6:100160201-100164400,37,46,10,0,104
chr6:100504202-100505799,198,70,142,199,187
chr6:100506401-100507200,19,0,30,8,3
chr6:100885201-100886201,17,8,0,20,0
chr6:100891401-100892600,0,7,16,0,20
chr6:104682978-104685000,0,22,0,19,10
chr6:105603802-105604999,23,0,9,16,19
chr6:105982401-105984199,18,205,25,51,38
chr6:106671801-106673200,152,103,60,20,83
chr6:106677201-106677800,45,0,57,4,18
chr6:106691402-106694999,43,52,73,39,0
chr6:107124202-107126399,23,29,0,0,30
chr6:107679402-107680199,0,0,19,20,15
chr6:107695001-107696599,856,401,1161,1085,830
chr6:107972601-107973000,10,0,0,20,38
chr6:107973401-107974200,7,0,37,0,9
chr6:107982201-107983000,22,18,7,19,0
chr6:107987002-107989199,23,26,19,0,0
chr6:107989402-107992600,0,38,36,39,15
chr6:108021201-108022800,50,52,56,36,0
chr6:108027401-108028000,17,71,0,29,75
chr6:108192402-108197999,16,0,21,22,20
chr6:108200401-108201200,57,29,0,31,53
chr6:108687802-108691599,39,166,91,190,194
chr6:108697678-108698200,0,18,28,66,41
chr6:108698602-108700400,59,52,141,408,235
chr6:108706001-108706200,14,8,37,35,0
chr6:108706801-108708400,57,70,225,456,239
chr6:108710001-108710400,86,64,148,194,13
chr6:108710800-108712000,161,59,213,334,341
chr6:108712202-108716399,640,250,528,1265,1242
chr6:108720601-108721800,0,8,38,0,19
chr6:108743202-108747399,25,56,0,114,20
chr6:108747601-108749400,0,0,135,146,107
chr6:108777801-108778000,11,0,13,10,0
chr6:108779616-108780010,0,0,20,26,43
chr6:108981801-108984000,46,34,30,20,19
chr6:110388002-110391162,203,246,92,171,138
chr6:110526201-110532599,19,0,16,52,0
chr6:110971201-110972200,215,104,315,74,182
chr6:111032401-111033400,0,18,55,20,0
chr6:111033801-111034800,19,31,27,0,0
chr6:111610401-111611157,19,0,9,0,17
chr6:111614170-111616599,18,50,18,19,15
chr6:111656402-111659200,58,0,17,41,0
chr6:113410001-113411800,61,8,18,0,17
chr6:113427650-113427827,65,34,0,15,17
chr6:113478202-113487399,27,22,23,0,0
chr6:113558002-113562199,106,20,0,51,36
chr6:113591602-113593399,0,37,38,61,0
chr6:113924201-113925000,193,210,38,93,148
chr6:113928602-113929200,6,37,16,37,26
chr6:115579601-115580400,311,417,205,146,182
chr6:116087002-116088200,0,18,0,17,56
chr6:116465251-116465455,279,87,154,142,147
chr6:117611402-117614800,81,37,38,0,0
chr6:118397601-118397800,17,9,45,0,9
chr6:118398201-118398400,0,6,12,4,0
chr6:118437943-118438055,12,18,0,0,6
chr6:118739001-118741200,0,16,0,17,16
chr6:118795402-118797049,0,64,18,0,67
chr6:118808649-118809029,11,0,9,31,0
chr6:118810438-118810741,70,45,3,109,61
chr6:119442201-119451000,223,267,156,262,54
chr6:119454201-119455400,1655,5241,3137,3659,1687
chr6:119459201-119459801,113,573,774,1136,253
chr6:119468601-119468800,124,176,180,129,85
chr6:119476201-119477062,7086,4682,6659,5151,8433
chr6:119479802-119480999,1733,2009,4771,2405,2664
chr6:119482401-119483400,902,697,1464,768,796
chr6:119484001-119485001,420,580,1798,860,544
chr6:119489801-119490401,112,73,640,102,186
chr6:119533001-119534400,12,6,0,36,10
chr6:119626402-119629599,0,19,0,21,47
chr6:125305201-125305800,0,0,7,20,9
chr6:125361201-125361600,0,11,36,72,18
chr6:126266801-126268400,47,68,65,58,19
chr6:127351201-127354400,143,144,179,117,75
chr6:127365602-127367400,13,50,18,19,35
chr6:130810201-130810800,0,17,0,20,18
chr6:130824601-130824800,34,23,9,16,28
chr6:130825202-130826799,81,124,0,21,81
chr6:131305401-131305800,0,15,19,4,0
chr6:131323282-131323642,45,0,19,10,0
chr6:131348201-131349600,23,92,0,9,0
chr6:131365202-131370399,0,18,19,42,19
chr6:131424201-131425000,22,0,19,14,0
chr6:132403802-132405999,0,0,19,20,19
chr6:132679201-132679800,79,0,106,139,179
chr6:132719001-132719200,0,35,66,46,76
chr6:132822801-132823419,0,18,15,20,0
chr6:133906002-133906800,722,110,238,20,24
chr6:134729401-134730399,28,18,0,63,0
chr6:136255001-136256000,181,28,71,130,161
chr6:137195602-137196800,23,0,38,118,26
chr6:137222467-137222704,13,0,37,72,60
chr6:137386001-137392200,46,0,0,16,23
chr6:137811140-137812218,0,0,4,61,18
chr6:137891001-137897200,64,75,70,58,54
chr6:138993000-138994800,21,13,36,0,0
chr6:140094601-140097800,0,0,32,69,19
chr6:141466401-141467599,23,0,13,9,37
chr6:142695202-142708000,19,15,0,69,47
chr6:142724601-142725599,16,79,41,0,24
chr6:142959601-142960800,228,64,207,136,76
chr6:143408085-143412199,0,20,20,0,15
chr6:143514801-143517800,749,639,427,472,408
chr6:143524601-143526400,88,188,176,95,184
chr6:143527001-143529600,0,72,92,63,51
chr6:143531802-143532400,22,0,44,0,18
chr6:143533401-143534000,1,18,37,0,26
chr6:144087401-144088400,67,32,52,0,36
chr6:144143802-144145600,61,74,0,19,224
chr6:144216208-144216617,78,29,28,0,14
chr6:144229801-144230000,11,38,13,5,1
chr6:144248002-144250399,10,26,0,35,0
chr6:144252001-144252800,0,9,0,59,37
chr6:144259602-144261199,0,35,0,19,47
chr6:144278402-144280200,37,15,0,0,17
chr6:146558201-146558400,19,9,78,98,100
chr6:146560001-146561200,23,111,93,156,292
chr6:148645018-148646399,82,6,0,41,0
chr6:148735801-148736600,0,37,65,53,0
chr6:149127002-149133199,0,15,39,42,0
chr6:149146602-149149799,0,93,40,21,19
chr6:149152201-149155200,134,113,38,61,44
chr6:149157200-149158400,55,102,21,30,43
chr6:149422801-149424600,0,17,34,0,33
chr6:149433801-149434400,10,6,25,0,0
chr6:149441001-149442200,0,18,19,0,19
chr6:149502602-149503799,175,71,327,175,161
chr6:150406601-150407400,10,16,0,0,9
chr6:150451801-150453799,347,182,760,469,149
chr6:150455601-150457600,0,19,50,122,19
chr6:150848401-150848600,42,58,90,47,44
chr6:150854264-150854554,113,323,392,237,104
chr6:150856976-150857410,344,1028,673,356,578
chr6:150857610-150857973,364,869,676,202,236
chr6:150861202-150864199,7286,10942,6458,4222,5495
chr6:151487540-151487717,1,0,9,7,15
chr6:151627201-151629000,35,70,105,0,29
chr6:151630402-151631200,22,16,53,0,0
chr6:151632001-151632800,0,37,10,20,0
chr6:152680201-152682199,110,56,0,21,34
chr6:152745986-152746709,205,25,770,256,266
chr6:156767202-156769199,11,19,20,165,14
chr6:156770401-156771600,197,210,247,365,212
chr6:157224536-157230027,49,40,27,96,0
chr6:157374801-157375800,208,514,130,347,299
chr6:157960202-157964796,0,0,17,18,57
chr6:158206802-158209200,21,0,0,42,17
chr6:158217801-158221342,111,17,18,0,0
chr6:158222001-158222400,0,18,18,19,0
chr6:158825201-158827999,83,61,96,133,202
chr6:158828601-158829000,0,23,1,0,37
chr6:158829801-158830200,22,77,13,0,81
chr6:158830480-158830523,9,3,0,5,0
chr6:158831401-158831600,11,18,38,0,34
chr6:158831801-158832000,0,5,0,14,38
chr6:158832201-158832400,0,46,19,10,88
chr6:158958401-158959800,37,18,80,0,97
chr6:158971000-158971400,2,0,38,20,9
chr6:159827600-159828600,68,147,87,61,188
chr6:159828801-159835799,20,42,0,38,17
chr6:160160401-160162400,20,12,33,35,0
chr6:163367202-163371200,580,749,366,309,2606
chr6:163373401-163373600,38,0,18,0,16
chr6:163383784-163385400,84,74,178,90,64
chr6:163386602-163388199,26,108,67,134,105
chr6:163388401-163393200,301,116,354,417,569
chr6:163396712-163397213,51,17,40,40,63
chr6:163405777-163406154,16,0,9,20,0
chr6:166959307-166959539,114,17,25,44,118
chr6:166962001-166962200,90,66,40,47,61
chr6:167565002-167568000,224,408,209,688,273
chr6:167572202-167574200,317,440,205,540,501
chr6:167574471-167575600,0,112,18,90,39
chr6:167704402-167707000,77,265,76,173,152
chr6:167713801-167714600,10,0,11,13,9
chr6:168102401-168103000,114,95,122,193,1056
chr6:168263401-168264200,156,71,94,95,249
chr6:168915001-168917399,0,17,36,16,8
chr6:169166001-169166400,22,30,19,0,9
chr6:169167002-169170199,0,163,93,39,19
chr6:169171202-169174399,837,5824,581,864,2084
chr6:169187976-169191400,0,12,8,4,0
chr6:169932401-169936399,23,0,40,21,99
chr6:169959281-169959570,11,0,0,10,17
chr6:169962937-169963137,19,17,2,13,1
chr6:169975801-169976000,161,63,40,36,109
chr6:169976201-169977233,576,154,157,116,134
chr6:169978201-169979400,123,118,57,60,70
chr6:169989899-169990593,64,72,84,2,39
chr6:169994802-170000399,268,109,263,98,55
chr6:170017001-170020399,61,103,0,18,16
chr6:170030801-170032138,43,63,97,52,18
chr6:170034401-170038999,130,22,17,37,34
chr6:170048407-170049428,10,0,0,29,11
chr6:170079801-170081600,16,122,91,14,15
chr6:170124401-170125201,15,9,12,1,0
chr6:170125401-170126000,0,18,25,0,18
chr6:170128802-170131599,33,139,74,144,31
chr6:170152983-170153200,23,82,9,51,0
chr6:170173202-170175599,89,338,539,387,74
chr6:170185602-170187199,90,531,235,238,111
chr6:170187401-170187600,14,34,21,50,5
chr6:170188801-170189000,0,28,2,17,0
chr6:170198401-170198800,22,0,45,5,0
chr6:170206485-170206834,39,30,6,20,19
chr6:170230802-170233000,0,88,39,41,16
chr6:170234001-170236200,23,107,19,38,8
chr6:170243201-170245999,20,0,99,19,0
chr6:170250801-170251000,0,29,9,0,12
chr6:170280465-170280820,11,0,0,6,19
chr6:170462002-170465399,20,0,51,55,46
chr6:170470601-170472000,381,185,252,207,1006
chr6:170473600-170473801,165,10,28,30,207
chr6:170516801-170517463,0,16,0,15,18
chr5:788201-788400,0,0,19,25,9
chr5:793401-794000,39,241,77,20,4
chr5:943602-944200,0,15,9,0,18
chr5:960001-961200,23,36,0,0,64
chr5:964743-965134,0,16,0,20,9
chr5:968202-969800,19,64,0,0,27
chr5:983601-984000,18,145,16,39,13
chr5:1113085-1113308,106,255,149,87,99
chr5:1116802-1121999,723,2537,932,1122,1849
chr5:1122602-1125799,0,144,199,108,187
chr5:1133712-1134109,26,211,57,59,70
chr5:1151202-1155000,90,9,0,0,37
chr5:1161001-1162799,0,17,16,0,2
chr5:1448401-1449000,21,51,3,1,34
chr5:1536364-1536694,42,9,24,39,15
chr5:1554401-1556400,2,26,22,24,0
chr5:1562705-1562906,23,0,62,10,46
chr5:1564012-1564477,21,13,42,10,0
chr5:1565388-1565476,2,14,9,44,39
chr5:1635600-1636200,15,18,0,16,38
chr5:1755601-1756800,0,46,54,0,67
chr5:1788602-1795399,234,297,276,295,237
chr5:2181001-2181600,0,47,0,20,38
chr5:5329601-5332800,38,19,73,21,0
chr5:5335001-5336999,11,0,20,32,0
chr5:5343401-5344800,23,34,16,20,38
chr5:5349602-5352200,66,18,16,0,16
chr5:5360202-5361799,7,0,20,0,19
chr5:6274601-6274800,13,37,9,10,0
chr5:6359402-6361399,80,34,20,40,37
chr5:6366000-6366200,13,0,12,0,2
chr5:6759358-6761799,18,17,55,43,6
chr5:8192601-8193200,0,0,9,10,9
chr5:8937980-8938599,32,18,19,0,37
chr5:8997201-8999400,9,34,19,17,0
chr5:9553001-9553800,8,0,7,0,28
chr5:9557001-9558201,17,46,16,14,118
chr5:10140201-10141200,11,0,38,20,0
chr5:10160801-10163000,0,18,53,80,0
chr5:10201401-10202800,259,182,197,81,360
chr5:10473001-10473800,134,167,227,36,208
chr5:10485068-10485362,20,60,35,13,73
chr5:10524232-10529199,44,72,189,53,241
chr5:10550084-10553999,58,0,69,63,161
chr5:10562899-10563170,3,44,9,0,4
chr5:10970001-10970200,10,4,0,0,7
chr5:14142223-14142541,0,16,9,18,0
chr5:14534402-14535400,0,130,19,52,686
chr5:14542601-14553600,98,308,195,343,1826
chr5:14556602-14562000,24,52,151,300,1085
chr5:14564401-14565400,0,31,0,16,126
chr5:14565801-14566000,224,242,53,78,930
chr5:14569602-14576600,167,477,329,418,2822
chr5:14626201-14626600,162,107,144,115,472
chr5:14630001-14631200,0,18,0,45,46
chr5:18686401-18687600,136,395,309,92,31
chr5:18697878-18698072,0,37,19,23,0
chr5:18698244-18698618,63,4,8,21,30
chr5:18702602-18703600,61,130,85,52,61
chr5:30486802-30487599,60,98,0,15,13
chr5:32206401-32207799,100,277,117,317,75
chr5:32209802-32212400,54,180,66,144,120
chr5:32215801-32218999,0,35,77,0,19
chr5:32223002-32226199,9,31,8,82,23
chr5:32329200-32332345,23,19,0,0,39
chr5:32606201-32606800,3,52,0,3,0
chr5:32612202-32613549,490,771,368,395,467
chr5:33470401-33470601,0,16,0,10,45
chr5:33470800-33471600,88,82,97,77,73
chr5:34625602-34628999,10,0,17,0,16
chr5:34652401-34653001,80,432,810,315,696
chr5:34653200-34653600,76,284,442,162,336
chr5:34655313-34655707,60,237,433,287,416
chr5:35881801-35885400,835,184,476,1422,629
chr5:36079112-36080200,22,9,19,0,0
chr5:36089801-36090600,11,69,70,0,0
chr5:37071401-37073200,137,151,331,259,209
chr5:37082801-37083000,11,0,62,17,0
chr5:37090001-37090845,11,0,0,20,18
chr5:37102026-37102147,21,35,12,30,45
chr5:37271609-37273669,21,17,28,0,0
chr5:38468923-38469272,0,15,34,0,16
chr5:38472601-38473800,0,71,25,42,46
chr5:38672001-38673200,16,1,0,1,0
chr5:40322401-40322999,0,0,9,28,17
chr5:40873202-40873999,22,0,16,0,14
chr5:40904202-40905599,33,5,26,0,43
chr5:40906001-40907000,5,56,0,0,18
chr5:40990201-40993200,13,0,15,57,138
chr5:42925601-42925800,0,27,18,10,0
chr5:42926001-42926200,17,11,36,32,22
chr5:42949691-42950015,12,13,19,0,9
chr5:42953201-42953677,431,269,319,184,127
chr5:42961001-42962000,49,36,169,74,116
chr5:42966201-42966400,13,9,31,10,7
chr5:42974800-42975000,429,335,453,281,387
chr5:42999421-42999774,115,244,50,97,190
chr5:43004801-43005800,0,18,71,0,31
chr5:43008099-43008336,234,222,97,48,106
chr5:43009239-43009550,171,456,317,185,357
chr5:43010196-43010700,126,274,101,74,214
chr5:43711201-43711801,0,0,9,73,18
chr5:44874802-44876800,113,4,45,35,0
chr5:50363201-50366399,0,0,20,21,39
chr5:50393856-50394447,801,627,843,1178,1292
chr5:50588602-50595999,44,27,56,0,18
chr5:50646401-50651600,15,0,39,21,0
chr5:50652601-50656999,46,48,128,29,43
chr5:53877189-53877647,0,36,54,0,18
chr5:54547602-54550399,749,902,676,535,1467
chr5:54550801-54551999,262,602,346,434,814
chr5:54553801-54554000,52,214,64,79,202
chr5:54557801-54559400,43,37,79,104,75
chr5:54561201-54563999,134,17,85,76,55
chr5:54570402-54571999,129,153,178,254,275
chr5:54576801-54583000,0,37,15,0,116
chr5:54589201-54592600,173,231,95,124,275
chr5:54600601-54606000,64,39,0,102,94
chr5:54606401-54606600,44,22,4,14,35
chr5:54607002-54621999,44,200,171,224,168
chr5:54623201-54627000,153,240,159,206,450
chr5:54628001-54629000,154,292,38,191,298
chr5:54632002-54632600,16,18,0,29,28
chr5:54633802-54634600,0,0,55,30,18
chr5:54637602-54639999,21,17,88,19,0
chr5:54651202-54652600,37,0,76,0,19
chr5:54653002-54657400,85,32,0,59,115
chr5:54659800-54660600,162,296,57,239,386
chr5:54737801-54739000,57,100,82,138,194
chr5:54751402-54757799,0,257,0,113,7
chr5:55568601-55572800,18,15,37,0,15
chr5:55615601-55616800,68,137,88,218,199
chr5:55620202-55622000,312,293,514,315,253
chr5:56326001-56331600,41,34,0,0,20
chr5:56440202-56442800,89,329,82,370,353
chr5:56446929-56447975,23,127,33,154,133
chr5:56449001-56449800,22,64,107,84,18
chr5:56509801-56510000,48,34,0,51,9
chr5:56646601-56649000,71,87,0,71,32
chr5:56649538-56650399,74,135,50,49,166
chr5:56656614-56662000,16,65,61,95,114
chr5:56662802-56664199,29,18,19,0,0
chr5:56728402-56731200,0,0,32,19,17
chr5:56740001-56740600,1,18,19,20,0
chr5:57166001-57167399,23,28,19,19,19
chr5:58238401-58247999,28,23,24,39,35
chr5:58500037-58500166,11,0,0,13,6
chr5:61328325-61328380,2,0,2,4,6
chr5:61329720-61330352,0,18,32,0,14
chr5:62640001-62641200,39,56,28,6,43
chr5:62643401-62644400,0,18,29,0,18
chr5:62648002-62650599,0,0,16,17,32
chr5:65084601-65085800,23,18,0,0,19
chr5:65499001-65499600,159,138,0,43,0
chr5:65500721-65501052,153,131,57,82,47
chr5:65501637-65501995,82,75,29,10,17
chr5:65921202-65921999,45,32,13,16,0
chr5:66197517-66198720,0,19,15,31,0
chr5:67912401-67912600,0,13,6,0,9
chr5:67932401-67932800,0,33,19,9,0
chr5:67934201-67934600,0,18,9,0,13
chr5:67935401-67937200,0,113,52,17,274
chr5:67955601-67956000,0,18,19,20,0
chr5:67963802-67966399,0,142,59,38,0
chr5:68037001-68043999,41,0,17,19,0
chr5:68418002-68429599,17,14,29,31,14
chr5:69213401-69214201,95,133,58,58,15
chr5:69986801-69987200,0,0,3,16,11
chr5:69991601-69992000,809,689,833,539,523
chr5:69995201-69996000,16,0,34,0,4
chr5:70085000-70085201,149,31,74,66,47
chr5:70279801-70280800,94,60,29,31,88
chr5:70574802-70576400,19,79,38,0,37
chr5:70729201-70731399,23,32,19,0,30
chr5:70862001-70862200,48,90,136,55,93
chr5:70870601-70871400,67,55,95,102,29
chr5:71155001-71156600,129,157,150,15,43
chr5:71279201-71280400,77,7,91,21,131
chr5:71573801-71574200,53,11,37,30,31
chr5:72371202-72374000,92,47,213,144,83
chr5:72383202-72389600,402,148,594,199,223
chr5:72390001-72395400,40,0,54,44,47
chr5:72411202-72413115,0,0,51,52,19
chr5:72433001-72435399,68,0,39,19,38
chr5:72920601-72923800,0,89,20,82,147
chr5:72937894-72937969,14,6,6,15,35
chr5:72938354-72938536,27,17,54,39,51
chr5:72940119-72940393,73,0,12,20,50
chr5:72944001-72945799,45,0,73,0,65
chr5:72946802-72948199,23,37,32,13,69
chr5:73113402-73116999,1281,1344,1171,752,1118
chr5:73591070-73593599,56,83,77,171,37
chr5:74019401-74019800,46,18,20,0,9
chr5:74025801-74026600,184,9,243,0,63
chr5:74028201-74029401,53,40,190,0,20
chr5:74031001-74031800,0,0,37,15,12
chr5:74032201-74032600,22,0,46,0,12
chr5:74034885-74035252,171,52,110,33,88
chr5:74039002-74041399,150,110,189,61,23
chr5:74041802-74043399,0,0,130,28,43
chr5:74051001-74051401,0,14,9,0,17
chr5:74054202-74056999,41,108,78,0,17
chr5:74063202-74064600,23,0,42,0,13
chr5:74067201-74068600,46,0,28,20,12
chr5:74895801-74896400,33,18,9,2,34
chr5:75605001-75605400,108,260,93,227,158
chr5:75605801-75608000,777,1221,870,959,1104
chr5:75730001-75730200,0,7,1,16,36
chr5:76737275-76737397,48,24,38,39,44
chr5:76815401-76817200,0,17,9,0,38
chr5:76926402-76927399,22,53,1,27,37
chr5:76941601-76942000,8,18,0,72,20
chr5:76942600-76942801,0,22,27,21,9
chr5:76943200-76943600,86,412,74,148,179
chr5:76944201-76944400,46,121,60,80,22
chr5:76944801-76945000,17,111,46,78,59
chr5:76945089-76948199,302,1238,625,1386,1134
chr5:76986886-76987400,131,288,359,271,468
chr5:76998602-77000200,227,274,225,221,303
chr5:77011601-77011800,0,4,7,22,23
chr5:77016127-77016600,0,2,0,28,9
chr5:77018201-77018600,22,55,19,71,33
chr5:77880084-77880254,13,0,11,0,12
chr5:77882622-77882995,2,0,47,20,87
chr5:77884601-77885799,96,27,57,87,332
chr5:77892602-77894599,44,0,20,0,49
chr5:77989001-77991800,79,95,121,76,76
chr5:77991983-77992305,262,222,239,250,300
chr5:77992703-77993000,133,141,321,330,377
chr5:77993201-77995399,480,626,1546,1308,1488
chr5:78483723-78484134,9,0,17,0,18
chr5:78771001-78773199,69,96,27,0,71
chr5:78776401-78776601,43,9,7,51,39
chr5:79589802-79592000,9,0,8,8,0
chr5:79973401-79975800,255,99,134,45,38
chr5:80101602-80107399,225,120,162,173,217
chr5:80257226-80257946,77,444,165,152,332
chr5:80884201-80885801,90,95,236,67,123
chr5:80886000-80886200,34,25,33,57,0
chr5:80903401-80905400,113,51,127,103,29
chr5:80916601-80916800,37,0,3,0,23
chr5:80917601-80917999,0,25,49,18,28
chr5:80920969-80921339,46,56,124,0,52
chr5:81315001-81316000,22,0,10,20,18
chr5:81398602-81399600,34,137,71,16,83
chr5:81399801-81400800,34,2,19,33,16
chr5:82395801-82398400,0,18,59,56,0
chr5:82404402-82407599,67,15,105,21,19
chr5:82416556-82423400,10,50,60,0,34
chr5:83033802-83037599,0,50,38,103,18
chr5:83583201-83585000,778,319,668,687,2049
chr5:87260527-87264999,0,0,56,18,16
chr5:90421001-90421401,19,0,15,0,14
chr5:91350801-91351862,0,0,18,14,17
chr5:91357201-91358000,22,34,19,10,37
chr5:91359801-91361000,8,0,19,61,19
chr5:93614210-93614554,38,9,53,26,20
chr5:97067201-97067800,22,9,0,20,0
chr5:97076201-97076800,0,18,9,10,0
chr5:97077202-97083400,120,30,354,277,123
chr5:97979801-97981000,0,0,19,40,8
chr5:97986001-97986590,18,48,75,6,27
chr5:98816801-98817200,22,2,0,20,37
chr5:98827211-98828400,0,23,0,48,8
chr5:99004201-99005983,34,0,20,92,102
chr5:100364401-100365600,16,0,19,0,16
chr5:100600201-100601000,29,0,0,20,84
chr5:100757001-100759000,14,36,27,21,0
chr5:100904318-100904792,139,283,128,128,368
chr5:100906601-100907000,22,5,114,10,12
chr5:100910201-100911000,39,59,10,0,56
chr5:102749001-102751400,0,8,18,9,0
chr5:103279401-103282599,14,19,0,39,39
chr5:107025401-107027000,21,37,0,41,37
chr5:107359001-107368999,44,194,241,40,49
chr5:107675201-107676401,73,18,1,0,0
chr5:108718601-108718800,11,0,28,10,2
chr5:108732001-108732600,0,18,12,16,0
chr5:109328601-109330399,148,245,505,244,388
chr5:109330801-109331000,0,22,12,23,16
chr5:109413568-109413861,15,22,10,21,26
chr5:109413936-109414183,11,15,9,14,9
chr5:109960201-109964000,0,0,38,41,52
chr5:112519602-112525600,448,781,801,1157,352
chr5:112526801-112527400,170,532,422,612,203
chr5:112527601-112527800,192,217,145,154,103
chr5:112528402-112536199,11203,12825,3718,10030,3894
chr5:112551377-112552063,22,61,19,55,9
chr5:112933401-112935200,21,26,153,70,47
chr5:113598001-113598200,0,36,7,0,9
chr5:113598401-113599600,46,99,35,21,0
chr5:113601001-113601200,15,9,0,0,10
chr5:115189602-115190999,66,117,145,75,153
chr5:115557002-115560599,16,17,0,58,35
chr5:115564802-115565999,68,42,86,157,64
chr5:115571401-115573401,0,160,33,81,9
chr5:115574201-115576799,925,1702,829,1104,1444
chr5:115577388-115577800,190,115,191,164,174
chr5:115947977-115949000,0,0,18,34,37
chr5:116436202-116442800,19,88,58,0,0
chr5:116613602-116614799,105,18,19,8,8
chr5:116628801-116630399,57,74,209,95,183
chr5:116650802-116655999,0,18,39,56,58
chr5:116686201-116686800,22,1,0,10,0
chr5:116702802-116705599,25,61,64,83,38
chr5:116706201-116706400,0,0,31,20,25
chr5:118789401-118789800,4,0,19,12,8
chr5:118792801-118793800,59,36,19,19,0
chr5:118795401-118796600,0,8,32,0,19
chr5:118829831-118830133,28,19,11,0,4
chr5:119255401-119256463,17,50,33,20,0
chr5:119257177-119257508,29,0,0,18,16
chr5:119401802-119407199,80,39,151,205,114
chr5:119407401-119408200,22,37,38,0,0
chr5:119409161-119409600,45,16,11,22,14
chr5:122093001-122095599,0,6,39,21,0
chr5:122098402-122099799,0,18,8,0,8
chr5:122840001-122841000,64,0,59,40,9
chr5:122842083-122842236,11,0,6,7,3
chr5:124595802-124600999,62,18,19,0,58
chr5:126855001-126855800,0,355,67,41,95
chr5:126857002-126858799,0,122,0,19,11
chr5:127038401-127039000,78,119,80,136,102
chr5:127563001-127563600,0,18,0,20,5
chr5:128197002-128200381,40,57,0,18,54
chr5:131228401-131230801,420,172,204,71,179
chr5:131239202-131240599,108,18,87,113,19
chr5:131242202-131244000,234,74,166,44,0
chr5:131403664-131403833,0,0,9,25,19
chr5:131413402-131417723,653,473,131,158,259
chr5:132684600-132685200,11,0,28,6,38
chr5:133923802-133928599,107,321,280,97,65
chr5:134038202-134045599,88,9,56,40,0
chr5:134058601-134060199,0,19,18,0,9
chr5:134086867-134087253,6,33,20,0,0
chr5:134097132-134097508,53,0,128,31,0
chr5:134100068-134100798,60,27,28,88,9
chr5:134101724-134101832,11,0,17,10,0
chr5:134420382-134420686,6,7,9,0,1
chr5:135012602-135015399,0,17,10,53,3
chr5:136021493-136021788,0,24,9,21,0
chr5:137792001-137792200,15,14,36,39,0
chr5:138233801-138234000,0,6,4,0,2
chr5:138549278-138549800,43,84,37,29,115
chr5:138552401-138553000,82,97,65,122,139
chr5:138938400-138939400,103,158,77,81,95
chr5:138942260-138942555,154,248,176,187,199
chr5:138943601-138945200,378,463,594,610,257
chr5:139386553-139386729,48,92,64,209,9
chr5:139632401-139632600,17,1,24,38,36
chr5:139636151-139636533,5,5,14,31,37
chr5:139637238-139637956,49,86,19,36,57
chr5:139638117-139639080,144,91,25,26,95
chr5:139641324-139641680,0,11,9,8,0
chr5:139757802-139761000,23,38,36,0,0
chr5:140140402-140142599,0,18,19,20,0
chr5:140154401-140154600,0,9,32,10,0
chr5:140611319-140611588,12,0,0,13,26
chr5:140621001-140621200,8,0,1,15,14
chr5:140621401-140621600,13,54,29,11,30
chr5:140622401-140626599,25,153,48,39,31
chr5:141849080-141850136,0,2,0,50,18
chr5:141852401-141852600,42,86,17,0,118
chr5:141915601-141917200,11,0,10,15,19
chr5:141918977-141920599,12,0,22,19,0
chr5:142051602-142054999,0,16,12,0,38
chr5:142056602-142059599,0,18,19,0,74
chr5:142072601-142072800,2,0,0,4,11
chr5:142082001-142082599,19,96,0,25,75
chr5:142087802-142090000,13,88,246,128,0
chr5:142092402-142099599,43,0,237,68,44
chr5:142155802-142158000,141,93,304,433,216
chr5:142160601-142161600,366,107,188,277,385
chr5:142164401-142165000,127,140,215,0,156
chr5:142169201-142171199,107,60,38,21,92
chr5:142174802-142176599,0,17,18,0,76
chr5:142196001-142198400,0,2,9,3,0
chr5:142245002-142247399,32,49,18,48,47
chr5:142248729-142249800,0,0,10,10,9
chr5:142286402-142289199,0,37,17,0,17
chr5:142290001-142291800,0,8,18,0,17
chr5:142293002-142299999,20,136,89,57,69
chr5:142762001-142763400,23,34,0,20,0
chr5:143241602-143246800,0,75,33,63,77
chr5:143248402-143250599,0,18,55,62,38
chr5:143251601-143253200,90,17,0,0,43
chr5:143254331-143254700,24,16,0,10,42
chr5:143258401-143259121,0,18,0,20,18
chr5:148446801-148447200,0,18,59,63,0
chr5:148763201-148770000,132,0,34,101,33
chr5:148836801-148837000,0,37,21,36,14
chr5:148837202-148858199,7039,6748,4753,3793,8128
chr5:148858402-148861799,55,0,38,41,0
chr5:148864001-148864832,124,205,39,99,119
chr5:148868201-148869000,64,200,77,23,108
chr5:148873202-148875599,1658,1786,722,566,1802
chr5:148877001-148878600,320,773,238,173,637
chr5:148880401-148881000,43,84,43,110,131
chr5:148882201-148883000,16,293,138,122,196
chr5:148898401-148898801,61,50,46,0,30
chr5:148900001-148900200,27,0,11,51,12
chr5:149438202-149441399,4,35,0,82,0
chr5:149462801-149467200,111,0,0,17,16
chr5:149491601-149491800,11,0,36,23,6
chr5:150559002-150561799,62,54,476,0,237
chr5:150566601-150568600,0,17,96,5,0
chr5:150687601-150689000,0,44,80,26,0
chr5:150703401-150704600,158,217,674,534,376
chr5:150707217-150707572,22,61,95,76,31
chr5:150764594-150764933,0,12,15,0,12
chr5:150770801-150771800,152,65,50,21,18
chr5:150773402-150774800,64,22,37,20,75
chr5:150776001-150776200,0,9,4,16,29
chr5:151003201-151008999,0,14,59,0,72
chr5:151095377-151095825,18,56,198,347,74
chr5:151097945-151098401,67,100,253,252,67
chr5:151164002-151165400,644,463,610,524,667
chr5:151169001-151169800,2285,2183,971,1244,1961
chr5:151170001-151173000,3290,3078,2014,1992,3165
chr5:151580802-151582577,58,19,20,16,37
chr5:151585400-151585800,0,14,8,0,18
chr5:151632002-151634199,39,58,30,0,27
chr5:151728504-151728895,68,35,147,33,57
chr5:151732601-151732800,99,250,148,120,173
chr5:151735601-151736000,65,63,141,168,172
chr5:151740355-151740682,45,72,68,56,28
chr5:151818401-151818800,18,0,19,5,0
chr5:151820601-151821001,0,8,12,12,0
chr5:151947601-151948303,17,0,14,15,6
chr5:154696202-154697999,107,87,29,19,13
chr5:154882001-154882800,117,74,30,81,66
chr5:154885001-154886000,16,0,209,12,0
chr5:156798801-156804799,0,109,0,65,22
chr5:156892174-156894199,69,51,77,19,58
chr5:156911601-156911800,11,0,34,20,9
chr5:156981002-156982800,8,4,0,0,51
chr5:157024202-157027199,296,401,495,244,598
chr5:157072201-157072401,0,6,0,6,1
chr5:157073201-157073400,25,11,11,0,0
chr5:157074601-157078000,45,37,38,18,72
chr5:157710202-157711999,0,28,18,9,17
chr5:157717201-157719199,8,109,20,40,44
chr5:158312401-158315000,38,79,0,74,74
chr5:159974402-159976094,22,0,103,114,78
chr5:159981202-159982600,0,18,81,182,244
chr5:159992227-159992391,45,34,129,156,540
chr5:160240401-160240847,0,0,44,18,34
chr5:160243801-160244601,0,0,38,62,129
chr5:160245401-160246877,30,0,58,94,94
chr5:170200801-170201800,2,18,44,20,0
chr5:170217774-170217974,22,9,0,0,2
chr5:170218802-170226599,58,161,158,84,146
chr5:171797201-171798000,22,37,53,14,33
chr5:171835001-171835200,5,12,39,12,0
chr5:171845201-171846599,152,270,8,113,73
chr5:171847002-171849199,3,144,114,71,96
chr5:171850002-171858621,38,178,120,58,75
chr5:172034602-172036000,0,18,39,17,120
chr5:172206001-172208400,68,128,42,42,167
chr5:172291801-172293934,16,25,18,28,55
chr5:172794137-172794533,0,0,19,11,18
chr5:172795245-172795803,5,25,0,0,93
chr5:172799774-172800706,30,0,18,20,34
chr5:172805845-172806144,21,0,5,0,86
chr5:172807133-172807641,53,71,34,14,44
chr5:172953660-172954064,16,65,45,76,98
chr5:172973401-172974000,3,8,0,10,0
chr5:173036157-173036422,63,27,22,6,18
chr5:173045201-173045801,22,16,9,20,38
chr5:173201587-173203400,0,0,34,9,56
chr5:173296401-173299648,29,0,37,0,56
chr5:173302500-173302728,0,0,19,10,11
chr5:173309602-173311799,0,13,19,0,19
chr5:173590201-173591400,0,36,25,21,16
chr5:173601401-173603399,20,36,0,0,17
chr5:173624202-173630199,0,29,0,40,22
chr5:173659601-173661200,45,17,0,69,0
chr5:173819602-173827400,35,0,69,63,19
chr5:173838601-173843200,0,33,29,93,0
chr5:173963978-173964239,0,0,7,10,14
chr5:176440402-176442799,0,17,0,42,44
chr5:176522002-176524600,0,0,36,21,22
chr5:176903385-176903674,29,28,5,10,56
chr5:177083801-177084400,11,18,19,0,18
chr5:177317801-177318800,227,382,495,930,253
chr5:177319202-177322199,1242,1357,1277,2113,1171
chr5:177323402-177324400,56,43,133,198,155
chr5:177481522-177482200,79,31,0,43,122
chr5:177482721-177482864,21,15,9,2,24
chr5:177676801-177678199,0,17,12,38,13
chr5:177984002-177985600,23,124,10,82,65
chr5:178667002-178669400,104,87,253,404,1479
chr5:179349001-179349600,0,0,66,50,62
chr5:179355601-179357600,23,99,178,201,821
chr5:179543402-179547399,245,150,2008,54,34
chr5:179612622-179613400,342,74,220,204,173
chr5:179669802-179672199,175,175,176,149,254
chr5:179674801-179675801,510,457,230,206,393
chr5:179779189-179779407,43,72,54,22,21
chr5:179785601-179787200,203,257,453,380,219
chr5:180470402-180472999,89,382,108,63,0
chr5:180844601-180845400,1640,2182,1155,920,1036
chr5:181008001-181008400,11,34,9,0,15
chr5:181036201-181038000,21,39,25,19,2
chr5:181107666-181108241,3,1,1,0,0
chr5:181286001-181287200,23,26,57,19,41
chr5:181287801-181288800,22,0,110,61,56
chr4:50716-51009,110,34,56,29,12
chr4:207802-209400,40,595,174,247,311
chr4:263454-263784,10,9,46,103,80
chr4:689893-690233,0,3,7,31,97
chr4:692601-692801,0,11,13,28,0
chr4:694001-695400,0,17,28,20,38
chr4:698402-701399,44,54,38,20,78
chr4:1345297-1345683,100,166,105,38,117
chr4:1345804-1346471,142,157,96,118,274
chr4:1571801-1573200,23,15,0,39,40
chr4:1614802-1617000,148,139,41,101,82
chr4:1789201-1790600,0,68,0,20,57
chr4:1856678-1857265,0,42,64,22,28
chr4:1865401-1867000,0,37,0,39,25
chr4:2734201-2735400,43,7,105,55,2
chr4:3276978-3277420,22,11,0,43,7
chr4:3291866-3292447,22,30,0,9,8
chr4:3549802-3560200,77,50,119,42,38
chr4:3561401-3562600,19,33,0,0,34
chr4:3645201-3646200,0,0,150,104,18
chr4:3703001-3704200,0,8,82,0,19
chr4:3707201-3711600,65,166,912,137,401
chr4:3753201-3755399,0,37,293,209,101
chr4:3765207-3765606,0,29,237,107,53
chr4:4800801-4801600,0,0,19,20,18
chr4:5020601-5021000,21,5,57,0,0
chr4:6310601-6311000,17,18,32,0,0
chr4:6565601-6567000,23,124,19,55,0
chr4:6625801-6626000,37,16,0,40,19
chr4:6630801-6631200,29,18,0,0,3
chr4:6632602-6634600,23,143,114,100,74
chr4:7160002-7160600,0,17,0,18,28
chr4:7160801-7162000,50,0,93,21,20
chr4:7945801-7946600,43,10,19,32,0
chr4:7948801-7949400,22,35,0,0,18
chr4:7955402-7957799,943,2285,683,713,1299
chr4:7958201-7958400,88,362,181,150,190
chr4:7958602-7961999,981,2817,1235,950,2117
chr4:7963200-7964000,56,262,260,258,241
chr4:8359601-8360221,320,585,589,674,342
chr4:8528601-8529237,0,9,4,20,0
chr4:8532001-8532799,0,18,29,0,18
chr4:9540001-9542399,0,32,18,0,5
chr4:9718202-9719399,23,0,0,1,19
chr4:10060202-10061600,161,117,122,57,255
chr4:10062802-10064599,134,63,116,48,195
chr4:10371401-10372401,0,18,19,25,0
chr4:10413802-10417199,20,16,0,18,0
chr4:10432201-10432600,22,9,9,22,0
chr4:10701202-10705199,23,0,55,59,0
chr4:11480669-11481107,45,14,19,0,0
chr4:11492802-11498614,26,21,73,15,0
chr4:12852256-12853199,11,0,38,56,28
chr4:12954182-12955800,0,37,78,55,91
chr4:13268001-13269800,0,37,0,12,38
chr4:13294801-13295412,42,30,48,87,28
chr4:13519401-13519600,14,0,11,41,0
chr4:13522244-13523234,0,1,57,21,0
chr4:14254800-14255800,13,17,19,19,0
chr4:14268801-14272600,261,231,72,154,18
chr4:14276802-14278200,41,0,24,55,0
chr4:14293201-14294200,218,143,186,221,18
chr4:14308202-14310399,0,93,19,50,10
chr4:14321801-14322200,0,18,16,41,18
chr4:15450001-15453199,62,85,20,60,95
chr4:15455001-15458200,0,0,8,17,19
chr4:15466001-15467000,0,0,38,16,37
chr4:15756334-15756652,0,2,0,10,19
chr4:15762001-15762200,0,4,0,11,85
chr4:15770401-15770600,140,37,44,92,38
chr4:15770801-15772000,447,560,749,578,647
chr4:15772201-15773800,263,440,675,556,655
chr4:15773966-15774706,232,306,313,340,554
chr4:15861174-15861999,45,66,75,67,0
chr4:15868916-15869266,17,16,0,10,0
chr4:17093514-17096407,17,63,0,0,75
chr4:17447025-17449098,65,17,0,39,75
chr4:20248001-20248776,0,0,18,21,43
chr4:20623601-20626600,13,14,3,16,0
chr4:20687835-20688400,8,13,0,43,47
chr4:24510002-24512400,61,67,100,61,86
chr4:24990001-24992400,0,17,15,19,0
chr4:25104402-25105399,0,36,50,20,0
chr4:25107800-25108201,0,28,38,13,14
chr4:25112800-25113800,20,18,10,19,18
chr4:25114401-25115000,0,7,17,0,18
chr4:25290401-25291200,137,66,124,72,63
chr4:25421401-25423200,0,8,38,0,17
chr4:25424601-25425801,23,8,9,0,0
chr4:25441401-25442000,0,14,44,28,15
chr4:25448002-25451199,43,0,16,0,7
chr4:25455802-25458399,23,18,0,0,19
chr4:25467001-25468400,23,25,23,5,0
chr4:25481201-25482400,0,10,38,8,16
chr4:25484001-25485400,12,42,12,0,48
chr4:25485602-25487199,0,1,67,67,25
chr4:25523202-25525600,0,17,6,16,38
chr4:25937402-25939800,21,14,9,13,0
chr4:26127000-26128201,0,0,38,17,8
chr4:26148401-26152011,21,26,4,19,0
chr4:26440801-26441401,0,71,23,61,42
chr4:26762601-26767800,412,487,284,204,473
chr4:26779202-26783199,831,773,1154,879,773
chr4:26784201-26785200,95,118,232,129,136
chr4:26792401-26793200,26,18,13,0,0
chr4:26802839-26804000,76,104,38,142,113
chr4:26805401-26806800,39,11,19,0,0
chr4:26807001-26808000,0,46,0,6,28
chr4:26837871-26840399,0,126,86,72,56
chr4:26842401-26843600,16,119,177,66,85
chr4:26849001-26851400,46,55,76,0,0
chr4:31148601-31149800,41,0,19,21,19
chr4:31151201-31151400,24,6,0,10,21
chr4:35918401-35919200,11,9,19,0,0
chr4:37779601-37782200,70,0,0,21,126
chr4:37877401-37883270,123,50,246,143,197
chr4:37884602-37887000,46,35,131,101,164
chr4:37889894-37890300,56,35,8,60,23
chr4:38141802-38144799,40,18,19,57,18
chr4:38703202-38705000,0,17,38,36,8
chr4:38717402-38718599,44,27,38,40,29
chr4:38723202-38724999,8,0,4,0,17
chr4:38728152-38729599,106,28,77,60,90
chr4:38730202-38731800,0,9,0,21,27
chr4:38734401-38735800,43,17,19,19,17
chr4:38765537-38765648,0,53,5,9,8
chr4:38768001-38770723,89,308,114,59,61
chr4:38785424-38785743,217,398,384,146,739
chr4:38948202-38950599,7,0,0,19,56
chr4:39495330-39496209,18,18,1,0,18
chr4:39819001-39821399,43,125,155,22,17
chr4:40170401-40171000,11,30,67,100,0
chr4:40171602-40174399,247,170,277,125,118
chr4:40178601-40179400,22,7,124,58,9
chr4:40180328-40180672,45,0,9,61,0
chr4:40183952-40184243,38,17,69,11,43
chr4:40185144-40185281,22,10,60,46,39
chr4:40186254-40186364,5,6,48,23,80
chr4:40281001-40286400,24,13,13,58,20
chr4:40287801-40293599,112,91,14,86,152
chr4:40681602-40688799,53,0,0,29,35
chr4:40728202-40735799,22,37,38,20,9
chr4:41969601-41970200,208,152,106,105,56
chr4:41976601-41978400,0,6,180,48,224
chr4:42104401-42104600,0,10,15,0,2
chr4:42719202-42723999,0,17,12,19,0
chr4:47445347-47445743,0,0,28,20,9
chr4:48285602-48286221,68,18,0,0,6
chr4:48296400-48296601,23,28,36,66,28
chr4:48329002-48335401,316,654,333,312,487
chr4:48340778-48340960,7,31,30,3,30
chr4:48429201-48430400,0,5,19,14,8
chr4:48431002-48432199,10,16,28,0,37
chr4:48473201-48473600,11,49,13,8,16
chr4:48801202-48802999,0,317,18,114,0
chr4:52554202-52555799,0,0,20,21,19
chr4:52572800-52574600,0,15,0,14,29
chr4:52585401-52586400,22,15,92,48,72
chr4:52666585-52666667,37,83,52,77,40
chr4:55906601-55908200,23,124,83,0,127
chr4:55920201-55921613,42,108,0,19,38
chr4:55925201-55926000,196,383,91,85,264
chr4:55926201-55928001,350,631,508,247,249
chr4:55928337-55928427,18,13,28,8,7
chr4:55929108-55929600,352,459,331,124,198
chr4:55930602-55931200,106,284,220,94,131
chr4:55931601-55931800,20,64,48,10,11
chr4:56337001-56337400,44,79,9,7,18
chr4:62940001-62941600,23,15,14,0,41
chr4:69707732-69708799,22,0,73,10,123
chr4:69712802-69715000,32,50,69,41,197
chr4:69717801-69719799,353,250,488,635,1415
chr4:70811567-70811857,16,17,39,23,2
chr4:70843152-70843405,0,22,17,14,21
chr4:70844201-70844600,13,22,0,0,14
chr4:70849001-70850000,44,36,53,61,37
chr4:70853202-70854200,11,35,39,55,0
chr4:70865401-70865800,4,0,8,3,0
chr4:70891401-70893399,0,21,20,5,19
chr4:71031801-71033400,170,169,120,89,115
chr4:74042002-74045200,90,35,56,108,171
chr4:74065001-74065400,0,18,0,20,11
chr4:74335001-74336800,0,0,16,19,17
chr4:75470401-75470600,5,5,0,16,1
chr4:75474601-75475000,17,0,7,24,93
chr4:76943088-76944233,293,809,319,510,339
chr4:76944401-76944600,87,69,7,24,32
chr4:77042802-77045400,58,189,95,137,129
chr4:77092202-77094200,65,119,116,65,164
chr4:77095001-77096000,119,92,50,40,203
chr4:77097201-77101400,37,117,85,85,57
chr4:77103601-77105800,42,24,39,0,65
chr4:77122001-77129399,0,18,18,10,0
chr4:77144801-77149000,25,0,21,45,20
chr4:77618583-77619799,21,0,49,18,7
chr4:77653001-77653600,33,13,44,0,0
chr4:77707001-77707400,1,45,15,34,60
chr4:77710201-77710800,0,32,9,48,18
chr4:78616120-78616496,0,0,3,1,9
chr4:78621402-78623199,0,113,176,61,184
chr4:78624001-78625399,0,132,145,41,351
chr4:78733640-78740600,239,16,0,56,78
chr4:78771401-78772599,91,16,0,9,178
chr4:79893401-79894200,52,106,37,41,0
chr4:82228801-82231800,67,62,22,0,18
chr4:82462249-82463000,0,0,19,39,37
chr4:82469800-82470266,0,0,12,8,28
chr4:82475801-82476200,0,0,24,53,16
chr4:82801982-82804400,115,52,36,151,105
chr4:82811401-82812799,33,30,81,62,26
chr4:83137601-83142800,342,588,495,565,337
chr4:83145001-83146600,16,0,0,19,37
chr4:83148601-83155600,73,17,106,104,17
chr4:83170601-83175600,44,109,69,40,124
chr4:83175801-83178400,81,9,39,42,38
chr4:83178801-83181400,27,0,26,49,45
chr4:83190437-83190825,11,16,38,98,32
chr4:83191001-83191400,22,17,28,33,42
chr4:83251291-83251386,11,25,9,31,2
chr4:84527201-84528000,20,15,3,31,0
chr4:84660401-84661200,20,46,19,19,52
chr4:84661401-84661601,0,7,13,19,30
chr4:84666202-84667600,0,0,65,38,78
chr4:86855002-86858042,45,14,19,20,30
chr4:87147001-87147400,31,0,18,19,35
chr4:87152401-87153000,99,58,39,122,212
chr4:87153698-87153938,0,15,0,25,21
chr4:87868201-87873199,14,54,0,0,31
chr4:88446001-88446800,0,55,38,58,49
chr4:88447201-88448000,0,51,73,107,9
chr4:88456083-88456412,124,365,685,319,272
chr4:89121970-89124799,21,17,86,119,38
chr4:89129601-89129800,8,0,13,0,9
chr4:89134686-89135418,83,32,57,3,37
chr4:89136001-89137200,0,11,12,21,59
chr4:89317056-89317332,43,0,10,10,0
chr4:94669801-94671068,32,64,0,41,64
chr4:98150801-98152000,0,0,51,16,41
chr4:98176401-98177600,23,0,13,0,56
chr4:98179201-98180200,67,52,134,82,37
chr4:98203757-98204080,7,2,3,0,0
chr4:98672602-98673600,41,7,29,6,13
chr4:98681202-98690799,28,35,0,0,23
chr4:98778602-98780800,0,37,8,41,0
chr4:99382601-99384600,0,19,0,40,19
chr4:101017602-101022799,0,18,6,21,19
chr4:102076801-102077000,252,215,181,110,119
chr4:102787201-102788400,380,333,271,379,227
chr4:102788601-102788800,12,80,103,71,59
chr4:102789002-102791000,583,348,760,738,559
chr4:105143282-105143647,0,16,77,134,50
chr4:105350401-105351599,23,55,18,0,0
chr4:105352601-105353600,34,0,0,6,14
chr4:106034400-106035200,22,9,90,20,33
chr4:106353401-106354200,0,48,15,0,37
chr4:107817401-107819600,79,16,58,41,241
chr4:108043002-108046200,52,77,101,256,123
chr4:108332201-108332800,36,12,54,61,34
chr4:108365601-108365800,13,0,9,9,0
chr4:108526802-108537200,15,12,238,282,142
chr4:108643402-108645016,21,21,0,57,18
chr4:108682002-108683400,194,250,76,212,122
chr4:108700023-108701600,0,0,34,96,5
chr4:108702202-108703600,46,18,0,39,0
chr4:109547001-109550200,43,54,20,82,0
chr4:112451401-112452200,22,47,32,41,71
chr4:112453002-112453600,0,103,24,14,17
chr4:112672201-112672800,0,18,16,22,0
chr4:113404201-113405600,20,27,58,20,0
chr4:113406202-113407200,0,20,15,6,0
chr4:113447868-113447999,14,2,6,10,10
chr4:114727201-114728000,0,0,135,95,11
chr4:114728600-114728801,0,29,56,39,0
chr4:114729201-114729800,0,37,45,11,0
chr4:114734601-114735400,21,20,19,48,0
chr4:117783801-117784200,0,9,13,7,0
chr4:118032706-118033118,20,0,2,0,14
chr4:118720109-118720471,22,0,15,43,37
chr4:118841401-118843000,14,153,97,134,93
chr4:118846401-118846600,0,8,0,6,9
chr4:119080201-119081600,23,98,39,24,38
chr4:119081801-119082399,34,21,0,4,0
chr4:119098802-119107399,180,491,21,58,161
chr4:119116601-119119399,0,92,56,68,10
chr4:119123401-119126800,0,70,38,101,38
chr4:119128243-119128600,0,17,0,20,9
chr4:119131401-119132000,45,48,33,0,0
chr4:119313001-119314200,7,33,9,0,163
chr4:119401801-119403399,71,35,109,19,19
chr4:120052601-120054600,0,17,20,43,0
chr4:121031201-121031800,23,18,17,0,32
chr4:121129601-121130600,179,227,128,150,44
chr4:121252179-121258200,54,7,38,24,14
chr4:122710262-122711200,75,26,16,0,0
chr4:123406801-123407347,108,123,95,65,273
chr4:123408001-123410400,71,35,167,19,149
chr4:124565380-124566400,0,34,0,20,47
chr4:124639602-124643599,0,14,40,0,34
chr4:125496801-125497000,2,26,7,0,9
chr4:127846001-127846600,30,18,0,8,0
chr4:127870401-127871799,48,120,32,41,94
chr4:128224601-128225600,34,45,0,0,18
chr4:128291001-128291800,129,171,360,155,52
chr4:128558601-128560400,21,0,38,19,0
chr4:128578401-128579000,0,0,16,25,38
chr4:128688473-128691000,0,0,32,17,75
chr4:132528201-132528400,36,1,2,1,0
chr4:139233802-139235000,0,11,0,26,37
chr4:139481402-139481999,0,95,19,20,135
chr4:139483601-139485404,0,61,107,19,146
chr4:139663401-139663800,22,9,0,0,28
chr4:140759801-140760400,75,13,120,20,18
chr4:140767201-140767400,19,0,29,40,0
chr4:140769001-140770000,22,0,19,17,18
chr4:141293802-141296000,141,13,125,32,65
chr4:141486201-141487400,0,11,28,0,19
chr4:141633201-141633400,15,0,60,19,32
chr4:145195001-145196199,7,4,28,9,0
chr4:146029002-146030999,32,36,261,62,0
chr4:146032401-146033631,0,18,114,41,0
chr4:146049402-146050599,0,18,272,82,19
chr4:146051001-146051801,11,18,187,96,0
chr4:146058402-146060999,132,66,436,116,0
chr4:146210401-146211199,27,51,289,93,187
chr4:146525801-146526400,99,265,36,215,166
chr4:151403201-151405000,21,46,34,12,0
chr4:152138201-152139200,0,0,38,78,18
chr4:152254601-152260599,0,36,22,81,0
chr4:152273400-152274800,0,18,19,13,0
chr4:152281002-152282399,23,127,26,39,27
chr4:152284000-152284401,0,66,33,10,2
chr4:152304001-152304600,0,12,19,20,0
chr4:152540462-152540707,9,10,0,10,4
chr4:152544401-152545399,22,0,12,104,43
chr4:152554229-152554476,35,70,8,22,38
chr4:152563201-152563800,17,9,19,0,0
chr4:152588601-152589265,97,258,63,106,107
chr4:152591402-152591620,29,163,52,49,5
chr4:152595202-152596118,160,108,52,110,109
chr4:152604802-152607999,330,288,357,182,167
chr4:152608201-152610600,46,172,140,133,65
chr4:152610801-152611000,11,0,13,10,11
chr4:152615601-152616000,22,61,36,26,18
chr4:152763601-152764400,59,69,44,18,18
chr4:152995002-152998999,0,87,55,70,0
chr4:153418202-153420199,29,19,0,21,19
chr4:153763514-153766800,0,0,58,40,36
chr4:156010201-156010600,29,18,1,53,16
chr4:158260402-158261999,21,31,52,21,189
chr4:158262201-158262400,17,0,0,13,18
chr4:159390002-159391999,11,0,0,21,19
chr4:163448800-163449001,0,32,39,0,20
chr4:163481202-163486400,70,6,13,0,32
chr4:165502786-165504599,13,13,0,0,18
chr4:169275001-169275799,0,37,19,20,0
chr4:169724201-169724601,110,101,85,89,104
chr4:173056202-173058999,75,30,113,30,83
chr4:173072802-173075600,175,27,46,0,80
chr4:173381002-173382199,41,0,62,47,76
chr4:173424602-173427200,23,18,76,60,16
chr4:173433601-173437400,39,37,0,103,113
chr4:173458001-173458200,0,31,24,48,5
chr4:173461000-173461201,29,0,45,49,55
chr4:173476883-173477260,45,32,48,54,87
chr4:173477400-173477601,11,27,8,0,8
chr4:173478367-173478601,0,0,33,57,34
chr4:173486201-173487201,22,52,38,38,57
chr4:173519096-173519570,1,0,22,17,1
chr4:173522080-173522558,0,26,0,10,60
chr4:174334600-174335400,8,18,19,27,0
chr4:176301802-176303199,0,27,8,81,27
chr4:176303401-176304400,0,105,38,57,0
chr4:176332801-176333200,49,93,158,95,76
chr4:176341401-176341800,1176,625,639,380,849
chr4:176357202-176359599,46,0,0,32,56
chr4:176382802-176384799,23,0,20,81,0
chr4:176442402-176445127,24,0,76,0,20
chr4:177427201-177427618,17,42,48,104,74
chr4:177696600-177697000,19,9,50,15,36
chr4:182870001-182870400,11,35,0,20,0
chr4:182872200-182872287,74,59,45,28,103
chr4:182874001-182875799,848,1009,876,625,788
chr4:182946001-182946800,20,16,0,0,2
chr4:183328601-183329200,10,30,93,20,0
chr4:183333802-183338199,19,16,72,0,0
chr4:183357000-183357800,11,18,0,36,0
chr4:183454601-183457000,140,116,146,32,62
chr4:183463201-183463800,17,0,15,0,65
chr4:183485401-183485600,23,17,25,19,25
chr4:183492402-183493671,15,32,17,75,0
chr4:183519601-183519800,22,11,0,0,18
chr4:183737602-183738800,14,49,24,40,29
chr4:183760201-183760401,8,9,20,20,35
chr4:184259802-184262400,23,69,66,60,0
chr4:184265823-184266389,95,101,33,103,55
chr4:184273802-184275200,144,80,76,119,43
chr4:184283136-184283666,0,33,21,10,0
chr4:184291801-184295000,43,105,101,169,19
chr4:184309401-184320199,387,604,412,806,525
chr4:184329773-184330459,0,55,12,20,56
chr4:184355208-184355557,0,17,69,10,0
chr4:184357875-184358035,38,61,46,0,34
chr4:184359801-184360401,191,630,333,382,153
chr4:184362412-184362836,0,11,84,22,57
chr4:184383500-184383880,0,0,19,38,9
chr4:184385758-184386050,100,81,61,121,80
chr4:184386340-184386501,61,121,28,70,36
chr4:184738601-184741399,12,0,17,19,76
chr4:184957160-184961399,0,20,21,40,21
chr4:185576001-185578600,0,18,19,21,0
chr4:186014801-186015800,0,36,0,38,9
chr3:486401-487200,125,18,88,141,93
chr3:851200-851600,45,0,66,76,18
chr3:856258-856578,36,155,106,32,53
chr3:891001-891400,11,9,0,0,24
chr3:4888402-4890200,45,135,0,100,6
chr3:4994293-4994642,11,18,17,0,0
chr3:5011145-5012023,0,7,33,16,0
chr3:5220601-5220800,6,10,16,6,50
chr3:5222201-5223199,153,288,252,335,285
chr3:5259601-5262399,0,30,17,41,0
chr3:11784401-11786000,33,40,0,8,0
chr3:12264801-12269399,6,0,29,18,0
chr3:12450801-12452200,23,0,69,20,19
chr3:12453001-12453400,11,8,7,26,7
chr3:12453801-12455400,45,64,54,0,51
chr3:12456601-12464999,25,398,96,136,94
chr3:12471341-12471626,0,17,37,10,12
chr3:12475802-12477199,83,119,133,5,247
chr3:13299802-13302511,12,36,13,77,37
chr3:13423601-13425799,23,0,39,0,76
chr3:13507202-13509199,23,26,0,0,19
chr3:13514127-13514424,0,0,19,37,28
chr3:13516801-13519799,26,102,0,57,26
chr3:13811602-13812400,0,76,27,1,45
chr3:14091201-14092200,88,49,0,0,52
chr3:14207802-14212199,46,0,27,59,16
chr3:14245996-14246601,45,17,0,0,18
chr3:14395802-14396600,131,81,102,78,34
chr3:14646001-14647016,74,39,65,64,90
chr3:14650790-14650815,0,0,3,3,3
chr3:14673608-14673689,8,38,17,42,64
chr3:15528202-15530999,41,34,0,0,55
chr3:15534802-15539629,0,111,18,59,66
chr3:15556563-15556888,113,13,12,0,69
chr3:15892787-15894800,24,0,76,57,0
chr3:16011401-16013200,21,35,0,41,0
chr3:16034001-16034800,10,0,47,15,28
chr3:16066719-16071199,0,141,74,54,39
chr3:16072202-16075599,0,16,17,36,0
chr3:16129402-16130999,23,37,16,41,0
chr3:16132147-16133600,143,102,57,19,29
chr3:16135602-16136800,80,242,28,78,49
chr3:16139802-16141599,16,87,29,19,0
chr3:16233201-16233800,0,0,19,53,52
chr3:16237201-16238000,0,37,10,118,151
chr3:16239001-16241400,53,373,134,296,497
chr3:16243801-16244800,14,82,19,214,84
chr3:16515878-16516205,11,48,30,0,17
chr3:17094202-17095399,34,18,35,39,14
chr3:20013201-20015801,214,56,82,42,97
chr3:20021402-20025599,81,153,32,17,141
chr3:20158558-20158837,19,0,10,40,92
chr3:23599602-23601999,89,55,73,42,17
chr3:23607401-23609600,0,66,39,20,35
chr3:23644202-23651400,0,35,18,39,0
chr3:23656801-23657200,18,35,0,0,18
chr3:23667325-23670373,36,85,93,28,45
chr3:23985601-23988400,20,6,0,7,0
chr3:23990602-23994999,0,53,22,17,16
chr3:25689001-25689999,0,18,34,24,0
chr3:25795401-25795600,18,16,31,14,1
chr3:27105201-27109200,215,189,147,97,74
chr3:27508801-27512599,0,0,9,10,18
chr3:27641401-27643999,23,167,72,98,29
chr3:27652401-27652600,0,18,0,8,7
chr3:30340602-30358599,0,328,68,24,22
chr3:30420801-30422485,37,55,19,0,10
chr3:30470401-30480799,15,50,52,42,0
chr3:30492201-30497600,24,32,48,22,0
chr3:30604224-30604350,0,6,19,6,1
chr3:30605476-30605617,23,50,70,38,32
chr3:30702601-30706199,237,832,915,322,1114
chr3:30707602-30709599,143,248,363,236,294
chr3:31209401-31216799,22,0,18,60,36
chr3:31647059-31647338,815,530,760,579,627
chr3:31649400-31649802,235,126,426,188,120
chr3:31649977-31650140,36,55,130,60,53
chr3:32374801-32376999,23,0,27,20,0
chr3:32384601-32386200,0,7,14,34,17
chr3:32515801-32518199,147,105,231,182,236
chr3:32664288-32665181,0,3,0,20,4
chr3:32777002-32777600,26,40,11,36,38
chr3:32960801-32961600,162,26,71,97,101
chr3:32963705-32964799,0,0,57,55,19
chr3:32971202-32977200,125,29,68,65,52
chr3:32992201-32993999,64,54,0,0,112
chr3:32994200-32994800,0,13,32,0,17
chr3:33108001-33108200,15,30,14,0,0
chr3:33454801-33455000,0,9,19,14,13
chr3:33788601-33793000,26,182,0,83,16
chr3:34683733-34684600,11,0,45,44,43
chr3:34687001-34687400,19,0,92,20,7
chr3:34688001-34688200,0,0,34,10,20
chr3:36813201-36814799,0,13,56,32,19
chr3:36964002-36966199,388,337,215,86,244
chr3:36969964-36970336,0,0,7,10,9
chr3:37374601-37377599,0,51,324,61,168
chr3:37380001-37380400,0,37,22,19,40
chr3:37443401-37443600,0,34,4,22,69
chr3:38256802-38259399,0,15,0,88,19
chr3:38259601-38260799,0,55,15,0,62
chr3:38263602-38265199,0,0,71,65,39
chr3:38423201-38423400,0,9,10,12,5
chr3:38425202-38428399,296,447,301,238,175
chr3:39180608-39181338,36,52,83,20,66
chr3:39207473-39211999,20,0,17,30,0
chr3:39231202-39235600,72,139,44,0,82
chr3:39239801-39244800,404,310,0,61,93
chr3:39413401-39415670,0,0,100,95,22
chr3:39756400-39758400,59,73,63,0,52
chr3:40622402-40624399,95,36,93,84,19
chr3:40624472-40624620,21,1,8,6,8
chr3:40631401-40632200,0,17,19,20,0
chr3:40864401-40865000,22,0,9,20,8
chr3:40868401-40868600,11,0,1,10,9
chr3:40886401-40887600,23,0,0,21,16
chr3:41100802-41104399,21,0,13,19,13
chr3:41173859-41177399,10,0,9,0,8
chr3:41997636-41998492,0,23,57,0,170
chr3:42002507-42002805,0,0,36,12,7
chr3:42007601-42008400,11,0,38,10,30
chr3:42387402-42389800,0,17,9,0,17
chr3:43060801-43061399,0,37,28,30,47
chr3:43062401-43062601,11,0,17,26,18
chr3:43257158-43257349,33,0,0,5,9
chr3:43736402-43737685,23,24,53,0,17
chr3:43742202-43743599,56,18,49,87,34
chr3:43743801-43744200,0,0,28,7,9
chr3:43747002-43748999,35,0,208,92,64
chr3:43752602-43762200,316,245,1477,1316,2133
chr3:44009801-44010600,16,0,19,10,0
chr3:44016401-44017201,10,37,0,24,37
chr3:44045402-44046599,23,0,35,6,0
chr3:44334202-44335000,0,0,9,4,9
chr3:44420200-44420600,34,0,64,58,383
chr3:44479401-44479600,0,18,0,10,9
chr3:45040560-45046600,45,22,115,98,37
chr3:45816401-45819999,21,74,13,14,0
chr3:46005801-46007599,0,54,18,73,53
chr3:46015402-46016399,43,0,0,20,36
chr3:46029201-46030800,0,19,30,19,0
chr3:46053401-46055000,21,87,0,49,37
chr3:46057601-46072000,0,490,36,58,89
chr3:46097752-46098921,5,18,0,19,13
chr3:46131471-46131534,9,0,16,0,8
chr3:46138201-46139200,0,105,5,0,342
chr3:46146401-46147200,20,67,65,61,186
chr3:46153601-46155600,0,19,50,0,57
chr3:46276401-46278199,96,0,9,19,94
chr3:46278602-46288000,253,34,131,178,117
chr3:46292801-46304000,67,0,14,45,13
chr3:46426001-46426200,75,230,108,182,282
chr3:46432401-46434199,209,126,539,554,262
chr3:46490600-46492400,21,59,18,97,0
chr3:46504899-46505138,25,13,16,0,33
chr3:46505401-46506800,39,68,113,64,19
chr3:46507601-46508000,39,18,48,10,14
chr3:46509600-46510400,0,32,21,20,76
chr3:46511979-46512049,11,13,0,9,0
chr3:46815401-46815600,0,0,38,11,24
chr3:46824201-46825200,22,18,0,93,31
chr3:46913201-46914399,68,16,91,35,37
chr3:47361601-47373400,17,100,60,32,73
chr3:47478801-47480200,37,8,39,45,15
chr3:47490601-47491601,545,728,393,440,445
chr3:47492201-47492600,25,56,19,9,56
chr3:47493001-47494400,173,514,331,363,290
chr3:47583601-47584400,22,4,29,76,47
chr3:48139802-48141999,42,0,0,8,8
chr3:48303201-48304200,22,29,0,0,33
chr3:48329601-48329800,8,10,0,15,57
chr3:48511201-48511600,0,8,9,0,41
chr3:48618001-48620200,0,66,0,29,76
chr3:48915400-48916000,0,0,3,38,8
chr3:49265801-49267600,145,109,331,144,56
chr3:49434401-49435600,16,54,18,24,37
chr3:49437201-49437600,0,0,33,21,1
chr3:49441001-49441800,22,0,38,32,0
chr3:49453601-49456890,0,40,4,22,57
chr3:50264679-50265100,0,8,2,4,5
chr3:50313001-50313600,262,344,227,315,258
chr3:50314401-50315000,172,157,294,332,229
chr3:50316962-50317167,27,100,60,31,20
chr3:50651202-50656400,793,1151,1685,896,986
chr3:50658600-50658801,55,130,108,86,98
chr3:50659201-50659400,45,51,56,30,44
chr3:51539429-51539854,0,13,97,114,40
chr3:51997602-51998799,0,8,6,1,7
chr3:52023944-52024216,32,18,19,19,21
chr3:52037000-52038401,0,0,19,13,19
chr3:52038801-52041800,22,0,38,61,112
chr3:52067201-52074200,157,221,17,133,157
chr3:52243804-52244082,30,70,0,24,143
chr3:52244159-52244335,16,85,9,10,76
chr3:52253324-52253609,0,10,29,0,14
chr3:52302598-52304600,176,95,315,408,115
chr3:52306801-52308600,21,28,391,251,71
chr3:52311494-52311787,31,0,14,47,0
chr3:52313784-52314174,26,45,83,47,72
chr3:52809801-52810000,0,0,9,19,13
chr3:53210401-53210800,19,9,20,20,9
chr3:53211401-53213800,79,137,57,182,218
chr3:53216802-53221000,94,117,112,154,225
chr3:53278601-53279000,15,18,0,0,18
chr3:56721201-56721800,8,0,0,20,17
chr3:56724801-56726600,45,10,112,100,94
chr3:57615401-57617000,131,153,46,49,23
chr3:57751202-57753200,17,19,12,0,24
chr3:57753801-57754200,0,6,126,12,56
chr3:57939801-57940200,45,30,0,0,18
chr3:57987401-57988385,0,0,6,40,18
chr3:58296202-58297400,16,258,205,262,196
chr3:58298201-58298400,0,31,5,75,19
chr3:58300000-58300600,22,0,0,30,10
chr3:58441602-58442399,0,9,17,20,27
chr3:58450601-58452000,23,18,0,0,6
chr3:58560401-58562199,8,4,9,0,0
chr3:61268601-61269000,22,103,9,0,26
chr3:65105801-65108400,0,0,19,21,9
chr3:65351601-65352000,0,37,35,0,18
chr3:66985201-66986400,0,18,19,0,1
chr3:67015802-67019200,0,37,38,60,16
chr3:67075601-67076200,0,0,9,20,18
chr3:67240601-67241200,170,210,210,201,169
chr3:67357684-67358399,129,80,98,78,15
chr3:71757802-71761000,23,155,382,286,1230
chr3:71768401-71769200,0,33,74,52,223
chr3:71799002-71808199,13,44,58,62,57
chr3:71808602-71814999,9,451,81,173,718
chr3:71815401-71818200,0,34,56,19,76
chr3:71840601-71845399,0,105,79,78,221
chr3:71846802-71859800,58,522,198,388,1558
chr3:72556602-72561800,0,0,26,7,19
chr3:72593601-72599400,17,0,22,23,0
chr3:72692801-72693600,22,72,0,26,18
chr3:72697201-72698800,0,19,18,0,23
chr3:72720202-72722446,23,35,105,39,19
chr3:72744001-72747201,114,11,138,139,55
chr3:78582001-78582400,82,148,28,27,108
chr3:81484601-81486400,0,52,18,75,53
chr3:87997324-87997523,11,40,13,24,18
chr3:99312801-99314400,16,11,22,4,151
chr3:99808073-99808632,15,55,19,29,13
chr3:101613001-101613800,0,0,29,56,18
chr3:101634698-101634965,0,0,10,10,28
chr3:101635602-101636943,46,18,39,0,0
chr3:101637800-101639001,23,105,77,6,109
chr3:101701801-101702238,57,64,199,177,39
chr3:101702402-101704999,291,328,997,977,707
chr3:101705551-101705872,76,27,208,111,88
chr3:101707400-101708000,208,136,437,447,128
chr3:101863401-101864000,14,0,13,51,0
chr3:102029202-102035000,43,35,0,0,21
chr3:102035802-102039600,0,18,19,20,0
chr3:102053201-102054200,11,0,2,1,0
chr3:102077202-102083199,44,189,38,0,97
chr3:104295362-104295680,11,28,0,10,0
chr3:104460402-104461799,196,0,14,17,0
chr3:104628132-104630199,21,98,36,11,18
chr3:105353974-105354459,22,116,8,0,31
chr3:105359438-105359767,21,51,13,13,30
chr3:106255778-106256618,43,142,38,67,68
chr3:106262200-106262600,48,27,137,94,34
chr3:106269001-106269600,17,2,5,6,0
chr3:107429990-107430168,8,9,0,0,14
chr3:107930202-107932399,0,16,36,0,19
chr3:107996401-107996600,37,56,9,42,3
chr3:107997401-108000035,55,54,93,35,26
chr3:108001489-108001700,22,29,19,0,0
chr3:108006256-108006312,16,6,0,7,0
chr3:108008402-108009799,23,27,39,41,0
chr3:108015001-108015400,1,15,26,7,13
chr3:108016801-108017200,42,18,19,0,0
chr3:108017401-108018000,0,37,1,10,0
chr3:108019801-108020200,0,0,19,20,16
chr3:108021249-108023400,131,259,180,195,150
chr3:108023601-108023800,0,9,77,12,22
chr3:108024001-108025200,240,268,334,272,142
chr3:108028801-108029599,784,618,1015,1097,1031
chr3:108107401-108108000,0,92,19,18,0
chr3:108108401-108109200,0,36,19,34,0
chr3:108114401-108114799,0,0,9,10,27
chr3:108123016-108123149,0,9,9,13,0
chr3:108124197-108124735,22,0,59,54,37
chr3:108152001-108154092,0,17,18,36,0
chr3:108244801-108245000,0,12,21,2,0
chr3:108535801-108536600,0,28,25,20,6
chr3:108537601-108539000,64,18,8,20,0
chr3:108859801-108860200,345,247,145,136,160
chr3:108861201-108862000,75,66,0,13,34
chr3:112364001-112366200,154,115,61,83,90
chr3:112375401-112383200,35,18,297,105,29
chr3:112423801-112424800,67,40,1887,399,536
chr3:112425141-112425533,0,0,534,76,199
chr3:112426455-112426858,0,0,372,131,101
chr3:112436801-112438037,22,0,149,41,115
chr3:112453401-112456600,23,27,162,65,107
chr3:112506602-112510599,41,38,30,43,69
chr3:112513801-112514201,14,0,9,0,57
chr3:112516201-112516800,38,31,0,58,29
chr3:112518402-112519849,0,0,58,21,34
chr3:112586401-112587600,53,96,77,83,5
chr3:112592001-112593400,16,17,215,112,0
chr3:112772402-112783400,16,13,13,0,0
chr3:113208201-113208400,33,37,25,0,18
chr3:113209201-113209400,24,65,50,4,46
chr3:113635401-113636800,318,138,199,150,208
chr3:113697189-113697777,29,112,15,56,38
chr3:119210001-119210200,32,9,69,31,67
chr3:119210801-119211000,18,18,80,31,14
chr3:119423401-119424629,421,312,135,397,271
chr3:119425748-119426316,68,81,141,59,134
chr3:119426947-119427075,26,0,11,9,20
chr3:119561201-119563399,55,16,19,0,16
chr3:119592801-119593400,17,0,38,20,0
chr3:121956201-121959800,70,118,311,215,130
chr3:121974201-121975600,18,11,42,60,19
chr3:121976001-121976200,11,4,3,0,4
chr3:121984601-121985600,0,36,29,40,0
chr3:122030201-122031200,0,14,33,0,44
chr3:122122802-122124599,465,523,397,317,590
chr3:122353202-122357600,79,0,0,17,27
chr3:122576205-122576636,54,28,40,66,61
chr3:122902201-122902800,0,18,18,20,153
chr3:123457401-123458799,0,137,8,38,59
chr3:123459601-123460599,56,91,36,82,91
chr3:124055602-124058131,0,18,54,61,0
chr3:125068601-125070800,49,66,39,143,32
chr3:125075601-125076600,0,18,1,8,0
chr3:125219202-125222399,67,19,16,0,0
chr3:125598201-125599200,79,36,0,85,37
chr3:125605402-125607000,0,0,20,32,7
chr3:125617801-125618200,40,38,5,51,23
chr3:125643201-125648800,25,27,0,7,13
chr3:125984401-125985336,46,31,39,26,53
chr3:125990299-125990647,0,30,19,17,0
chr3:126569001-126569400,22,9,0,0,56
chr3:126981958-126982450,45,21,49,0,28
chr3:127549682-127550400,60,0,48,12,0
chr3:127553601-127553800,17,0,29,8,0
chr3:127554001-127554800,28,0,119,67,0
chr3:127560004-127561000,16,0,10,17,0
chr3:128414601-128418000,0,53,12,18,16
chr3:128421201-128421801,0,5,34,87,38
chr3:128423600-128425400,43,30,0,29,17
chr3:128504831-128505659,337,773,431,237,287
chr3:128515801-128516200,201,425,215,258,228
chr3:128531801-128533515,10,87,0,100,19
chr3:128546602-128551000,65,203,67,95,54
chr3:128551601-128552999,0,95,0,51,17
chr3:128559001-128560200,23,54,44,115,89
chr3:128567146-128569399,10,82,40,61,0
chr3:128584001-128586560,0,37,126,104,19
chr3:128587601-128589200,0,42,18,93,35
chr3:128592126-128592325,0,0,5,26,18
chr3:128617677-128617988,0,8,18,31,0
chr3:128618661-128618901,34,0,21,16,0
chr3:129065401-129066400,44,114,101,148,33
chr3:129071601-129072000,11,18,0,40,0
chr3:129077200-129077401,13,34,51,56,22
chr3:129080401-129081000,0,18,19,5,9
chr3:129081601-129082600,22,0,0,2,37
chr3:129161678-129161873,20,69,55,27,33
chr3:129164801-129165000,187,111,132,97,225
chr3:129189801-129190200,0,13,28,0,8
chr3:129199201-129200200,139,102,214,158,222
chr3:129230322-129230578,2,2,8,0,3
chr3:129231444-129231632,0,6,0,10,11
chr3:129232110-129232250,0,10,15,0,6
chr3:129233498-129233905,27,155,29,105,349
chr3:129235473-129235669,41,91,20,59,282
chr3:129238991-129239228,20,31,26,33,186
chr3:129240037-129240391,68,67,123,22,279
chr3:129245512-129245844,11,0,16,28,21
chr3:129248837-129249103,43,75,77,53,28
chr3:129336401-129336600,21,0,3,0,9
chr3:129348401-129350200,35,28,0,19,0
chr3:129364401-129366600,592,176,1521,711,1568
chr3:129368601-129368800,64,165,201,35,135
chr3:129370802-129371399,113,223,220,97,29
chr3:129378602-129380199,547,1521,1394,659,796
chr3:129627488-129627647,4,2,0,0,3
chr3:129641001-129642200,0,18,38,24,56
chr3:130749601-130750000,0,7,9,0,2
chr3:131401802-131403999,23,34,11,170,19
chr3:132380802-132383200,200,137,18,65,461
chr3:132543026-132543419,0,16,19,20,9
chr3:132549402-132551800,57,55,140,104,68
chr3:132553602-132557288,77,67,140,185,225
chr3:133479425-133480999,23,0,28,30,0
chr3:133513001-133513200,21,0,5,37,21
chr3:133521601-133527599,0,51,83,40,7
chr3:133531802-133533670,11,0,19,60,0
chr3:133540002-133541999,116,182,30,219,132
chr3:133549601-133549800,15,0,17,20,0
chr3:133561401-133564399,22,18,0,77,37
chr3:134326268-134326518,0,46,71,5,16
chr3:134326852-134327208,45,17,0,0,1
chr3:134334594-134334937,0,0,17,6,18
chr3:134464056-134464419,0,21,29,8,0
chr3:134466801-134467800,0,30,36,20,37
chr3:134470602-134473399,280,296,572,353,373
chr3:134473602-134474400,121,37,108,90,67
chr3:134474802-134475200,19,104,11,0,18
chr3:134590802-134592399,31,126,46,6,0
chr3:134593801-134595999,0,69,64,38,30
chr3:135448001-135451400,386,558,834,397,534
chr3:135452601-135453400,0,18,150,52,77
chr3:135455801-135456000,0,47,26,0,22
chr3:135456200-135456653,6,9,27,28,85
chr3:135471001-135473800,20,0,71,15,0
chr3:135488801-135489400,242,239,383,51,80
chr3:135489801-135490800,360,205,226,66,274
chr3:135491601-135492400,677,1648,1208,255,784
chr3:135492601-135493000,284,585,472,195,196
chr3:135516200-135516800,31,49,111,34,26
chr3:138041602-138044399,20,20,39,19,17
chr3:138046801-138048200,81,138,19,70,171
chr3:138048994-138049800,88,67,76,0,111
chr3:138050028-138050412,19,2,28,0,19
chr3:138060001-138060600,0,32,31,52,38
chr3:138060801-138061400,21,0,0,1,9
chr3:138337201-138338200,22,0,0,1,14
chr3:138597401-138598200,0,12,19,13,72
chr3:138645919-138646518,35,46,96,41,104
chr3:138905201-138911399,9,90,15,42,77
chr3:140832201-140833600,18,8,8,0,0
chr3:141204001-141204200,0,0,8,24,22
chr3:141209001-141209200,0,0,5,32,5
chr3:141474201-141477800,37,170,41,39,44
chr3:141478001-141480000,131,206,193,97,84
chr3:141486088-141486482,1,74,19,10,0
chr3:141619201-141620400,35,24,0,0,56
chr3:141651801-141652800,20,12,0,20,18
chr3:141655935-141657600,137,174,57,124,147
chr3:141730001-141730200,11,17,0,19,17
chr3:141734001-141734400,22,118,0,0,9
chr3:141933818-141934330,16,0,0,35,9
chr3:143065001-143065400,22,23,0,20,23
chr3:143082151-143082613,18,9,9,40,9
chr3:143087601-143088000,19,0,12,35,0
chr3:143103201-143104400,17,18,19,60,0
chr3:143132602-143137200,20,72,70,18,0
chr3:143147002-143148200,91,70,18,78,0
chr3:143150801-143153200,25,137,119,198,47
chr3:143154001-143154200,48,8,0,51,0
chr3:143216201-143218999,29,0,0,7,17
chr3:143221201-143223400,0,13,19,20,0
chr3:143236001-143237799,21,17,4,0,17
chr3:143241200-143243200,0,19,20,40,19
chr3:144483001-144484400,35,49,30,38,8
chr3:146058401-146058600,0,9,24,0,9
chr3:146165408-146165694,30,28,70,42,45
chr3:146166503-146166881,13,7,31,34,43
chr3:146176201-146179800,145,223,700,371,350
chr3:146184201-146185001,130,96,173,59,213
chr3:146190000-146190600,0,19,58,15,35
chr3:146510002-146514000,3548,3179,4943,5377,4923
chr3:148754601-148760000,24,52,6,58,0
chr3:148764201-148765400,0,17,0,11,37
chr3:150227714-150228399,38,26,0,13,28
chr3:150352001-150352800,45,18,46,20,55
chr3:150362202-150363599,0,45,65,9,82
chr3:150365002-150366199,0,18,65,21,20
chr3:150385973-150386315,18,0,19,26,15
chr3:150388201-150389400,158,112,88,60,116
chr3:150389602-150390600,110,103,87,0,113
chr3:150391001-150391800,22,43,17,16,56
chr3:150394401-150395400,31,0,50,69,18
chr3:150399201-150399600,0,9,9,30,18
chr3:150472201-150473086,9,14,19,0,0
chr3:150494201-150496136,0,37,19,0,45
chr3:150497201-150497400,21,0,0,3,21
chr3:150501401-150501600,0,55,52,6,33
chr3:150504201-150505600,67,0,39,0,103
chr3:150512801-150513600,57,0,19,0,42
chr3:150518801-150519787,20,66,69,0,163
chr3:150521600-150522000,21,27,0,14,29
chr3:150538601-150539282,0,0,12,17,23
chr3:150635002-150636799,0,59,18,61,38
chr3:150733513-150733797,8,0,2,10,0
chr3:152060601-152061600,22,0,19,10,0
chr3:152197545-152197666,11,7,6,0,0
chr3:152229801-152231400,33,64,0,41,53
chr3:152515801-152518400,89,12,0,0,84
chr3:152856602-152862199,0,0,7,15,34
chr3:152902201-152903400,23,0,19,26,19
chr3:153172401-153173399,23,74,149,188,148
chr3:153173602-153174800,21,27,106,78,52
chr3:153180401-153183800,335,140,402,212,857
chr3:153247489-153248204,22,11,19,0,47
chr3:153254602-153258600,0,19,20,0,29
chr3:154260002-154262599,46,135,108,119,58
chr3:154793801-154797600,0,37,19,77,71
chr3:154954768-154957999,111,145,53,52,36
chr3:154994801-155003800,0,21,22,24,0
chr3:155185400-155186200,0,2,0,39,88
chr3:155990401-155991600,44,16,19,0,0
chr3:156627801-156631800,0,19,0,21,19
chr3:156711801-156712399,284,362,67,282,243
chr3:156718201-156719401,124,36,64,112,44
chr3:156720601-156723678,41,74,113,87,19
chr3:156727202-156728999,0,8,57,82,17
chr3:156729401-156730000,0,0,9,20,54
chr3:157141201-157141600,39,45,93,10,47
chr3:158631801-158633000,23,48,0,0,52
chr3:158830600-158831000,582,400,495,278,587
chr3:158845770-158846240,0,9,31,0,80
chr3:158918200-158918600,0,0,11,20,9
chr3:160747201-160748400,55,134,74,63,0
chr3:161262602-161267999,613,565,1242,1165,593
chr3:161305321-161306000,9,0,0,13,18
chr3:161332602-161334800,46,16,0,0,71
chr3:167666202-167666999,1011,1182,1161,933,1441
chr3:167672401-167673400,50,290,596,512,178
chr3:169664801-169666000,0,21,48,24,0
chr3:170022402-170028399,8,0,0,40,22
chr3:171055485-171055694,227,178,190,170,158
chr3:172449456-172450600,0,11,0,10,18
chr3:172545802-172552399,49,16,58,26,247
chr3:172600801-172602200,23,85,0,89,143
chr3:172605802-172609199,0,49,47,27,135
chr3:172625001-172628400,50,16,38,41,55
chr3:177423402-177432599,27,33,23,24,0
chr3:177999602-178007000,22,18,18,0,64
chr3:178950401-178951200,99,180,425,151,148
chr3:179631001-179631400,22,37,0,0,13
chr3:182923401-182923800,44,26,16,10,25
chr3:182924417-182924677,21,0,40,0,10
chr3:182924801-182926399,38,72,130,143,59
chr3:182928073-182928327,11,31,0,10,0
chr3:183006401-183007200,15,29,19,20,0
chr3:183009600-183010800,10,17,18,52,0
chr3:183473401-183476200,8,0,71,15,0
chr3:183478401-183480401,119,46,185,81,0
chr3:184147602-184149199,2,124,20,41,47
chr3:184458801-184460999,88,240,13,0,90
chr3:184513279-184513452,19,14,9,0,21
chr3:184590401-184599599,82,492,304,312,126
chr3:185058601-185061000,32,122,149,156,371
chr3:185501801-185502000,11,34,7,45,0
chr3:185502801-185503999,204,198,88,138,68
chr3:185577401-185578400,59,1,10,0,0
chr3:185635400-185635800,51,154,32,51,67
chr3:186514201-186522199,0,29,20,43,0
chr3:186775601-186776799,0,0,19,92,17
chr3:187082201-187085599,203,227,0,64,97
chr3:187379801-187380000,31,0,9,14,0
chr3:187763601-187765800,46,0,19,26,38
chr3:187766802-187768051,22,0,15,18,13
chr3:187821601-187824399,0,81,35,152,164
chr3:187848601-187859199,15,0,13,0,79
chr3:188149801-188150000,13,81,60,49,100
chr3:188903602-188908999,0,26,0,22,6
chr3:188927002-188934600,0,55,28,30,56
chr3:189330001-189331799,21,0,38,17,0
chr3:189333802-189335399,0,0,20,34,37
chr3:189337800-189338201,0,18,9,10,19
chr3:189369801-189371000,3,14,0,0,31
chr3:189947002-189949000,0,7,0,40,19
chr3:190168201-190168400,0,16,0,10,9
chr3:190172801-190173400,11,60,0,7,0
chr3:190176201-190176400,0,27,0,10,9
chr3:190182002-190186799,43,140,0,19,35
chr3:191400001-191400600,32,44,19,29,71
chr3:193701602-193703600,254,253,488,428,184
chr3:193704201-193704400,39,14,52,56,69
chr3:193709601-193712853,9,51,45,8,20
chr3:193715601-193717799,46,0,36,29,0
chr3:193786537-193794758,196,120,104,22,0
chr3:193942031-193944600,0,0,19,13,38
chr3:194111001-194111800,57,55,10,65,17
chr3:194112201-194113999,10,0,57,0,17
chr3:194119802-194123600,130,74,149,72,42
chr3:194133847-194135408,135,399,260,116,95
chr3:194399401-194400600,0,18,7,19,0
chr3:194836201-194836400,0,9,15,0,6
chr3:194840800-194841800,0,24,76,40,2
chr3:194843401-194845000,59,52,229,0,43
chr3:194850001-194850200,153,157,183,137,73
chr3:194851401-194851800,130,271,206,108,254
chr3:194852201-194852600,2,130,135,87,79
chr3:194852802-194855600,67,44,217,19,143
chr3:194905708-194908799,32,7,7,0,0
chr3:194924201-194926600,21,55,137,19,0
chr3:194927402-194932999,83,204,455,197,34
chr3:194952201-194954400,0,53,64,56,0
chr3:195027801-195034799,0,34,17,19,0
chr3:195062602-195065399,46,17,74,53,118
chr3:195743601-195744000,0,0,6,5,37
chr3:195958801-195959000,240,233,126,88,146
chr3:195994201-195994800,37,117,28,47,74
chr3:196170953-196171084,0,5,7,3,0
chr3:196440000-196440201,31,0,11,0,1
chr3:196440401-196440800,39,23,0,14,20
chr3:196443945-196445800,61,11,113,143,55
chr3:196457001-196458600,7,31,10,21,0
chr3:196552801-196553000,137,94,143,85,70
chr3:197493802-197497199,20,0,56,41,0
chr3:198139201-198140400,23,0,47,9,0
chr2:443001-445200,134,32,33,83,27
chr2:455601-458800,0,0,20,34,19
chr2:550401-551600,0,119,108,14,0
chr2:653602-657400,22,0,53,15,0
chr2:661202-663199,65,26,38,21,19
chr2:886601-889599,22,135,19,179,37
chr2:923801-926400,0,37,19,21,19
chr2:1749401-1749800,59,70,0,55,28
chr2:1750001-1750200,0,40,13,23,0
chr2:1750550-1751799,147,179,132,101,101
chr2:2613312-2613669,10,23,0,0,9
chr2:3151201-3152000,22,36,38,16,0
chr2:3168202-3169799,0,19,20,21,0
chr2:3487601-3490400,46,61,32,26,45
chr2:3490601-3491800,17,0,19,71,55
chr2:3524959-3525335,0,2,23,20,30
chr2:6806001-6807001,1,0,76,0,8
chr2:6907664-6907915,436,864,1144,651,817
chr2:6909811-6910035,239,312,863,420,362
chr2:7109601-7109800,3,10,19,16,28
chr2:7110401-7110600,22,0,3,19,0
chr2:7145401-7147000,0,19,95,47,0
chr2:7180402-7181400,17,92,21,38,36
chr2:7189939-7192799,0,101,10,116,42
chr2:7225401-7228600,81,206,20,308,0
chr2:7241001-7245199,62,107,53,193,157
chr2:7262402-7264000,43,0,0,41,19
chr2:7269002-7270999,0,19,38,29,0
chr2:7278801-7279000,0,1,9,4,0
chr2:7281002-7282199,0,102,16,37,28
chr2:7284801-7285200,0,17,0,26,17
chr2:7377802-7378999,41,135,111,157,73
chr2:7719601-7720206,0,0,7,20,18
chr2:7744201-7744653,20,0,8,10,0
chr2:7745600-7748200,31,139,39,70,74
chr2:7748748-7749401,116,120,16,20,9
chr2:8594801-8595000,0,28,51,3,31
chr2:8840401-8843000,85,145,49,95,490
chr2:8849001-8850000,44,18,15,20,99
chr2:9564801-9566400,23,9,20,28,9
chr2:9572602-9574999,21,17,18,16,0
chr2:9577401-9577800,21,16,44,0,35
chr2:9773202-9774999,269,448,331,239,298
chr2:10109001-10110400,0,18,7,9,0
chr2:10216801-10217800,167,477,21,861,131
chr2:10431901-10432113,0,8,9,0,9
chr2:10541602-10545199,10,21,0,0,22
chr2:10566200-10566401,59,7,64,8,53
chr2:10568801-10570200,240,78,247,83,267
chr2:10899801-10902321,0,24,28,0,15
chr2:11097200-11097800,16,0,9,20,0
chr2:11433602-11434800,0,35,1,11,0
chr2:11472601-11474400,37,72,20,19,17
chr2:15132802-15135600,20,37,0,60,17
chr2:15634202-15641399,172,70,302,166,197
chr2:15641661-15643399,161,59,55,99,62
chr2:18549001-18549800,125,306,268,151,233
chr2:18550961-18553200,201,111,378,319,139
chr2:18642801-18644600,8,19,0,7,15
chr2:18742002-18743000,56,37,38,20,57
chr2:18824400-18825400,61,13,19,25,0
chr2:18828400-18828601,14,9,31,0,0
chr2:19866601-19867200,0,2,6,51,9
chr2:20021601-20024600,94,0,53,40,86
chr2:20027202-20028399,0,0,12,34,19
chr2:20182582-20182805,0,19,3,0,24
chr2:20410926-20412400,22,46,67,84,73
chr2:20418601-20420599,227,197,155,314,481
chr2:20424710-20425221,16,0,16,18,18
chr2:20465802-20468400,0,0,9,21,9
chr2:20523402-20528199,21,11,48,201,47
chr2:20536002-20544724,0,21,221,177,32
chr2:20555201-20555600,2,27,17,20,98
chr2:20556601-20558200,105,224,288,215,371
chr2:20660401-20662200,0,17,73,97,76
chr2:23711802-23714000,269,471,422,424,304
chr2:23716201-23717000,41,36,54,91,13
chr2:23719401-23721600,513,211,170,125,337
chr2:23744946-23746399,0,17,0,41,56
chr2:24785001-24786599,88,56,12,0,39
chr2:25346801-25348200,16,93,17,51,99
chr2:25348602-25350600,38,119,10,40,57
chr2:25354801-25355400,35,11,3,14,0
chr2:25364602-25365600,68,107,38,78,57
chr2:25721601-25722400,0,0,10,20,18
chr2:26139200-26139401,29,84,41,93,65
chr2:26143601-26145486,0,96,290,153,145
chr2:27029002-27030200,0,52,44,42,55
chr2:27030401-27030600,1,15,0,35,13
chr2:27180369-27181800,19,0,0,15,19
chr2:27183402-27187438,24,19,0,5,0
chr2:27525306-27525766,69,18,18,0,9
chr2:27527001-27527601,52,122,28,41,57
chr2:27735453-27735831,0,0,10,20,4
chr2:28346401-28350399,17,48,45,0,104
chr2:28350801-28351200,11,26,0,0,12
chr2:28352001-28352999,0,18,19,0,29
chr2:28359328-28359843,7,0,64,31,19
chr2:28360504-28360670,0,18,3,23,25
chr2:28360917-28361361,55,57,56,51,0
chr2:28419601-28420200,136,107,62,165,436
chr2:28429601-28433400,85,259,304,258,1485
chr2:28670402-28672600,0,0,19,20,2
chr2:28691002-28693199,0,37,19,20,74
chr2:28950202-28954599,276,139,313,1087,444
chr2:30164601-30165600,19,0,63,0,37
chr2:30201801-30202600,0,8,27,47,85
chr2:30216602-30219527,21,0,18,39,0
chr2:30226633-30226758,0,13,0,23,6
chr2:30861921-30862472,0,12,9,0,17
chr2:30865401-30867999,0,15,9,0,16
chr2:31272002-31272599,195,158,514,465,232
chr2:31272801-31274401,1197,1021,1370,1757,425
chr2:31275401-31275600,0,10,38,10,9
chr2:31275801-31276000,22,19,0,13,25
chr2:31277401-31278200,23,27,6,51,0
chr2:31293602-31300999,0,54,18,60,36
chr2:31828801-31829201,20,6,9,71,0
chr2:32323601-32323800,0,0,4,3,17
chr2:32330801-32331401,22,26,26,20,45
chr2:32333401-32334200,32,17,69,69,18
chr2:32343000-32343600,0,18,11,26,0
chr2:32354801-32355000,11,22,13,0,19
chr2:32622601-32623600,157,110,96,25,89
chr2:33573401-33574200,59,13,18,0,28
chr2:33577202-33578799,78,77,85,30,51
chr2:36834402-36835999,43,68,160,119,165
chr2:37554201-37557000,20,13,0,41,0
chr2:37773401-37777999,20,89,40,118,149
chr2:37778202-37783800,0,20,56,38,223
chr2:37785601-37787275,45,0,29,20,48
chr2:37789801-37791000,23,0,12,0,94
chr2:37792201-37799200,0,76,89,66,113
chr2:37800002-37803999,0,53,91,59,139
chr2:37808601-37810800,62,18,86,20,74
chr2:37909000-37910000,4,0,0,20,9
chr2:37916202-37918199,23,19,58,62,34
chr2:37918601-37920124,0,0,19,20,18
chr2:37920601-37921001,55,4,39,123,76
chr2:38540402-38544199,51,198,294,196,507
chr2:38549001-38549999,0,46,48,59,111
chr2:38552269-38553000,23,0,63,30,101
chr2:38555283-38559000,11,81,165,60,259
chr2:38642401-38645400,22,14,0,24,37
chr2:38791401-38795600,12,0,32,0,57
chr2:38977801-38980000,13,0,58,0,38
chr2:39133001-39145200,18,29,15,33,15
chr2:41925801-41929399,32,87,169,19,0
chr2:41957801-41958600,22,57,19,0,0
chr2:42068400-42069800,18,18,17,0,19
chr2:42083402-42087200,17,55,19,0,0
chr2:42091402-42093600,19,53,19,0,38
chr2:42101819-42102757,65,0,28,39,0
chr2:42105861-42106463,34,0,114,20,0
chr2:42124113-42124486,8,33,9,0,19
chr2:42141386-42141495,7,8,0,11,2
chr2:42793301-42793887,211,55,385,168,85
chr2:42796130-42796173,15,24,21,19,25
chr2:42800201-42801800,929,1092,1682,925,817
chr2:42803201-42806000,595,1039,1125,578,433
chr2:42809650-42810859,300,422,232,65,158
chr2:42835401-42837600,23,32,39,20,35
chr2:42843201-42848599,64,210,199,264,87
chr2:42853002-42855800,54,204,277,148,76
chr2:42856202-42862200,332,569,518,415,254
chr2:42872001-42883400,51,27,43,77,42
chr2:42912602-42915199,23,37,0,88,16
chr2:42936432-42936585,34,32,0,8,0
chr2:42938582-42940400,117,438,106,205,174
chr2:42985602-42987999,0,0,9,65,50
chr2:43009801-43012600,0,17,28,19,0
chr2:43065801-43066000,89,49,82,57,0
chr2:43075115-43075375,1,0,24,20,0
chr2:43077801-43078000,0,14,48,8,0
chr2:43083818-43083966,0,9,18,34,0
chr2:43136923-43137332,22,0,29,0,12
chr2:43140006-43140236,9,27,13,10,18
chr2:43152310-43152489,7,43,32,20,36
chr2:43174394-43174896,0,34,28,5,76
chr2:43178738-43179345,74,22,30,21,24
chr2:43194866-43195333,11,47,13,74,5
chr2:43197042-43197395,0,23,13,15,0
chr2:43205801-43207001,0,8,38,21,0
chr2:43207646-43207813,14,0,1,10,0
chr2:43212997-43213369,7,0,47,10,19
chr2:44820801-44822000,0,8,38,53,19
chr2:45352602-45355399,75,57,32,19,90
chr2:45364801-45365000,0,15,13,0,9
chr2:45380001-45381400,23,49,53,165,19
chr2:45382401-45383600,0,71,67,132,128
chr2:45616800-45618000,10,2,19,0,56
chr2:46196202-46201999,0,0,73,39,36
chr2:46205201-46206599,20,0,30,0,26
chr2:46236601-46242000,32,46,199,73,40
chr2:46246401-46246600,22,26,10,0,0
chr2:46251402-46253999,112,110,155,141,113
chr2:46285401-46287258,0,31,18,20,18
chr2:46290001-46290800,68,0,19,6,0
chr2:46634401-46635800,213,18,363,241,269
chr2:46636802-46637400,269,144,140,210,216
chr2:46643601-46648799,1003,1348,3444,2838,2220
chr2:46655201-46657637,175,112,483,430,325
chr2:46662402-46665199,0,17,149,205,188
chr2:46666001-46667400,64,18,224,112,141
chr2:46680000-46681000,13,8,38,44,39
chr2:46681801-46682400,96,73,485,185,328
chr2:46682601-46682999,32,50,137,152,112
chr2:46684001-46685400,134,134,213,171,169
chr2:46865602-46879599,0,0,71,76,52
chr2:46893401-46893951,23,16,0,3,19
chr2:46898001-46898400,0,46,9,0,18
chr2:47186401-47187800,0,18,39,0,10
chr2:47916602-47918600,230,170,277,298,277
chr2:48382201-48384200,23,17,0,2,17
chr2:48525308-48526200,34,47,119,99,64
chr2:54415002-54421399,86,0,73,17,55
chr2:54455015-54455440,13,142,26,120,94
chr2:55128801-55130400,11,0,4,13,0
chr2:55170801-55171200,22,45,56,45,47
chr2:55490202-55492199,56,17,45,0,0
chr2:55625801-55626000,83,47,119,66,99
chr2:55771601-55773599,5,0,7,0,14
chr2:55860802-55864399,75,74,109,53,49
chr2:57444017-57444654,42,0,9,41,0
chr2:57459801-57461600,21,76,61,0,0
chr2:57549401-57550263,21,18,3,56,0
chr2:57890202-57895199,179,54,19,20,0
chr2:60301601-60307599,26,21,38,24,0
chr2:60331401-60331600,49,22,43,16,0
chr2:60556936-60557517,0,0,36,10,4
chr2:60805201-60810999,0,0,7,23,28
chr2:60934799-60935110,76,63,391,242,114
chr2:61055539-61056002,477,270,260,233,275
chr2:61165402-61167199,16,17,0,36,0
chr2:61758802-61760999,46,29,19,20,104
chr2:61763547-61764012,83,40,166,151,16
chr2:61764066-61764525,0,59,97,37,21
chr2:62148028-62148291,83,114,222,36,120
chr2:62153202-62154600,385,366,316,256,288
chr2:62156802-62157999,0,48,158,109,31
chr2:62159001-62159400,112,97,19,7,24
chr2:62160001-62160200,4,46,5,117,34
chr2:62163401-62164800,46,44,170,163,29
chr2:62175602-62179799,43,30,96,74,52
chr2:62180601-62182599,0,0,38,57,37
chr2:62184602-62188200,43,70,128,122,22
chr2:62226402-62229800,0,115,77,27,80
chr2:62231401-62232800,90,161,138,62,152
chr2:62295943-62298135,0,34,19,20,68
chr2:62312802-62316000,33,38,0,21,0
chr2:62364601-62365800,10,0,19,21,31
chr2:62369002-62370999,0,31,20,0,19
chr2:62414601-62415800,5,0,0,44,8
chr2:62441601-62441800,9,0,22,0,8
chr2:62452800-62453001,0,9,19,10,14
chr2:62459801-62460000,0,0,29,10,10
chr2:62461401-62462400,56,0,10,33,72
chr2:64034801-64037200,53,0,0,61,2
chr2:64039601-64041200,45,19,20,82,0
chr2:64062402-64066799,19,0,0,101,38
chr2:64260659-64261220,57,36,31,30,37
chr2:64266602-64269799,0,0,97,60,11
chr2:64275502-64275785,88,130,95,169,706
chr2:64277221-64277745,540,600,358,394,1410
chr2:64280001-64280400,60,0,22,10,117
chr2:64280601-64281800,199,0,86,26,194
chr2:64286202-64290399,1520,1395,827,690,3884
chr2:64290801-64291682,704,623,271,458,1832
chr2:64295601-64300600,935,1467,1157,848,4776
chr2:64322002-64324200,9,5,41,59,104
chr2:64336001-64336800,0,9,0,41,56
chr2:64342386-64343169,66,0,2,0,157
chr2:64354570-64355999,0,36,19,0,53
chr2:64358802-64364799,44,58,22,24,37
chr2:64366801-64368799,11,0,17,40,9
chr2:64374401-64375400,0,37,17,36,61
chr2:64381601-64384800,90,183,36,82,239
chr2:64386601-64387200,16,25,77,17,110
chr2:64391533-64391816,27,12,0,18,37
chr2:64465401-64471199,0,0,59,78,43
chr2:64625272-64629999,0,0,12,77,5
chr2:64756801-64757600,64,255,149,124,18
chr2:64778602-64780999,21,14,18,0,0
chr2:64789800-64790401,0,21,20,61,0
chr2:64792002-64800399,37,184,128,159,94
chr2:64802601-64804199,11,0,40,21,5
chr2:64806202-64809199,44,84,95,20,26
chr2:64811602-64814000,10,64,82,26,0
chr2:64866824-64867132,39,6,19,33,9
chr2:64868802-64870399,40,19,18,123,0
chr2:64879002-64879600,197,113,225,62,71
chr2:64879802-64881800,266,267,175,241,109
chr2:64882601-64882800,93,66,42,21,38
chr2:64888800-64889001,151,170,185,78,49
chr2:64898802-64900800,113,124,353,127,69
chr2:65193601-65194400,0,37,10,0,9
chr2:65194801-65196000,44,18,19,0,0
chr2:65275143-65277199,0,92,0,61,143
chr2:65291402-65295599,125,143,176,91,94
chr2:65309201-65309400,0,10,38,0,8
chr2:66425368-66425818,14,35,0,25,0
chr2:66789474-66791324,44,0,0,40,27
chr2:68274001-68274400,0,27,0,4,12
chr2:68280802-68281400,11,5,57,10,0
chr2:68282601-68283200,3,16,9,23,15
chr2:68341201-68343400,13,21,11,0,10
chr2:68345600-68345801,0,14,13,22,9
chr2:68350802-68354000,0,54,134,143,71
chr2:69271401-69273600,0,107,0,83,41
chr2:69444801-69445200,125,43,160,147,69
chr2:69448401-69453999,837,1220,1082,1193,999
chr2:69455401-69456000,31,41,122,155,108
chr2:69943712-69944040,22,4,8,32,62
chr2:69945463-69945761,11,16,0,30,15
chr2:69946408-69947101,14,0,0,41,134
chr2:69947625-69947883,18,0,9,0,41
chr2:70104711-70104844,0,3,0,6,6
chr2:70439002-70441400,0,0,45,39,68
chr2:70569536-70570800,162,186,70,36,53
chr2:70572801-70573083,0,9,0,23,15
chr2:70791401-70799200,93,47,9,0,29
chr2:71100400-71102599,16,13,8,0,0
chr2:71182001-71182200,11,0,9,93,22
chr2:71440001-71442399,287,242,521,391,479
chr2:71443001-71443600,156,278,273,168,425
chr2:71690801-71693199,172,297,149,140,509
chr2:71694000-71695400,0,0,19,20,19
chr2:71742002-71750399,113,214,117,57,262
chr2:71799602-71801199,23,37,0,36,0
chr2:72173002-72174599,35,95,154,156,101
chr2:73707002-73708799,457,365,144,551,639
chr2:73739991-73740374,131,110,71,92,73
chr2:73746002-73747999,2236,2527,1915,1878,1943
chr2:73759001-73760400,54,54,204,140,27
chr2:73821410-73821651,0,6,14,53,0
chr2:74495708-74495894,21,47,12,66,0
chr2:74690494-74691129,0,106,144,95,69
chr2:74691801-74692400,26,76,78,133,59
chr2:74692601-74696213,108,123,271,186,184
chr2:74696446-74697799,22,56,165,130,62
chr2:74700401-74701200,0,27,55,61,27
chr2:74701601-74701800,0,1,52,4,1
chr2:74703202-74704000,22,36,132,113,52
chr2:74707402-74709600,434,610,774,510,485
chr2:74712295-74712470,55,59,36,60,22
chr2:74806202-74808399,0,5,8,59,54
chr2:74914618-74914953,0,18,25,20,66
chr2:74915566-74916799,0,102,106,52,64
chr2:74944801-74946213,21,0,39,0,35
chr2:74954402-74954800,0,61,0,20,21
chr2:74984801-74985400,11,0,29,0,9
chr2:74985801-74986399,6,58,19,61,29
chr2:74991601-74992600,0,18,58,58,33
chr2:75221801-75223000,0,33,53,21,0
chr2:75275801-75278799,103,193,259,232,157
chr2:75286801-75289199,28,37,67,39,17
chr2:75289601-75291200,23,29,18,23,19
chr2:75292402-75293599,43,36,44,76,55
chr2:75309801-75311400,19,19,0,30,0
chr2:75320840-75322399,20,18,0,21,0
chr2:75338801-75339600,22,0,37,4,0
chr2:75343601-75345400,45,46,36,0,17
chr2:75374202-75375199,0,0,45,17,18
chr2:75404602-75406599,23,34,20,40,69
chr2:84911602-84912600,13,0,10,0,17
chr2:85311602-85314217,17570,29188,12831,12308,20680
chr2:85493802-85494399,57,0,0,30,53
chr2:85500313-85500649,0,0,2,3,9
chr2:85652201-85655200,40,51,38,20,29
chr2:85716755-85716837,6,0,3,12,0
chr2:85799201-85800200,0,6,2,20,9
chr2:85800601-85800800,3,36,0,10,6
chr2:85803201-85803510,0,9,3,19,0
chr2:85804001-85805400,0,18,19,0,15
chr2:85907001-85908556,79,138,25,97,33
chr2:85910545-85914800,165,336,146,387,271
chr2:85918001-85918201,34,32,31,30,102
chr2:85919801-85920000,64,7,64,20,60
chr2:85924001-85927999,197,112,71,146,224
chr2:85929602-85932199,217,287,155,232,265
chr2:85932401-85932800,68,79,19,61,43
chr2:85949002-85950199,21,18,0,0,70
chr2:85951402-85957599,18,98,7,16,46
chr2:85978202-85980999,125,47,78,79,73
chr2:86018632-86018952,48,14,9,0,21
chr2:86494890-86495269,11,0,60,41,12
chr2:86495851-86496201,0,18,18,34,21
chr2:86809551-86809952,381,592,512,174,1276
chr2:86809986-86810508,828,957,929,365,1732
chr2:86811576-86813800,123,111,164,57,336
chr2:87024039-87024734,58,18,108,139,52
chr2:87025602-87029599,23,136,127,59,154
chr2:87198001-87199200,55,205,13,74,68
chr2:87374201-87375799,19,68,24,10,0
chr2:88188002-88189200,89,172,91,213,56
chr2:88190811-88192200,43,72,37,75,52
chr2:88668757-88670103,0,18,39,20,0
chr2:88671633-88672433,50,71,122,58,0
chr2:88687401-88687800,66,19,65,101,63
chr2:88751773-88757000,7,38,152,42,39
chr2:90265716-90267771,21,55,0,2,12
chr2:94708601-94708999,0,0,9,13,1
chr2:95004801-95006000,34,11,15,0,0
chr2:95006202-95008800,38,101,56,109,48
chr2:95010201-95011200,22,36,115,0,0
chr2:95024301-95024551,33,41,57,44,41
chr2:95264401-95265800,39,59,115,62,19
chr2:95267601-95268400,40,120,109,192,108
chr2:96139801-96140000,20,0,39,41,25
chr2:96147681-96148180,0,0,13,18,38
chr2:96245745-96245928,275,308,335,188,354
chr2:96473910-96474094,21,14,6,0,9
chr2:96474201-96475599,0,119,19,0,38
chr2:96486504-96487272,43,0,27,8,7
chr2:96556721-96557292,6,16,0,10,0
chr2:96564802-96565799,16,18,19,25,9
chr2:96587402-96588800,0,13,19,5,0
chr2:97049001-97049800,22,18,61,43,0
chr2:97703801-97705000,418,395,77,211,164
chr2:97751515-97753600,518,159,244,215,343
chr2:97754601-97755800,122,17,44,66,8
chr2:97997791-97998200,0,95,9,23,7
chr2:98596682-98596843,100,146,188,135,190
chr2:98740001-98741000,185,168,120,160,196
chr2:98742801-98745399,190,218,112,353,204
chr2:98745601-98746000,31,37,10,49,23
chr2:98746802-98752999,667,1056,394,942,681
chr2:100587401-100590000,27,28,16,63,16
chr2:100819034-100819540,21,0,0,41,18
chr2:101897001-101898200,44,0,27,32,68
chr2:101899001-101899200,0,9,39,0,16
chr2:101899820-101900841,22,0,48,38,49
chr2:101908202-101914400,0,0,39,16,46
chr2:102033457-102033730,0,9,38,53,97
chr2:102059188-102059800,56,92,218,138,1846
chr2:102060001-102060200,22,108,55,10,869
chr2:102062161-102062759,0,0,123,73,89
chr2:102261601-102263799,0,0,16,68,131
chr2:102266400-102267200,0,0,28,41,37
chr2:102268001-102270000,23,14,22,92,152
chr2:102273202-102274799,40,0,85,99,331
chr2:102276202-102279600,0,0,56,55,131
chr2:102282201-102284600,0,0,21,19,17
chr2:102301601-102302400,0,18,38,17,94
chr2:102303802-102306800,0,18,57,61,258
chr2:102399801-102402200,0,17,119,176,167
chr2:105106601-105107600,22,0,7,40,18
chr2:105121401-105121800,22,0,3,0,7
chr2:105127001-105130600,0,35,36,68,0
chr2:105147853-105148042,0,28,0,48,9
chr2:105187001-105188000,10,36,0,20,0
chr2:105239602-105240599,17,29,17,20,0
chr2:105251801-105252642,0,15,0,5,18
chr2:105253402-105257600,43,56,21,79,20
chr2:105260801-105262000,0,35,33,0,83
chr2:105356983-105357157,26,26,72,49,35
chr2:105731202-105735999,14,17,0,19,0
chr2:105971802-105976199,0,74,16,89,10
chr2:106052202-106060199,83,38,0,43,0
chr2:106084002-106088999,224,340,482,176,393
chr2:107897601-107898600,55,18,165,103,334
chr2:108688801-108689799,22,133,0,0,76
chr2:108689955-108690437,10,71,8,0,65
chr2:109019001-109021800,20,6,0,0,17
chr2:109516002-109518199,23,18,0,20,16
chr2:109674601-109679999,40,0,13,0,13
chr2:109689002-109694999,44,14,22,16,7
chr2:109720402-109722599,0,18,16,20,30
chr2:109862602-109863999,133,64,58,43,228
chr2:112031908-112032084,16,17,0,6,18
chr2:112194002-112195200,10,0,33,21,0
chr2:112201002-112202000,2,18,0,16,0
chr2:112362002-112363399,68,37,88,172,141
chr2:112679401-112680000,33,47,86,103,541
chr2:112691026-112691410,43,0,16,37,155
chr2:112695802-112704000,73,49,93,111,194
chr2:112934355-112935000,29,9,0,6,12
chr2:113309202-113311999,46,34,53,0,0
chr2:113567162-113568600,139,304,62,130,312
chr2:113570001-113572600,548,284,148,52,1090
chr2:113583981-113584129,18,45,49,18,31
chr2:113760202-113761199,19,18,96,20,0
chr2:113761402-113763199,64,61,187,9,56
chr2:113764401-113765799,46,54,120,32,27
chr2:113806201-113807026,43,51,153,13,18
chr2:113824268-113824468,30,15,28,24,9
chr2:113826201-113827600,100,132,178,83,0
chr2:113846202-113847599,46,37,19,51,38
chr2:113850401-113852200,32,8,54,0,0
chr2:113858823-113859041,16,15,0,0,14
chr2:113872001-113872801,33,26,10,40,0
chr2:113880202-113880800,17,4,0,17,0
chr2:113886523-113886787,101,80,22,89,76
chr2:113968601-113968800,22,30,0,53,80
chr2:118112002-118114599,268,313,323,331,301
chr2:118115201-118116001,11,39,165,53,27
chr2:118116201-118116400,9,23,9,8,3
chr2:118120429-118120806,55,131,44,22,80
chr2:119282461-119283426,359,291,136,195,398
chr2:119283840-119284405,91,129,82,114,135
chr2:119290799-119291799,22,92,54,0,37
chr2:119704696-119705800,23,0,12,0,5
chr2:119717801-119718000,0,11,11,10,16
chr2:119718202-119718999,15,77,101,71,37
chr2:119723401-119724400,101,54,197,67,33
chr2:119730201-119731201,28,31,62,93,33
chr2:119731801-119732400,30,24,38,21,57
chr2:119753268-119754800,45,74,19,37,15
chr2:120298200-120298401,0,16,70,23,3
chr2:120305402-120306600,44,61,24,40,40
chr2:120310043-120310666,22,13,61,55,18
chr2:120326801-120329800,22,54,49,146,224
chr2:120336601-120342800,64,0,157,84,209
chr2:121771601-121773800,108,34,75,41,38
chr2:121775600-121776600,0,51,10,40,37
chr2:126655169-126655457,20,13,20,44,0
chr2:126822201-126829800,45,18,0,0,37
chr2:127111201-127111800,61,40,0,0,14
chr2:127255201-127255600,22,2,25,13,0
chr2:127896401-127902199,104,148,88,165,57
chr2:128198801-128199200,11,54,17,45,35
chr2:128220001-128220400,14,12,9,0,3
chr2:128346602-128349800,23,54,56,73,0
chr2:128405602-128410400,21,17,18,0,0
chr2:128424378-128428399,48,0,51,21,0
chr2:128448801-128450000,68,68,18,21,0
chr2:128450201-128451400,0,163,35,0,19
chr2:128457602-128460000,25,37,18,19,17
chr2:128467401-128468334,0,18,0,20,17
chr2:128487602-128492799,140,107,204,42,103
chr2:128499402-128500799,0,18,39,11,17
chr2:128501002-128506999,62,160,106,81,89
chr2:128510401-128515599,0,37,72,77,38
chr2:128702601-128703600,16,0,11,74,26
chr2:129711401-129712801,56,69,0,20,8
chr2:129801202-129803399,23,56,0,20,0
chr2:130349417-130349678,22,15,20,51,9
chr2:130349801-130350600,146,299,187,38,207
chr2:130355139-130355392,111,54,51,26,116
chr2:130384602-130388600,867,1110,1256,831,514
chr2:130391241-130391630,20,14,34,20,28
chr2:130391660-130392105,22,18,86,38,18
chr2:130396401-130397000,0,13,109,56,72
chr2:130719801-130720600,11,11,27,1,46
chr2:130819202-130821199,20,0,20,16,37
chr2:132366401-132367600,0,73,19,16,19
chr2:133765601-133766800,0,0,9,21,19
chr2:133986402-133987399,0,15,19,0,37
chr2:134020002-134022506,45,0,28,20,0
chr2:134039402-134040800,56,35,58,0,19
chr2:135732201-135735200,22,0,15,20,18
chr2:135885601-135886200,0,9,43,24,18
chr2:135889601-135894999,105,111,212,132,94
chr2:135904202-135905200,22,0,49,73,28
chr2:136104002-136108399,0,0,39,59,54
chr2:136131950-136133071,13,0,52,10,0
chr2:136151001-136153400,0,0,112,19,35
chr2:136191201-136192399,0,4,38,21,0
chr2:136327098-136327862,11,0,38,37,19
chr2:138027001-138029600,23,31,19,21,0
chr2:138071002-138073199,0,56,97,170,57
chr2:138085002-138088599,21,17,54,0,0
chr2:138212601-138212800,0,0,3,1,20
chr2:138272401-138273000,41,56,19,18,38
chr2:138291601-138292001,22,20,13,35,19
chr2:138596400-138597000,0,12,39,20,34
chr2:142840001-142845399,0,0,20,102,13
chr2:142856602-142860999,0,37,16,17,0
chr2:142866798-142867416,0,32,29,10,16
chr2:143067601-143072400,14,262,18,39,149
chr2:143074602-143075600,22,18,0,0,78
chr2:143083713-143084024,2,8,0,11,15
chr2:144628601-144628800,11,0,10,0,15
chr2:144629601-144631200,23,1,0,0,15
chr2:144631801-144633799,20,172,0,62,19
chr2:144651001-144651400,44,26,28,16,0
chr2:148518401-148519800,23,11,19,30,0
chr2:148520802-148531599,290,578,398,308,283
chr2:148533401-148535800,21,99,33,65,17
chr2:149566800-149567001,0,20,46,68,8
chr2:149567801-149568600,44,109,482,255,144
chr2:151324801-151327600,12,10,17,0,24
chr2:151763002-151772999,658,267,368,271,299
chr2:151774002-151776599,524,477,158,229,275
chr2:151781001-151782601,452,101,67,145,291
chr2:151783000-151783400,85,41,45,87,23
chr2:151786002-151786999,162,166,218,199,174
chr2:152113801-152114999,71,71,0,127,71
chr2:152804494-152804733,50,64,40,95,61
chr2:152823801-152824000,128,139,241,129,208
chr2:156346401-156347200,0,18,0,31,28
chr2:156355001-156357600,97,18,19,109,42
chr2:157031602-157032999,0,0,3,1,17
chr2:157052402-157054399,26,17,71,21,0
chr2:157329001-157329800,68,74,373,769,42
chr2:157331828-157332059,54,38,89,90,21
chr2:157338001-157338400,32,0,19,51,0
chr2:157340001-157340601,22,27,19,124,52
chr2:157345725-157346599,45,27,107,215,128
chr2:157363002-157364999,104,216,208,377,97
chr2:157367401-157368200,22,36,104,58,0
chr2:157375801-157376800,74,35,19,44,0
chr2:157386402-157388200,45,15,38,83,0
chr2:157391182-157391594,0,17,45,24,0
chr2:157403117-157403345,0,13,45,44,0
chr2:157409133-157409565,152,90,373,436,139
chr2:157691802-157693799,44,19,20,0,0
chr2:159633801-159638600,14,35,0,0,5
chr2:159927001-159927200,27,41,22,41,27
chr2:160703001-160705600,46,104,0,35,0
chr2:162116339-162119599,0,0,20,8,20
chr2:162256202-162262600,0,54,40,0,39
chr2:164651001-164652000,98,172,391,541,76
chr2:165743201-165744400,44,36,19,83,85
chr2:165846801-165847200,72,43,76,57,0
chr2:168424201-168425800,23,19,0,21,0
chr2:168427202-168427999,15,25,58,41,18
chr2:168428201-168428400,1,0,50,19,0
chr2:169104686-169105014,40,28,24,42,211
chr2:170088401-170089400,41,103,101,43,0
chr2:170968401-170968800,20,9,0,10,14
chr2:170969202-170970599,0,17,44,9,17
chr2:170983601-170984600,104,455,47,142,127
chr2:171244001-171250400,191,303,309,156,135
chr2:171266002-171266599,46,0,9,29,18
chr2:171267801-171268800,34,68,132,40,18
chr2:171271202-171272930,129,46,44,9,79
chr2:171511401-171515199,0,60,53,20,18
chr2:171762602-171764068,21,71,171,159,71
chr2:171781438-171781838,180,187,351,319,401
chr2:172415602-172417199,2,15,20,0,0
chr2:172613200-172613401,343,195,248,473,258
chr2:172667202-172667800,0,0,38,1,36
chr2:172668000-172668201,29,0,12,0,30
chr2:173970000-173973400,45,149,194,286,161
chr2:173978001-173979200,0,0,33,21,19
chr2:173982202-173984399,26,37,39,62,112
chr2:173984802-173987800,22,40,0,0,52
chr2:173989261-173992999,44,54,0,20,37
chr2:174521202-174526799,879,443,975,570,2712
chr2:174531574-174532400,68,34,99,86,199
chr2:174536001-174536200,0,17,14,7,9
chr2:174536260-174537000,22,63,79,55,158
chr2:174542401-174542800,0,0,17,17,18
chr2:175061401-175063671,44,204,112,178,360
chr2:176824402-176827600,0,31,28,113,71
chr2:185978924-185980251,11,17,82,0,38
chr2:186009201-186010000,22,0,10,5,37
chr2:186426401-186427200,0,19,96,33,18
chr2:186515201-186515800,232,146,289,121,174
chr2:186516001-186516200,13,9,25,10,66
chr2:186518801-186519600,134,130,276,138,71
chr2:186532601-186534201,11,37,38,134,37
chr2:186539201-186539400,38,5,5,0,0
chr2:189309001-189310000,0,46,38,4,0
chr2:189382827-189383209,11,16,9,4,0
chr2:189511601-189518600,20,17,17,57,34
chr2:189541373-189544200,0,0,17,42,14
chr2:189551801-189556799,134,73,76,40,93
chr2:189768001-189768400,168,244,312,306,298
chr2:190404001-190405600,0,95,26,84,0
chr2:190570401-190571200,0,16,19,0,17
chr2:190571574-190572599,0,8,39,9,38
chr2:190573002-190574599,0,35,20,10,13
chr2:190574801-190576200,37,18,0,20,0
chr2:190582602-190584200,23,68,0,0,5
chr2:190845064-190845428,0,47,47,41,38
chr2:190846401-190848599,217,251,520,238,156
chr2:190849201-190850912,0,106,191,0,38
chr2:190853601-190854799,53,97,314,247,112
chr2:190857402-190865000,68,55,473,381,56
chr2:190866801-190867799,0,0,73,23,3
chr2:190870202-190871999,269,599,342,173,330
chr2:191176802-191179799,67,54,53,81,71
chr2:191180202-191181400,0,0,19,34,56
chr2:191188801-191189800,22,0,58,80,72
chr2:191191601-191195400,22,50,0,113,28
chr2:191201602-191203600,65,145,127,78,144
chr2:191204529-191204720,44,2,0,0,9
chr2:191206201-191207999,67,74,57,19,58
chr2:191616601-191627399,16,13,0,14,13
chr2:191747000-191747800,11,0,70,20,60
chr2:191747976-191749134,39,0,20,18,44
chr2:191830202-191832799,0,0,62,42,19
chr2:195552001-195554000,23,14,20,0,19
chr2:196131275-196132800,0,0,29,33,15
chr2:196950801-196951200,22,18,5,26,4
chr2:196952001-196952200,0,11,17,10,0
chr2:196952601-196953400,0,24,19,20,0
chr2:196957801-196958401,0,0,44,18,18
chr2:196959602-196960400,15,0,55,41,66
chr2:196962801-196963600,39,236,77,121,124
chr2:197477602-197479799,88,0,50,41,68
chr2:197482402-197483400,22,0,34,8,12
chr2:197483601-197485400,0,186,103,66,103
chr2:197555602-197557200,138,35,121,99,97
chr2:197557401-197557800,56,0,28,40,47
chr2:199756001-199757881,22,36,0,30,0
chr2:200201201-200204199,0,18,11,20,0
chr2:200483201-200484201,110,18,0,126,70
chr2:200485000-200485600,22,37,16,39,172
chr2:200486201-200487200,0,0,34,12,7
chr2:201099401-201099800,10,62,2,0,22
chr2:201113860-201113998,71,81,122,77,114
chr2:201179801-201180600,22,86,28,57,11
chr2:201363801-201364349,0,4,17,9,6
chr2:201483600-201483800,0,18,26,15,0
chr2:202305201-202305800,0,16,57,36,0
chr2:202313601-202314600,0,18,48,10,0
chr2:202316202-202318599,89,17,109,104,26
chr2:202327602-202328599,0,15,57,65,18
chr2:202338801-202339801,0,56,29,44,0
chr2:202343801-202344600,22,0,19,41,6
chr2:202360601-202362400,102,243,57,205,94
chr2:202366778-202367022,41,9,22,10,9
chr2:202373001-202373200,14,37,16,32,0
chr2:202608001-202611399,91,16,267,129,33
chr2:202623602-202625999,21,0,33,0,17
chr2:202626201-202630200,23,9,10,21,34
chr2:203309601-203310199,130,175,123,50,240
chr2:203741043-203741328,54,40,142,72,52
chr2:203746002-203749399,340,78,242,216,178
chr2:203750401-203751000,61,8,99,88,0
chr2:203751201-203752600,148,46,194,47,82
chr2:203758602-203761800,19,38,166,156,0
chr2:203857401-203859776,21,0,48,122,0
chr2:203860801-203861605,22,0,19,41,8
chr2:203866601-203866800,15,0,46,2,0
chr2:203884801-203899599,22,0,18,20,0
chr2:203934113-203934400,22,7,9,6,0
chr2:203986802-203995399,25,41,10,11,42
chr2:205985601-205986799,0,32,19,40,32
chr2:206105602-206106999,43,22,46,26,0
chr2:206970601-206972600,32,63,0,21,49
chr2:207670801-207671400,104,129,53,59,22
chr2:207673402-207673999,288,218,368,149,0
chr2:207674600-207675400,1427,1300,720,789,190
chr2:207675802-207678799,7102,5982,2676,2427,1171
chr2:207775601-207776400,16,46,44,0,13
chr2:207778921-207779000,0,9,2,0,14
chr2:207782132-207783399,22,0,19,36,0
chr2:207784602-207788000,76,49,38,41,118
chr2:207800801-207802599,0,15,38,17,0
chr2:207804401-207804799,20,13,0,20,0
chr2:207805401-207806600,23,0,85,21,19
chr2:215351511-215351759,11,37,51,24,31
chr2:215355783-215356166,0,46,57,20,9
chr2:215357910-215358286,38,71,10,27,0
chr2:215927001-215928600,23,37,20,41,57
chr2:216214801-216215000,10,0,118,124,18
chr2:216242062-216243200,10,15,0,18,0
chr2:216582802-216585000,55,29,0,20,16
chr2:217228601-217229001,56,18,55,0,17
chr2:217231001-217232000,20,65,97,9,79
chr2:217238801-217240400,0,23,12,0,3
chr2:217247401-217250999,0,8,0,39,17
chr2:217256060-217256885,72,42,38,16,15
chr2:217258401-217258600,2,28,0,17,26
chr2:217779401-217779600,22,39,13,41,18
chr2:217785353-217786000,82,46,0,0,66
chr2:218140001-218143600,0,65,132,97,238
chr2:218143801-218144400,13,0,19,30,61
chr2:218145001-218158199,493,2394,1342,1452,5850
chr2:218191401-218194000,0,0,76,165,74
chr2:218211401-218211800,45,0,12,13,0
chr2:218370385-218370953,19,0,23,121,120
chr2:218372089-218372305,0,0,2,4,44
chr2:218762001-218763000,34,90,127,51,66
chr2:218763602-218765000,67,35,108,76,12
chr2:218775601-218777200,0,19,38,2,47
chr2:218820391-218820751,45,6,27,10,36
chr2:219362001-219363600,337,576,191,206,297
chr2:222353949-222354400,26,9,17,0,0
chr2:222714001-222715400,18,0,19,0,27
chr2:223695801-223701000,23,0,19,21,32
chr2:223744401-223744801,22,0,14,7,0
chr2:223947402-223953399,493,438,366,195,202
chr2:223953602-223955200,45,165,0,21,67
chr2:223969001-223971000,44,0,27,62,0
chr2:224751801-224752800,0,36,10,0,18
chr2:226720802-226722799,20,31,0,0,17
chr2:226723202-226727400,81,71,0,0,57
chr2:227000200-227000401,0,20,49,65,18
chr2:227402601-227402800,0,0,19,20,38
chr2:227406017-227406439,0,18,9,20,49
chr2:227419401-227419600,0,0,8,4,27
chr2:227419801-227422199,17,17,18,6,101
chr2:227434802-227439799,0,85,38,0,156
chr2:227444001-227445600,19,68,61,56,99
chr2:227447001-227458000,98,495,727,254,1236
chr2:227462464-227462866,11,9,0,16,87
chr2:227568601-227569000,33,261,107,33,396
chr2:227570801-227571000,54,151,80,37,332
chr2:228363682-228364400,22,17,26,14,33
chr2:229330906-229331712,22,0,19,2,0
chr2:229341602-229344858,87,15,20,0,0
chr2:229725384-229726671,0,12,19,10,0
chr2:229733202-229734927,36,37,39,82,56
chr2:229753000-229753200,7,0,9,25,9
chr2:230405401-230407200,3272,6085,5592,3378,3130
chr2:230582001-230584000,230,189,216,377,54
chr2:230589002-230595199,55,226,583,328,7
chr2:230597801-230598800,4,0,34,76,0
chr2:230607201-230609200,44,82,94,179,9
chr2:230614002-230617999,77,63,10,48,39
chr2:230659139-230659614,5,0,0,12,16
chr2:231383202-231384399,68,46,38,30,19
chr2:231386329-231387200,116,82,0,77,47
chr2:231408601-231409000,11,21,0,9,14
chr2:231425201-231426800,69,19,16,26,0
chr2:231517401-231517988,224,154,133,41,60
chr2:231568002-231569199,48,180,0,21,37
chr2:231571201-231572599,0,18,19,0,45
chr2:231576002-231577999,41,36,12,0,37
chr2:231580402-231581000,11,14,0,0,9
chr2:231583802-231584799,22,1,0,0,22
chr2:231596601-231598199,16,0,0,39,195
chr2:231604180-231605417,46,93,88,97,836
chr2:231627201-231630000,46,34,0,19,0
chr2:231692002-231696800,79,122,48,65,77
chr2:231701201-231702800,23,146,59,119,33
chr2:231720601-231722199,133,130,311,19,149
chr2:231722801-231723200,0,46,9,34,18
chr2:232374401-232375401,22,18,10,10,0
chr2:232518801-232519000,0,6,9,0,5
chr2:232537200-232537400,0,29,0,20,19
chr2:234277802-234281199,20,16,0,0,38
chr2:234286055-234287599,41,28,0,0,32
chr2:234307813-234308370,0,31,26,0,6
chr2:234475001-234475800,22,0,19,0,2
chr2:234477402-234479800,423,204,366,527,479
chr2:234488870-234489462,16,91,0,99,48
chr2:234490716-234491129,43,27,47,55,98
chr2:234491189-234491760,23,11,19,0,72
chr2:234492017-234492139,7,0,19,0,29
chr2:234791801-234793799,11,0,10,103,57
chr2:236307002-236308399,129,246,51,0,55
chr2:236538315-236538558,11,18,19,43,26
chr2:236542801-236543600,107,121,34,39,113
chr2:236545309-236545455,51,54,19,37,19
chr2:236704202-236706600,0,111,0,29,17
chr2:236717601-236719000,159,1044,701,640,333
chr2:236775801-236778199,0,17,9,0,17
chr2:237143401-237143600,11,0,15,6,0
chr2:237143738-237144047,0,10,19,24,0
chr2:237156465-237156786,2,1,27,10,0
chr2:237157432-237157941,18,24,0,13,0
chr2:237177202-237179200,98,153,147,103,19
chr2:237181601-237182882,0,4,48,38,0
chr2:237183401-237183600,0,14,9,25,9
chr2:237183802-237185999,23,85,61,41,41
chr2:237194402-237200600,18,7,15,16,38
chr2:237204402-237206399,23,9,0,21,0
chr2:237206801-237214711,35,57,191,96,49
chr2:237227002-237228800,16,17,0,0,71
chr2:237233801-237236599,20,23,28,41,52
chr2:237244401-237246000,0,0,44,41,35
chr2:237291482-237291693,0,14,0,34,19
chr2:237295801-237301599,26,21,22,39,28
chr2:237313401-237318800,24,19,0,0,33
chr2:237447602-237453799,46,15,15,75,54
chr2:238220936-238221042,26,3,0,2,23
chr2:238458049-238459999,23,37,29,60,4
chr2:238475201-238476200,11,0,29,39,16
chr2:238492402-238494999,66,34,66,31,19
chr2:238846806-238847266,22,65,27,0,42
chr2:238928802-238930799,0,19,0,21,19
chr2:239008401-239009799,18,149,8,51,50
chr2:239046801-239047200,0,1,6,8,0
chr2:239828202-239834000,407,889,169,574,246
chr2:239841401-239843400,11,56,17,21,14
chr2:240383801-240385001,23,83,97,4,37
chr2:240385487-240386200,0,25,62,7,0
chr2:240426402-240428073,0,32,27,31,0
chr2:240469401-240469800,497,305,224,356,271
chr2:240470801-240471600,292,205,276,191,287
chr2:240473287-240474400,261,146,245,130,62
chr2:240635001-240636400,121,30,74,39,117
chr2:240648601-240649000,0,0,26,27,28
chr2:241859771-241860423,73,38,44,33,41
chr2:241863497-241863832,301,90,97,182,130
chr2:241865890-241867103,45,59,112,298,103
chr2:241868121-241868337,10,19,78,97,46
chr2:241868714-241869096,32,43,94,203,263
chr1:1069912-1070292,10,6,21,2,17
chr1:1208148-1208818,0,12,19,0,45
chr1:1208996-1209169,17,14,0,0,21
chr1:1407974-1408388,339,669,833,495,558
chr1:1415601-1416200,33,17,0,20,18
chr1:1611328-1611593,37,48,14,32,13
chr1:1696602-1697999,249,354,225,273,270
chr1:1782581-1783506,0,22,7,91,0
chr1:1908917-1909396,20,11,37,0,5
chr1:2418201-2418400,73,81,81,41,32
chr1:2506202-2507199,49,216,312,196,322
chr1:2572401-2572800,67,33,22,61,57
chr1:2573596-2573922,15,15,0,20,0
chr1:2576627-2577055,25,83,45,79,14
chr1:2578263-2578759,32,13,18,21,0
chr1:4601802-4604400,0,3,6,17,0
chr1:6397801-6398400,0,35,63,0,37
chr1:6401201-6402600,46,0,7,9,0
chr1:7914801-7915200,87,105,9,27,27
chr1:7952001-7952200,8,9,0,9,8
chr1:8126402-8128400,0,19,66,0,9
chr1:8134950-8135186,34,0,29,0,27
chr1:8144202-8146399,23,0,8,20,0
chr1:8898801-8900999,42,16,50,29,27
chr1:8902401-8906394,705,559,614,320,24
chr1:8914402-8916399,44,26,48,81,0
chr1:8917801-8922799,44,73,146,88,0
chr1:8923035-8923416,11,0,17,31,0
chr1:9275624-9275871,0,33,35,49,0
chr1:9382802-9386799,0,0,5,5,44
chr1:9388202-9389208,28,0,0,20,33
chr1:9397002-9403199,0,37,7,0,15
chr1:9615402-9616200,22,18,0,20,56
chr1:9640645-9640655,3,5,1,5,4
chr1:10021602-10025199,0,13,0,44,17
chr1:10026002-10028599,54,18,0,70,123
chr1:10197916-10198707,8,9,10,6,0
chr1:10919920-10920620,34,49,0,20,0
chr1:11267202-11268399,39,48,0,8,0
chr1:11298802-11299800,758,520,336,274,431
chr1:11406402-11409999,37,0,0,19,13
chr1:11850602-11852599,23,36,0,40,0
chr1:12150373-12151289,72,110,50,43,37
chr1:12153071-12153826,57,32,2,16,72
chr1:12215801-12216200,40,28,19,32,24
chr1:12217601-12219600,0,41,0,86,119
chr1:12518602-12520199,504,334,123,243,363
chr1:12524801-12527199,43,17,79,42,56
chr1:12529410-12529721,27,18,0,20,115
chr1:12537801-12538000,35,38,28,49,64
chr1:12538401-12539000,138,146,9,24,152
chr1:12539911-12540157,0,3,9,22,0
chr1:12544401-12545400,22,20,0,20,37
chr1:12626801-12627600,31,44,126,23,0
chr1:15435565-15435772,18,2,10,40,6
chr1:15453802-15456202,50,8,0,0,8
chr1:15673601-15677800,0,35,21,22,20
chr1:15814601-15816399,10,24,171,61,47
chr1:15816601-15816801,0,3,0,40,18
chr1:15831914-15832265,125,87,30,50,38
chr1:16162526-16162712,0,27,30,8,15
chr1:16180202-16185399,46,44,72,0,51
chr1:16505912-16507200,23,0,0,21,22
chr1:16508001-16509600,0,15,54,30,65
chr1:16536949-16538200,41,36,0,0,31
chr1:16671295-16672087,22,15,19,0,0
chr1:17464601-17467800,47,7,8,0,0
chr1:19295997-19296251,67,70,42,74,64
chr1:19336800-19337001,6,9,0,0,9
chr1:20738201-20738400,11,46,23,24,18
chr1:21181601-21185600,47,131,55,97,49
chr1:21189202-21191600,14,32,0,19,0
chr1:21192002-21193199,23,16,0,21,0
chr1:21579202-21580600,23,71,1,34,59
chr1:22108001-22109200,0,0,117,47,16
chr1:22111201-22112600,23,92,105,81,152
chr1:22112801-22116000,110,120,113,99,111
chr1:22172001-22172601,46,41,0,0,36
chr1:22245401-22247001,23,0,0,30,19
chr1:22536798-22536896,2,5,6,0,0
chr1:22538001-22538800,11,119,49,212,18
chr1:22539001-22540800,21,81,89,73,0
chr1:22628942-22631999,0,0,7,20,19
chr1:22665714-22666400,13,20,0,0,2
chr1:23356401-23357999,753,905,821,653,1211
chr1:23505001-23505600,22,49,51,235,39
chr1:23541401-23542400,7,6,10,0,0
chr1:23553784-23554013,0,9,19,5,4
chr1:23918602-23921707,223,7,51,84,34
chr1:23951001-23952999,14,14,0,5,4
chr1:24014001-24023999,14,36,12,27,37
chr1:24151264-24151561,31,27,0,41,12
chr1:24251602-24259399,35,0,29,0,107
chr1:24474602-24476599,1815,892,1178,1120,1399
chr1:24491601-24491800,11,3,15,0,0
chr1:24673801-24674200,17,0,15,19,37
chr1:24678342-24679020,68,87,63,164,119
chr1:24682602-24684600,0,73,20,154,94
chr1:24702002-24703399,0,27,30,0,29
chr1:24857801-24858800,20,54,27,10,24
chr1:24865601-24865800,13,0,46,40,47
chr1:24868002-24868999,22,28,7,59,67
chr1:24874801-24876200,113,27,44,81,134
chr1:24876601-24876800,20,9,16,9,20
chr1:25535802-25539200,5,4,8,13,8
chr1:25577201-25577600,22,19,42,54,18
chr1:25609601-25611199,57,144,115,197,207
chr1:25794400-25794601,0,0,20,10,19
chr1:25796959-25797333,47,37,0,27,0
chr1:25958201-25959000,0,117,57,17,73
chr1:26016543-26016639,7,8,8,0,0
chr1:26072602-26073200,22,16,0,30,0
chr1:26480401-26481636,33,0,11,88,0
chr1:26483201-26484200,22,18,36,89,0
chr1:26496801-26497400,0,13,28,41,0
chr1:26500741-26501457,79,20,28,51,28
chr1:26576801-26586400,158,105,354,417,479
chr1:26606002-26609400,40,12,4,0,0
chr1:26619770-26621864,159,362,247,139,201
chr1:26680602-26685199,55,0,0,31,11
chr1:27035201-27037000,0,19,18,34,0
chr1:27037601-27038600,11,0,38,0,17
chr1:27062801-27063000,55,94,40,63,27
chr1:27522214-27522776,12,37,0,48,4
chr1:27522830-27523109,7,9,4,0,20
chr1:27636889-27637463,15,177,58,52,61
chr1:27863057-27863822,18,0,22,26,3
chr1:27887386-27887522,0,0,97,57,19
chr1:27890087-27890399,31,1,79,46,60
chr1:27890431-27890688,39,28,140,70,72
chr1:28114065-28114465,10,0,14,0,11
chr1:28123459-28123956,75,50,12,48,126
chr1:28144487-28144743,239,142,48,94,272
chr1:28195802-28198400,31,37,29,10,16
chr1:28304201-28310000,0,7,7,0,14
chr1:28313001-28317799,21,0,12,6,11
chr1:28345801-28347164,22,18,15,0,0
chr1:28720201-28720400,24,8,20,40,13
chr1:28733602-28734200,22,8,0,0,8
chr1:29135001-29135200,0,30,20,22,15
chr1:29186001-29187399,291,81,74,79,57
chr1:29358601-29361599,0,36,19,16,0
chr1:29443001-29444400,23,18,19,0,0
chr1:30003001-30003400,11,0,0,20,8
chr1:30008002-30009999,38,77,40,35,17
chr1:30060001-30062400,21,0,39,39,0
chr1:30108201-30109200,44,18,58,0,48
chr1:31099201-31104599,0,39,27,0,6
chr1:31380201-31384600,0,16,27,47,10
chr1:31595402-31598399,44,0,30,93,0
chr1:31613202-31615999,67,37,0,45,55
chr1:31780401-31786199,43,91,22,39,108
chr1:32005001-32008199,19,0,8,17,0
chr1:32339572-32339865,11,0,29,33,10
chr1:32875602-32878999,111,74,8,143,29
chr1:32881402-32883067,49,58,23,63,74
chr1:32981215-32981881,111,8,67,84,94
chr1:32982066-32982106,0,4,9,0,1
chr1:32983157-32983328,5,0,9,20,0
chr1:32984511-32984882,18,0,64,0,51
chr1:32984998-32985236,0,12,9,40,34
chr1:33128362-33128739,27,10,47,51,33
chr1:33130002-33131399,121,91,286,121,127
chr1:33132001-33132200,0,2,2,26,0
chr1:33133801-33134000,0,9,38,30,0
chr1:33138000-33138400,3,40,75,30,96
chr1:33501001-33501600,560,597,247,224,558
chr1:34968601-34969200,0,39,19,0,14
chr1:34972001-34972600,179,403,421,506,257
chr1:35425601-35426820,21,86,83,137,13
chr1:35428801-35430000,34,37,76,29,32
chr1:35431001-35431999,19,0,35,173,122
chr1:35567801-35568600,34,103,146,101,95
chr1:36182625-36184000,22,18,38,26,120
chr1:36200001-36205599,8,102,35,0,132
chr1:36206201-36206800,15,18,10,0,0
chr1:36387420-36387861,62,60,21,5,20
chr1:36401036-36401298,15,1,3,0,2
chr1:36408400-36409001,42,32,75,0,17
chr1:36411401-36412999,74,74,130,58,95
chr1:36414001-36414200,0,16,7,0,40
chr1:36514802-36517958,0,26,20,0,19
chr1:37994907-37995066,17,247,33,8,24
chr1:38379401-38379600,0,8,11,15,0
chr1:38559509-38559903,0,18,45,19,19
chr1:38826402-38837599,16,40,14,15,13
chr1:39043160-39045400,818,1489,424,377,540
chr1:39046601-39049199,1069,1433,1127,663,756
chr1:39051001-39051400,28,25,41,77,57
chr1:39052200-39052600,25,70,136,123,68
chr1:39063401-39065600,358,372,374,331,296
chr1:39076029-39077600,51,0,16,4,0
chr1:39488002-39489800,0,74,16,22,0
chr1:39832201-39835000,16,17,0,19,17
chr1:40012601-40015999,0,0,69,110,16
chr1:40039188-40039493,0,5,29,9,0
chr1:40299201-40299600,22,0,9,20,8
chr1:40778801-40779000,0,0,12,19,7
chr1:40897240-40900399,9,38,0,0,39
chr1:41426601-41430200,457,385,151,444,229
chr1:41434802-41437199,240,181,121,198,98
chr1:41440600-41441000,19,16,8,51,23
chr1:42170402-42175399,224,243,120,319,293
chr1:42339402-42341399,23,19,76,70,37
chr1:42426401-42428400,44,24,55,10,19
chr1:43135601-43136800,0,14,36,17,0
chr1:43137001-43138180,22,17,0,0,19
chr1:43143202-43144649,0,14,92,0,57
chr1:43327401-43327992,222,388,201,221,477
chr1:43373688-43373852,16,16,13,13,22
chr1:43465201-43467000,21,0,0,14,11
chr1:43470402-43478000,11,0,19,0,18
chr1:43942201-43943199,313,426,713,451,449
chr1:44793002-44795064,18,37,57,89,0
chr1:44818117-44818454,173,193,324,167,169
chr1:44848002-44849799,56,102,208,124,44
chr1:44999201-45001800,217,386,317,254,253
chr1:45321201-45322999,40,199,121,36,112
chr1:45527401-45529280,45,61,0,0,21
chr1:45573002-45577399,79,112,55,59,54
chr1:46223202-46224599,230,903,257,514,1108
chr1:46238401-46239800,62,49,1,3,3
chr1:46320201-46321600,23,34,53,106,0
chr1:46325401-46326399,91,91,0,0,37
chr1:46329002-46330288,0,0,9,40,85
chr1:46386602-46388799,0,0,89,20,5
chr1:46421801-46423200,71,0,17,20,0
chr1:46423401-46423800,49,5,15,10,6
chr1:46621402-46624599,0,77,48,30,19
chr1:47208201-47215199,41,42,0,313,34
chr1:47322601-47324600,77,73,20,0,0
chr1:47324778-47326200,44,0,18,0,37
chr1:47331401-47331600,41,16,36,20,28
chr1:47449872-47450369,26,76,0,24,0
chr1:47999401-47999600,11,0,2,6,9
chr1:48208375-48209383,69,15,19,54,191
chr1:48210801-48211000,11,0,18,34,29
chr1:48211601-48211800,0,0,4,10,45
chr1:48293201-48294200,2,56,16,38,37
chr1:50976450-50976736,32,20,32,24,18
chr1:51069834-51071600,0,6,49,16,0
chr1:51274601-51275000,69,64,138,84,207
chr1:51283802-51285399,19,52,36,36,41
chr1:52098001-52098599,0,8,22,0,9
chr1:52581001-52581200,24,27,0,7,0
chr1:52581401-52582800,113,15,7,20,45
chr1:52587401-52590799,91,115,73,78,16
chr1:52592201-52594400,65,53,92,17,19
chr1:52612001-52612400,8,14,13,70,0
chr1:52613402-52614649,110,56,163,91,18
chr1:52614801-52616200,39,124,87,30,38
chr1:52624401-52624800,50,37,104,67,29
chr1:52673002-52673400,324,215,379,417,167
chr1:52674202-52675399,916,465,1552,1111,469
chr1:52676201-52678200,3469,2016,4443,2939,1685
chr1:52678854-52680000,842,224,1340,754,515
chr1:52700002-52701999,310,282,221,298,39
chr1:53339801-53340800,318,389,128,134,143
chr1:53913002-53914399,94,22,53,20,108
chr1:54123802-54126199,17,0,0,65,17
chr1:54776001-54776200,24,18,2,10,8
chr1:54776400-54776800,8,47,0,10,18
chr1:54903801-54906799,17,10,38,0,0
chr1:54922401-54924000,23,31,0,0,9
chr1:54926202-54929200,13,0,38,32,89
chr1:54952902-54956399,62,0,80,33,0
chr1:54961601-54963800,194,48,330,322,178
chr1:54964601-54968400,0,50,19,20,52
chr1:54972602-54974046,67,36,69,0,37
chr1:55215913-55216183,86,103,109,159,80
chr1:55216405-55216635,39,95,78,110,85
chr1:56072401-56074999,15,56,0,102,0
chr1:58616802-58622200,0,19,13,7,0
chr1:58628401-58629401,0,56,19,0,39
chr1:60266000-60266800,11,40,19,10,49
chr1:60279602-60282399,16,30,0,26,108
chr1:60402202-60403799,0,0,10,15,75
chr1:61544801-61545800,56,36,82,130,52
chr1:61547600-61547800,27,9,50,10,20
chr1:61591801-61592000,2,0,6,0,5
chr1:61673802-61675000,188,140,45,40,109
chr1:62227801-62231799,718,861,122,86,739
chr1:62232601-62233600,387,385,50,20,272
chr1:62234001-62234200,30,74,0,0,95
chr1:62712601-62713000,53,113,37,31,27
chr1:62720602-62726799,83,45,15,42,15
chr1:62759001-62760399,0,56,19,0,48
chr1:62869401-62870461,14,18,17,20,0
chr1:62881852-62883199,0,0,39,42,18
chr1:62883801-62884800,0,0,19,59,34
chr1:63731626-63731955,44,15,0,20,12
chr1:65068494-65069241,34,91,114,40,126
chr1:67058202-67061799,145,52,36,34,58
chr1:67402112-67402471,17,16,9,11,60
chr1:67405201-67406200,199,138,162,99,82
chr1:70440602-70444399,443,101,444,345,246
chr1:74693154-74694200,34,68,14,51,79
chr1:77222601-77222800,57,77,89,5,44
chr1:77227201-77228600,75,134,117,114,75
chr1:78146200-78146401,0,3,9,7,0
chr1:78154602-78155600,191,54,74,55,230
chr1:78157001-78157799,83,42,97,31,83
chr1:78176201-78176801,23,37,50,0,99
chr1:78224401-78225800,29,64,39,1,0
chr1:78676377-78676801,256,164,76,51,99
chr1:78872601-78873200,0,0,26,8,23
chr1:78884602-78885600,177,109,487,541,230
chr1:80655982-80656508,164,132,294,105,85
chr1:80656602-80658999,114,5,146,42,5
chr1:80659401-80660200,67,0,144,14,0
chr1:82067602-82068000,0,12,0,14,13
chr1:84252402-84255799,20,74,17,0,16
chr1:84285001-84285600,0,10,13,0,17
chr1:84291738-84291931,35,4,67,0,0
chr1:84615401-84616599,143,36,44,21,76
chr1:85143801-85145800,0,14,5,0,19
chr1:85596402-85598200,0,8,59,29,0
chr1:85602201-85603400,68,18,19,14,0
chr1:85605802-85609599,0,18,19,20,0
chr1:85611457-85611799,0,8,0,5,9
chr1:85622602-85623800,44,0,27,14,17
chr1:85627602-85630599,89,109,194,57,112
chr1:86324001-86324800,0,49,45,56,87
chr1:86326401-86326800,22,0,18,27,0
chr1:86338801-86340999,0,0,27,20,13
chr1:86344801-86346000,666,409,500,281,734
chr1:86845001-86847399,21,52,18,42,35
chr1:86858001-86859200,310,131,74,125,247
chr1:86860201-86860400,22,62,16,17,49
chr1:87391802-87393999,46,37,39,26,49
chr1:87398617-87399999,41,74,0,52,0
chr1:87401002-87404600,107,100,151,97,76
chr1:87426402-87429599,38,0,32,43,39
chr1:87448802-87451399,0,72,0,21,19
chr1:87463601-87464800,0,17,9,3,0
chr1:88847401-88848401,17,0,31,25,0
chr1:89001251-89003600,77,91,128,134,137
chr1:89004401-89005200,126,80,84,20,47
chr1:89033801-89035279,0,0,28,28,33
chr1:89037001-89038000,0,81,96,81,9
chr1:89040001-89042199,0,112,293,170,74
chr1:89048601-89048800,55,42,53,68,30
chr1:89049163-89051000,261,183,289,307,339
chr1:89254742-89255374,15,0,11,0,18
chr1:89294202-89296599,25,0,18,32,38
chr1:89305601-89306400,22,8,0,10,12
chr1:89942865-89943268,1,0,9,0,33
chr1:89961801-89962999,52,54,33,40,94
chr1:89986000-89986800,148,72,30,105,18
chr1:89989601-89992799,272,159,207,360,247
chr1:90890601-90891000,36,57,64,71,12
chr1:91537200-91538001,69,82,49,18,41
chr1:91540101-91543200,236,283,70,147,127
chr1:91545802-91562200,171,1936,145,155,204
chr1:92962360-92962851,0,56,71,40,0
chr1:92989002-92993200,169,86,133,159,20
chr1:92993601-92994567,63,70,16,0,0
chr1:93373601-93374000,54,116,86,88,61
chr1:93410601-93412599,0,9,20,51,0
chr1:93558801-93559800,68,36,0,40,63
chr1:93850402-93851179,64,18,80,156,88
chr1:94522202-94523399,23,0,9,21,0
chr1:94544370-94544526,10,16,0,22,14
chr1:94966401-94968400,23,68,43,95,19
chr1:94970602-94972600,0,34,50,62,82
chr1:96518802-96524399,0,20,0,15,34
chr1:100529002-100537000,107,107,111,217,309
chr1:100557601-100558000,78,65,46,30,25
chr1:100596002-100598199,9,24,0,0,19
chr1:101136001-101139999,83,107,45,114,0
chr1:101163202-101166799,183,87,91,78,107
chr1:101174578-101176999,0,112,116,55,9
chr1:101177601-101180799,0,132,56,21,95
chr1:101220801-101222799,119,138,172,168,189
chr1:101249402-101252400,53,0,76,61,33
chr1:101278954-101279132,0,0,9,10,18
chr1:101284192-101284591,50,37,55,44,46
chr1:101293284-101293673,0,37,27,20,15
chr1:101293768-101294127,0,12,11,15,0
chr1:101295001-101295401,210,304,135,39,7
chr1:101297802-101303999,2634,2550,2695,1885,549
chr1:101405801-101406400,0,16,45,36,14
chr1:101407201-101408105,0,55,19,41,0
chr1:101408802-101411599,50,64,32,0,0
chr1:107997201-107998400,64,27,436,60,58
chr1:107999402-108001443,171,348,851,224,79
chr1:108007001-108008800,21,166,208,61,17
chr1:108009201-108011000,2,28,144,0,40
chr1:108015802-108017999,476,369,178,131,189
chr1:108027401-108029600,125,101,271,77,104
chr1:108032801-108033400,0,13,155,20,9
chr1:108035401-108035600,18,4,56,0,31
chr1:108038697-108039176,166,209,228,101,194
chr1:108087401-108088399,44,48,91,19,0
chr1:108091202-108092599,23,56,135,41,38
chr1:108096202-108097799,222,313,323,119,151
chr1:108106401-108108599,46,77,78,0,90
chr1:108113527-108115000,19,32,61,3,38
chr1:108117401-108120200,37,0,39,0,38
chr1:108125002-108126200,96,154,237,190,245
chr1:108126401-108127800,46,119,128,167,459
chr1:108130202-108132800,190,379,330,543,243
chr1:109083002-109085599,54,173,148,134,171
chr1:109208202-109209799,0,21,20,45,35
chr1:109241408-109241802,11,13,0,5,0
chr1:109516601-109517600,0,56,19,9,0
chr1:109633801-109637121,0,48,38,103,28
chr1:109639002-109644599,41,68,21,15,34
chr1:110510845-110511196,42,56,18,18,39
chr1:110663401-110663600,34,0,38,60,0
chr1:110664463-110664728,11,0,15,78,0
chr1:110668543-110668915,11,66,66,16,0
chr1:110670254-110670430,25,51,15,57,0
chr1:110677600-110677801,23,3,0,31,0
chr1:110679801-110681000,475,226,308,466,100
chr1:110684401-110685200,15,0,105,31,18
chr1:110686001-110691800,668,614,1224,693,449
chr1:110749001-110752600,0,17,18,19,31
chr1:110927201-110927860,126,120,76,246,93
chr1:110928201-110928799,95,45,41,112,63
chr1:111101656-111103041,0,18,28,0,18
chr1:111470709-111471409,11,46,84,145,156
chr1:111769401-111770000,47,88,151,57,95
chr1:112092601-112094799,134,216,251,331,365
chr1:112144401-112144600,14,0,34,26,13
chr1:112144802-112145200,0,0,45,13,18
chr1:112880402-112884000,43,0,0,19,8
chr1:112903201-112907200,77,0,20,48,69
chr1:113191245-113192800,0,26,9,29,0
chr1:113692001-113693000,594,813,628,522,857
chr1:113693793-113694138,42,44,154,43,73
chr1:114538770-114541310,0,182,51,62,76
chr1:114558565-114562200,27,84,97,79,158
chr1:114803801-114804000,11,0,7,7,0
chr1:115036801-115037600,43,18,11,0,104
chr1:115110801-115111000,0,0,9,10,18
chr1:115959801-115961000,43,81,33,0,86
chr1:115968802-115970199,23,32,0,0,36
chr1:116481801-116482200,76,12,23,20,57
chr1:116488209-116488412,611,262,155,84,416
chr1:116489411-116489674,237,213,159,46,587
chr1:116503621-116503927,22,17,116,45,52
chr1:116504431-116504806,0,32,11,33,43
chr1:116777402-116778799,125,127,231,138,69
chr1:116784801-116785200,28,6,0,0,8
chr1:116806286-116806849,42,0,31,34,1
chr1:117562802-117565799,44,18,19,20,0
chr1:117630401-117634149,22,68,38,61,0
chr1:117635602-117638399,25,17,7,83,0
chr1:117642801-117643600,45,17,95,105,17
chr1:117644402-117647399,71,127,83,207,0
chr1:117654622-117654899,0,20,0,10,9
chr1:117655246-117655434,5,25,0,20,9
chr1:117656166-117656625,11,0,15,55,0
chr1:117658804-117659065,17,28,9,42,0
chr1:117670202-117675222,22,0,0,40,37
chr1:117679401-117684399,119,140,38,61,0
chr1:117685602-117687799,49,37,33,0,0
chr1:117707802-117709599,21,0,0,31,11
chr1:117793402-117794599,23,36,19,110,19
chr1:117794802-117796399,193,219,16,488,35
chr1:117796601-117797000,19,0,6,70,9
chr1:117802201-117803112,45,17,0,19,0
chr1:117824602-117828697,24,0,20,194,0
chr1:117838202-117839399,480,704,1281,1166,661
chr1:117843000-117843200,0,41,123,60,57
chr1:119006601-119007400,22,55,10,31,35
chr1:119556001-119556800,0,0,19,17,113
chr1:119561401-119561600,15,38,58,61,13
chr1:119572801-119574600,21,0,29,44,0
chr1:119580401-119581200,15,8,12,48,9
chr1:119590001-119591800,35,17,57,41,0
chr1:119611401-119612200,0,37,37,0,16
chr1:119613601-119614600,0,26,0,20,49
chr1:119909385-119909692,359,422,529,386,499
chr1:120109801-120113999,898,485,1148,302,262
chr1:120144211-120144544,11,34,32,51,0
chr1:120349401-120349600,43,0,58,38,0
chr1:120351000-120351200,6,24,0,0,15
chr1:120367000-120367400,0,60,47,20,0
chr1:120468601-120468800,41,159,88,86,111
chr1:120476801-120477999,150,56,234,197,92
chr1:120705801-120708600,0,17,53,76,0
chr1:120711002-120713200,36,18,55,0,0
chr1:120713402-120717777,242,90,172,148,240
chr1:120853401-120858999,83,34,49,0,34
chr1:120898202-120900000,21,17,18,0,17
chr1:120905001-120907399,64,73,247,140,29
chr1:143775401-143778600,134,66,252,221,307
chr1:143950401-143953999,0,35,0,19,13
chr1:145114002-145117400,55,16,8,41,63
chr1:145221401-145224599,110,151,179,47,231
chr1:145484202-145485000,38,9,34,0,5
chr1:145499602-145500999,0,42,8,20,0
chr1:145571001-145571600,57,62,12,14,20
chr1:146009602-146012000,0,0,36,26,68
chr1:146012201-146013999,21,0,43,7,89
chr1:146232201-146232800,225,21,89,157,141
chr1:146244602-146252200,56,0,338,216,161
chr1:146252401-146254999,23,28,155,52,94
chr1:146268601-146274999,153,249,463,113,55
chr1:146420601-146420800,22,8,6,34,20
chr1:146421800-146422600,57,18,21,0,68
chr1:146931001-146931400,0,5,43,54,18
chr1:147152801-147153000,0,43,26,43,36
chr1:148026601-148027599,0,13,8,4,7
chr1:148055201-148055800,33,54,71,0,41
chr1:148057328-148058600,22,27,77,34,34
chr1:148101001-148101200,58,63,30,73,104
chr1:149150402-149151199,65,0,41,20,32
chr1:149363002-149365599,509,493,393,557,217
chr1:149366401-149376399,269,85,648,937,137
chr1:149377402-149384799,166,126,451,562,249
chr1:149386801-149387200,20,18,142,118,80
chr1:149572801-149573600,107,33,0,47,37
chr1:149598801-149601800,408,252,652,460,243
chr1:149826002-149828399,50,172,18,84,56
chr1:150015402-150018200,41,102,74,38,90
chr1:150020801-150022999,26,0,36,62,0
chr1:150165991-150166325,19,26,9,10,0
chr1:150168601-150172401,125,129,227,61,151
chr1:150182288-150182618,150,74,100,81,136
chr1:150186849-150187212,23,25,0,99,6
chr1:150191781-150193199,55,32,32,27,40
chr1:150484602-150486000,129,27,32,89,19
chr1:150528002-150529600,43,35,79,0,0
chr1:150586202-150586600,83,102,176,96,146
chr1:150591801-150593200,662,521,423,547,492
chr1:150595001-150597400,233,429,817,782,746
chr1:150632401-150633000,193,615,401,289,358
chr1:150633801-150634600,750,1319,849,813,545
chr1:150634801-150636200,1037,1975,1029,1024,1062
chr1:150640802-150642200,154,253,193,142,106
chr1:150771012-150771152,18,1,0,10,0
chr1:150782601-150783400,45,11,0,41,56
chr1:150784601-150785800,23,18,0,9,0
chr1:150981296-150981598,0,1,1,0,81
chr1:151277199-151277780,22,7,0,0,18
chr1:151336201-151337000,342,253,270,173,84
chr1:151855402-151861399,1220,788,640,578,1153
chr1:151866401-151869000,66,117,122,49,32
chr1:151914002-151922600,38,62,0,23,0
chr1:151976001-151978599,11,12,13,0,9
chr1:151979601-151981999,89,0,57,123,17
chr1:152049546-152050038,0,6,9,10,0
chr1:153509668-153523600,187,508,248,529,835
chr1:153532270-153532477,0,9,7,21,19
chr1:153551179-153551421,32,10,14,15,33
chr1:153551789-153552188,95,63,52,64,67
chr1:153555801-153558399,62,6,0,21,0
chr1:153584002-153585600,19,33,38,78,71
chr1:153651602-153654799,148,373,211,456,271
chr1:154391016-154393199,32,0,38,0,16
chr1:154877202-154878944,88,106,17,21,0
chr1:154883802-154886892,41,48,125,8,54
chr1:154896200-154896400,11,0,19,27,42
chr1:154896601-154897400,9,55,38,0,93
chr1:154911601-154911800,21,21,33,20,27
chr1:154912001-154912400,0,36,32,0,28
chr1:154942158-154942493,11,78,19,0,0
chr1:154942543-154942820,44,48,62,93,38
chr1:155000152-155000483,11,47,0,20,0
chr1:155565362-155565402,10,21,30,16,23
chr1:155569401-155570999,2146,3786,1362,1092,1944
chr1:155889201-155890800,52,111,87,69,155
chr1:156186201-156186600,11,8,42,96,134
chr1:156503318-156503586,13,0,0,15,19
chr1:156504962-156505226,0,0,3,23,10
chr1:156608001-156609470,0,35,13,17,0
chr1:156709770-156710091,34,81,95,32,172
chr1:156717401-156717800,18,133,63,122,143
chr1:157193401-157194200,174,18,0,47,0
chr1:157659001-157660354,74,11,34,25,0
chr1:157704201-157704600,0,9,19,41,0
chr1:157705601-157707400,45,17,93,19,0
chr1:157727401-157728400,52,18,34,61,0
chr1:157730001-157731000,19,0,38,20,0
chr1:157732601-157736399,62,37,72,15,0
chr1:157739201-157740800,88,107,115,52,91
chr1:157778801-157780800,308,168,1541,690,439
chr1:157781001-157783800,175,95,1723,749,167
chr1:157785001-157785400,0,0,218,45,9
chr1:157788001-157788600,0,18,185,6,32
chr1:157822601-157823000,417,542,162,381,259
chr1:158193401-158194000,43,32,51,2,79
chr1:158274602-158276000,0,13,58,9,0
chr1:159790201-159790708,66,46,19,0,76
chr1:159817202-159818412,1161,890,321,526,1004
chr1:160361601-160363936,17,51,38,107,8
chr1:160364200-160364401,0,27,9,20,14
chr1:160529201-160530400,0,18,33,40,19
chr1:160655801-160659400,231,162,379,220,242
chr1:160730801-160734799,23,0,157,201,0
chr1:160766926-160767560,100,46,171,179,18
chr1:160767688-160767978,57,32,112,93,0
chr1:160772201-160772800,0,21,48,10,9
chr1:160773213-160773433,5,0,30,39,0
chr1:160789001-160792399,20,33,0,4,0
chr1:160986402-160988799,1022,1118,1350,355,1377
chr1:161286601-161286800,0,40,17,52,0
chr1:161296801-161300000,23,120,362,325,163
chr1:161300601-161301400,0,19,98,60,14
chr1:161382457-161383029,0,18,2,9,37
chr1:161386001-161387600,79,107,91,106,115
chr1:161389822-161390428,20,48,0,10,18
chr1:161495201-161496327,45,17,0,19,18
chr1:161612422-161612851,187,28,56,182,324
chr1:161679401-161679600,32,8,22,27,0
chr1:161969602-161971599,0,36,58,21,37
chr1:161971802-161974832,208,77,111,61,227
chr1:161982401-161982600,22,17,0,1,0
chr1:162035185-162037564,10,46,0,41,0
chr1:162421002-162422200,23,0,38,30,61
chr1:162422402-162425200,0,74,17,19,69
chr1:162626199-162627599,69,49,32,243,68
chr1:165913402-165914612,12,42,29,14,16
chr1:165915602-165916400,22,0,28,18,0
chr1:167561601-167568000,9,38,0,86,39
chr1:167571201-167571400,0,52,13,77,14
chr1:167571801-167572000,0,43,17,62,70
chr1:167573001-167573200,7,24,14,24,10
chr1:167587001-167589600,23,63,3,52,0
chr1:167617359-167618008,0,65,123,128,84
chr1:167793801-167794400,0,9,0,61,59
chr1:168259602-168262599,3050,3828,2047,1710,2998
chr1:168574001-168575200,0,55,96,22,19
chr1:169508201-169510400,0,18,0,20,38
chr1:169655601-169660599,44,18,114,142,56
chr1:171595202-171598599,111,53,73,170,84
chr1:171743074-171743576,11,72,67,35,37
chr1:171745088-171745256,20,57,16,70,48
chr1:172629601-172631800,29,53,0,0,13
chr1:172669802-172677799,23,155,20,65,39
chr1:173111001-173114999,0,4,111,81,59
chr1:173116601-173119399,20,27,17,114,27
chr1:173161509-173163011,17,0,57,40,153
chr1:173211801-173212200,0,0,19,17,11
chr1:173224190-173225600,46,17,80,95,19
chr1:173268602-173270999,21,0,18,0,17
chr1:173329001-173332600,113,0,109,78,76
chr1:173341001-173342200,16,11,19,0,0
chr1:173392801-173394035,22,0,58,0,50
chr1:173399801-173401671,22,36,19,0,18
chr1:173410776-173411210,11,0,28,0,18
chr1:173413256-173413524,0,23,5,11,25
chr1:173415515-173415802,22,9,9,1,0
chr1:173795176-173795208,10,15,23,12,10
chr1:173797201-173797600,70,25,67,133,69
chr1:175035801-175037199,46,34,7,20,0
chr1:175935601-175937000,23,34,72,9,22
chr1:178071602-178073399,185,269,18,22,67
chr1:178075400-178075800,66,100,46,47,92
chr1:178080201-178080600,0,16,9,1,0
chr1:178086692-178087400,36,9,18,38,0
chr1:178558602-178560000,133,165,695,355,64
chr1:178564001-178568200,571,1012,998,696,194
chr1:178572402-178577400,306,261,324,264,106
chr1:178579595-178579831,8,39,33,28,0
chr1:178581365-178581750,11,0,13,0,10
chr1:178593601-178594999,112,0,48,0,19
chr1:178595401-178595800,0,16,9,26,0
chr1:178596201-178597200,0,18,0,58,18
chr1:178597602-178615252,554,752,1054,647,264
chr1:178618401-178620000,23,161,38,60,0
chr1:178628602-178630199,105,33,18,36,17
chr1:178649801-178650201,13,27,29,13,0
chr1:178655201-178656599,56,37,28,0,0
chr1:178660401-178662800,147,368,204,136,35
chr1:178663602-178667399,238,809,642,644,279
chr1:178667801-178668800,22,0,19,20,0
chr1:178682002-178686399,79,139,50,41,16
chr1:178692401-178693757,0,21,13,11,0
chr1:178702002-178702599,27,94,44,33,43
chr1:178713401-178713600,0,64,0,88,34
chr1:178718402-178720600,49,88,78,38,8
chr1:178925601-178926600,16,0,6,21,0
chr1:178927802-178935400,159,129,579,371,237
chr1:179077400-179078000,56,54,45,56,57
chr1:179231928-179235399,0,50,0,33,17
chr1:179820202-179821799,478,214,761,399,1111
chr1:179823801-179826399,132,37,208,148,240
chr1:179837801-179838732,22,55,32,113,77
chr1:180125002-180133600,51,0,10,11,32
chr1:180133801-180135200,23,28,1,38,27
chr1:180136001-180137400,0,18,64,216,379
chr1:180893401-180894399,31,0,50,35,18
chr1:180898200-180900400,253,56,125,143,225
chr1:181062564-181063079,0,0,55,4,9
chr1:181065801-181066600,22,0,19,20,0
chr1:181073201-181074201,0,0,15,9,53
chr1:181099459-181099865,0,9,0,20,18
chr1:181100015-181100387,16,18,18,0,27
chr1:181250601-181253200,23,9,49,56,0
chr1:182029157-182029510,67,78,25,6,26
chr1:182569201-182571800,0,18,19,0,35
chr1:182593201-182596200,44,0,57,12,18
chr1:182754201-182754800,0,18,25,0,18
chr1:182761401-182761601,0,11,9,0,9
chr1:182764801-182765601,21,4,34,35,0
chr1:182781602-182783199,50,46,0,93,19
chr1:182835801-182836000,25,56,39,42,158
chr1:183179601-183182199,35,18,19,74,0
chr1:183607274-183607533,11,10,9,0,7
chr1:183608428-183608760,19,27,0,0,35
chr1:184755753-184756008,11,8,0,11,0
chr1:184769201-184769400,35,0,9,10,2
chr1:184769601-184769800,11,24,0,77,9
chr1:184770152-184771000,22,22,52,41,42
chr1:184773601-184774399,0,0,19,26,33
chr1:184786202-184788399,32,66,176,62,134
chr1:185366202-185369600,40,12,77,184,55
chr1:185369800-185370400,0,31,17,0,38
chr1:185372201-185378400,454,656,425,867,712
chr1:185388601-185388800,11,18,16,28,48
chr1:185418202-185424200,0,43,83,40,44
chr1:186574201-186577548,90,52,166,63,16
chr1:192959801-192960200,96,18,0,11,36
chr1:192966402-192969600,0,42,93,82,19
chr1:192974001-192975001,40,36,0,0,16
chr1:192997601-192999000,23,28,0,28,19
chr1:193111709-193111839,2,16,3,10,19
chr1:193118801-193119200,0,17,23,14,5
chr1:193257201-193257400,26,37,84,30,27
chr1:193283000-193283600,25,27,45,63,138
chr1:193283801-193284000,0,24,10,28,0
chr1:194225201-194226800,88,68,14,21,57
chr1:198442802-198446199,15,12,38,0,0
chr1:199940801-199942450,27,18,0,31,0
chr1:200870187-200870405,3,0,21,20,13
chr1:200877801-200878800,101,19,8,9,76
chr1:200880200-200881000,28,18,0,20,0
chr1:201461862-201462164,0,17,59,0,13
chr1:201471600-201472201,0,31,0,20,24
chr1:201472401-201472600,0,5,9,0,15
chr1:201474998-201478000,22,223,49,20,41
chr1:201590802-201595400,34,33,0,18,17
chr1:201601802-201606799,37,18,0,61,0
chr1:202834402-202838800,0,16,5,0,5
chr1:203289419-203290267,77,38,13,20,28
chr1:203290324-203290857,43,20,9,0,29
chr1:203374001-203375400,0,27,0,7,1
chr1:203388801-203389400,0,37,9,0,18
chr1:203389802-203391399,45,0,48,15,25
chr1:203752402-203757200,64,23,6,26,35
chr1:203778201-203778800,21,18,0,10,0
chr1:203789001-203790600,0,25,4,19,9
chr1:203857601-203859199,11,35,6,0,0
chr1:204129666-204129999,0,9,0,14,19
chr1:204559801-204561199,37,88,96,121,71
chr1:204564787-204565072,0,8,44,54,25
chr1:204568201-204569600,81,117,215,287,104
chr1:204571402-204577600,426,611,1537,909,1284
chr1:204581601-204582200,21,103,32,8,32
chr1:204584601-204585799,86,75,257,200,109
chr1:204588601-204589801,16,0,24,21,44
chr1:204591202-204592999,40,50,86,39,17
chr1:204598201-204598800,177,98,314,107,187
chr1:204601835-204602090,11,4,56,58,12
chr1:204689601-204689800,0,12,21,10,0
chr1:204690402-204695000,68,162,76,74,97
chr1:205124201-205125600,20,0,19,0,17
chr1:205127002-205128400,14,0,35,9,0
chr1:205138002-205139400,0,15,0,41,19
chr1:205534201-205534400,0,8,0,24,51
chr1:205636202-205637399,125,151,129,43,56
chr1:205648402-205649199,22,59,10,20,5
chr1:205687201-205690601,218,211,38,18,16
chr1:205691001-205696800,34,254,51,102,50
chr1:205697001-205697799,22,62,33,20,18
chr1:205760601-205761000,22,18,76,73,18
chr1:205765801-205766400,53,13,16,17,32
chr1:206167266-206171600,0,10,27,0,37
chr1:206181401-206184799,20,12,12,18,89
chr1:206742601-206746399,62,175,425,252,365
chr1:206748610-206748898,61,76,20,87,127
chr1:206751602-206752400,22,58,22,0,18
chr1:206752601-206755400,167,17,170,76,55
chr1:206756202-206760200,35,0,20,38,64
chr1:206766385-206766699,0,0,42,5,30
chr1:206890192-206890365,42,9,8,10,1
chr1:206890734-206891084,16,23,122,9,60
chr1:206891524-206891649,51,0,89,72,8
chr1:207154601-207157200,42,37,39,0,25
chr1:207232112-207233599,22,16,0,20,0
chr1:207389602-207390710,23,18,104,78,376
chr1:207423583-207423685,0,0,9,10,9
chr1:207426802-207430600,39,18,0,20,18
chr1:207797002-207800200,134,128,134,91,123
chr1:207800401-207800600,5,51,42,25,5
chr1:207947801-207950800,0,7,30,12,22
chr1:208245286-208245514,42,38,83,37,23
chr1:208604201-208605000,0,12,6,38,0
chr1:209106321-209106650,39,57,28,25,28
chr1:209132401-209133401,179,45,27,31,0
chr1:209394002-209396199,0,18,0,20,38
chr1:209736496-209736964,15,38,31,8,38
chr1:209738201-209739000,83,204,19,76,52
chr1:211320801-211322157,0,0,108,20,18
chr1:211323202-211324000,22,18,18,22,0
chr1:211468002-211470800,0,0,28,121,17
chr1:211474201-211474800,0,0,32,74,18
chr1:211580023-211580182,41,55,82,10,37
chr1:211594801-211600000,0,18,59,42,0
chr1:211606809-211607300,96,0,36,34,14
chr1:211731401-211732799,0,0,48,77,256
chr1:212118602-212120200,0,0,20,21,13
chr1:212124002-212129000,22,0,31,13,37
chr1:212137202-212137800,22,18,9,13,0
chr1:212151394-212154400,0,3,0,12,7
chr1:212158602-212159800,7,0,19,40,0
chr1:212628002-212631599,1480,3530,2736,1940,4110
chr1:212633202-212634000,474,1056,1716,1290,2225
chr1:212635135-212635488,55,543,683,356,706
chr1:212635650-212635926,53,322,455,510,554
chr1:212636445-212637014,52,472,748,474,614
chr1:212650601-212651000,0,0,59,67,54
chr1:212651600-212652000,7,18,19,0,0
chr1:212710001-212711200,0,0,19,21,17
chr1:212722736-212722875,0,46,11,48,53
chr1:212723072-212723271,25,0,8,5,7
chr1:212724165-212724550,0,0,16,41,42
chr1:212818201-212821599,137,111,207,198,123
chr1:212827401-212828392,43,35,18,41,0
chr1:213279601-213280600,68,40,38,38,51
chr1:213280802-213282399,23,37,20,19,19
chr1:213290602-213293600,0,18,0,8,18
chr1:214270601-214270800,22,7,36,10,0
chr1:214271401-214272399,73,0,58,40,38
chr1:214277201-214278200,489,808,479,377,357
chr1:214338769-214338777,2,2,4,0,2
chr1:218339602-218340599,44,51,19,101,0
chr1:219227001-219228000,59,20,41,39,33
chr1:219264001-219265482,15,0,96,0,38
chr1:219302201-219305200,179,116,225,12,127
chr1:219323002-219326199,0,31,36,0,39
chr1:219329001-219331000,65,9,134,0,74
chr1:220055801-220056400,45,18,54,20,17
chr1:220699802-220703800,179,379,284,190,204
chr1:221013801-221018000,0,51,37,39,0
chr1:221059401-221059800,81,74,66,65,28
chr1:221069394-221069826,20,0,74,41,0
chr1:221071750-221072082,0,9,51,58,27
chr1:221074478-221074705,37,28,73,98,16
chr1:221085737-221087200,230,156,242,61,113
chr1:221088002-221090599,101,18,221,179,55
chr1:221091401-221091600,0,9,27,10,0
chr1:221093201-221094800,280,81,486,206,19
chr1:221097613-221098191,70,111,54,33,0
chr1:221098403-221098930,0,0,48,41,38
chr1:221099042-221099398,0,15,89,3,0
chr1:221105401-221108200,1780,940,2150,1304,534
chr1:221699087-221699347,0,0,3,7,42
chr1:221742665-221743257,13,44,30,1,75
chr1:221750801-221752799,44,36,17,0,0
chr1:222601401-222601600,13,3,16,0,0
chr1:222784201-222786799,0,18,115,144,87
chr1:222788601-222789200,0,0,27,35,18
chr1:222790401-222791400,0,0,67,16,133
chr1:222792601-222792801,0,0,11,38,17
chr1:223106602-223107600,112,220,381,206,825
chr1:223148802-223154600,26,21,0,0,130
chr1:223776988-223777353,0,54,0,10,47
chr1:223919402-223921226,21,0,18,9,18
chr1:224035801-224036600,22,55,19,0,9
chr1:224037801-224038200,0,13,26,20,15
chr1:224039201-224041000,0,0,18,19,17
chr1:224195002-224197600,105,303,307,162,321
chr1:224201202-224202000,399,37,64,44,448
chr1:225437801-225439399,0,17,0,26,19
chr1:225687801-225688600,0,74,0,41,27
chr1:225690001-225690400,0,18,15,19,5
chr1:225691002-225697923,41,50,17,103,86
chr1:225761602-225765399,130,74,120,123,194
chr1:225805001-225806200,0,74,41,0,8
chr1:225977001-225978999,0,14,2,57,0
chr1:225999996-226000467,5,13,0,56,32
chr1:226034504-226034888,81,0,9,26,0
chr1:226104202-226105200,0,17,21,109,0
chr1:226117801-226119400,69,35,10,47,0
chr1:226352802-226354599,21,0,34,41,0
chr1:226354801-226355000,67,56,29,48,91
chr1:226355601-226357200,486,570,697,967,617
chr1:226624413-226625294,68,37,0,0,18
chr1:226803802-226807399,0,17,18,19,8
chr1:227972800-227973600,14,615,0,39,90
chr1:228163108-228163409,13,4,9,0,18
chr1:228185202-228187000,131,124,86,114,17
chr1:228191587-228192400,81,72,44,131,37
chr1:228192801-228193000,11,21,17,28,6
chr1:228194001-228195000,181,213,120,131,99
chr1:228197001-228198600,531,453,309,567,357
chr1:228420801-228421201,68,31,28,47,37
chr1:228428001-228429400,2,35,37,116,94
chr1:228433001-228433800,19,120,31,32,37
chr1:228497401-228497600,391,290,302,307,241
chr1:228498201-228498400,59,81,91,46,41
chr1:228500907-228501201,0,0,13,49,19
chr1:228503001-228504800,121,146,167,254,83
chr1:228825801-228829000,14,3,0,0,11
chr1:228889401-228889600,8,0,0,15,33
chr1:228890001-228891200,0,33,73,107,283
chr1:228930801-228931000,28,9,0,2,42
chr1:229014001-229014800,21,25,26,0,0
chr1:229661106-229661800,0,49,29,42,70
chr1:229663202-229665199,140,80,259,179,77
chr1:229666401-229666600,25,12,0,20,15
chr1:229691401-229697599,18,7,0,0,15
chr1:230299190-230302199,0,128,68,20,18
chr1:230303402-230304599,0,94,74,21,37
chr1:230548600-230550000,144,87,16,41,112
chr1:230639201-230639400,15,0,19,10,16
chr1:230901133-230901191,17,6,1,1,22
chr1:230901601-230901800,52,102,14,8,48
chr1:230902384-230902708,24,38,69,49,34
chr1:231013352-231014000,44,99,103,82,287
chr1:231315758-231316291,0,18,19,10,0
chr1:231330801-231331000,112,186,230,179,301
chr1:231357401-231360000,284,541,429,642,594
chr1:232044202-232046999,0,54,28,87,55
chr1:232050601-232051600,0,17,0,17,43
chr1:232057201-232057601,67,0,0,10,18
chr1:232084401-232085200,0,9,19,39,0
chr1:232810402-232811200,0,29,21,10,0
chr1:234368402-234370799,595,359,460,254,305
chr1:234602474-234603096,70,53,100,115,28
chr1:234610342-234611931,0,92,76,21,37
chr1:234612391-234613185,22,0,106,101,0
chr1:234624001-234625200,23,36,56,0,0
chr1:234763001-234765399,21,73,24,52,32
chr1:234941402-234947200,43,169,361,228,687
chr1:234954233-234954523,158,127,240,140,380
chr1:234954799-234955147,65,185,281,217,319
chr1:234955323-234955585,0,74,113,169,182
chr1:234955680-234956066,24,133,188,80,240
chr1:234972525-234972720,0,5,6,0,16
chr1:234973225-234973608,20,23,13,26,94
chr1:234975087-234975656,77,129,179,61,174
chr1:234977001-234977426,0,66,61,178,105
chr1:235089602-235091600,0,7,10,0,9
chr1:236065840-236066076,0,15,31,23,23
chr1:236066887-236067439,16,29,30,16,0
chr1:236287798-236288800,22,28,0,0,9
chr1:236948001-236949000,22,18,53,0,0
chr1:241925601-241927200,114,54,44,73,35
chr1:244212202-244215200,80,36,0,16,0
chr1:244226571-244226735,106,77,0,6,19
chr1:244244602-244249599,67,18,0,0,18
chr1:244250801-244257000,306,256,39,16,123
chr1:244258201-244258400,191,114,0,10,51
chr1:244280240-244280800,76,0,0,20,4
chr1:244284401-244284800,22,9,0,18,0
chr1:244311801-244312643,232,162,68,48,34
chr1:244313331-244313800,117,111,80,12,56
chr1:244314001-244316199,292,69,117,20,79
chr1:244319447-244320085,208,265,0,18,23
chr1:244322997-244323386,40,22,19,40,24
chr1:244820201-244821600,295,194,101,125,288
chr1:244824801-244825800,8,0,16,20,117
chr1:244831201-244831800,45,27,25,90,62
chr1:244957601-244958200,17,17,19,40,0
chr1:245129201-245131400,523,508,167,400,206
chr1:246702802-246710800,23,77,71,0,9
chr1:246934401-246935199,22,0,19,20,7
chr1:247173107-247173432,74,27,28,0,0
chr1:247281001-247282000,61,118,67,122,41
chr1:247289400-247289601,0,12,9,21,9
chr1:247332773-247333636,1155,2124,944,827,1308
chr1:247350202-247351400,23,75,19,21,0
chr1:247358944-247359443,0,24,38,21,0
chr1:247366202-247370200,59,233,15,38,39
chr1:247376726-247377085,14,18,0,29,0
chr1:247493001-247496200,23,19,0,21,19
chr1:248777601-248781399,90,111,115,77,180
chr1:248783201-248783800,73,0,9,13,119
chr1:248785001-248787855,98,118,43,81,171
chr1:248790602-248796200,117,129,284,220,615
chr1:248805127-248805255,0,24,26,35,41
chr1:248924002-248930200,1363,1018,1158,791,1021
chr9:2208201-2210634,40,17,0,0,36
chr9:2231835-2232600,0,28,23,0,9
chr9:2234202-2235599,0,13,62,19,19
chr9:2273601-2274200,15,8,0,51,0
chr9:2663201-2665000,2,21,9,2,0
chr9:2677401-2678800,46,0,35,102,57
chr9:2686801-2687400,0,0,35,10,18
chr9:2691201-2691800,0,12,28,0,9
chr9:2699401-2702400,22,109,106,142,18
chr9:2709800-2710201,22,0,8,14,0
chr9:3696001-3698787,104,101,95,140,20
chr9:3730400-3730801,0,18,0,39,57
chr9:3735208-3737400,45,85,39,74,8
chr9:3745802-3747400,38,44,20,69,0
chr9:3750802-3752199,20,32,35,117,38
chr9:4424002-4426799,0,51,0,19,17
chr9:4886601-4888199,16,25,152,102,103
chr9:4888401-4888600,0,5,9,33,5
chr9:4892272-4892588,133,49,116,55,59
chr9:4904001-4906000,14,63,50,62,37
chr9:4923602-4924999,0,52,108,38,38
chr9:4926802-4927999,23,18,48,0,37
chr9:4929601-4930400,107,64,27,20,3
chr9:5188201-5188601,0,9,7,0,17
chr9:5293001-5293800,62,0,76,40,0
chr9:5440801-5441600,124,191,65,41,45
chr9:5442202-5444800,112,186,119,0,38
chr9:5857602-5859600,182,182,236,176,162
chr9:5860001-5860400,35,83,71,55,101
chr9:5862601-5863801,68,18,42,0,56
chr9:5864201-5864800,9,18,0,0,35
chr9:5870800-5871200,69,22,34,9,18
chr9:5872601-5872800,9,0,9,0,9
chr9:5874401-5875000,68,32,207,86,44
chr9:5875401-5876000,41,20,122,18,44
chr9:5879593-5879782,37,28,30,9,46
chr9:6072001-6073400,201,180,106,62,94
chr9:6680822-6681975,22,35,74,22,28
chr9:7209401-7212800,178,194,242,392,29
chr9:7780200-7781000,22,40,128,17,0
chr9:7782401-7782600,0,0,8,20,8
chr9:12828601-12829000,125,185,175,147,194
chr9:12877801-12879600,26,179,38,80,38
chr9:14547123-14548399,0,18,77,20,0
chr9:14585601-14586001,10,0,19,27,0
chr9:17526601-17527000,0,36,0,38,28
chr9:17571201-17572400,23,0,57,0,17
chr9:19198601-19199400,10,0,5,9,0
chr9:21311401-21311800,22,9,0,58,7
chr9:21312201-21312600,0,27,36,20,17
chr9:21316201-21317200,44,36,19,20,69
chr9:21317802-21319000,188,217,105,156,309
chr9:21320201-21320400,67,49,57,77,122
chr9:21325001-21325200,329,277,101,215,335
chr9:22196602-22198399,118,37,0,0,6
chr9:22216709-22217625,0,45,19,14,32
chr9:26715202-26716234,20,84,56,0,51
chr9:26894401-26894800,17,13,17,20,9
chr9:27064601-27066000,291,189,238,340,157
chr9:27067401-27068400,97,107,100,224,56
chr9:27073801-27074800,67,30,160,112,139
chr9:27078401-27079200,21,44,171,0,66
chr9:27081200-27081401,44,123,181,100,150
chr9:27086602-27087999,18,11,0,20,38
chr9:27093801-27095399,0,7,18,10,5
chr9:27586295-27586755,4,0,0,6,8
chr9:28914602-28916863,43,19,0,9,0
chr9:31210401-31211600,0,17,18,30,19
chr9:31303139-31305599,11,18,0,10,0
chr9:31322601-31325999,66,53,12,0,55
chr9:31334801-31337599,37,109,78,140,76
chr9:31632973-31634399,81,20,5,40,19
chr9:31916401-31917400,58,18,52,154,113
chr9:33092601-33093000,0,0,9,17,46
chr9:33380202-33382600,10,0,15,26,0
chr9:33452202-33460199,813,584,539,727,449
chr9:33631001-33632000,0,18,19,20,18
chr9:34148601-34153600,44,12,0,6,6
chr9:34352084-34352800,0,23,30,50,9
chr9:34902162-34902524,14,42,0,10,0
chr9:34906201-34907200,0,35,16,39,37
chr9:35030000-35030400,57,23,35,47,0
chr9:35084801-35085200,256,263,275,151,56
chr9:35155801-35157599,64,256,73,73,74
chr9:35157680-35160399,57,135,62,40,118
chr9:35565801-35566000,72,41,10,44,9
chr9:35566127-35566880,189,116,49,100,102
chr9:35569001-35571400,46,32,76,91,125
chr9:35694401-35695401,313,335,758,413,580
chr9:35769983-35770352,0,0,19,15,33
chr9:35951402-35955409,54,0,66,43,0
chr9:36187202-36188399,190,202,130,40,91
chr9:36306201-36307200,362,387,80,245,181
chr9:37036647-37037014,137,258,251,43,52
chr9:37037737-37038060,243,200,210,84,188
chr9:37039801-37041400,16,0,20,19,0
chr9:37053001-37055200,13,56,142,32,38
chr9:37061401-37063000,23,0,20,19,0
chr9:37104201-37104999,15,0,14,23,0
chr9:37361401-37362200,14,32,0,31,3
chr9:37362400-37363800,23,8,51,20,19
chr9:37364001-37367000,148,124,221,309,116
chr9:37374695-37375043,0,8,13,10,0
chr9:37402002-37404799,121,17,67,0,108
chr9:37406802-37407400,41,62,0,45,11
chr9:37408943-37409707,57,46,13,73,15
chr9:38073602-38075600,0,70,76,0,94
chr9:38078201-38085399,0,8,36,39,0
chr9:38129201-38129800,0,10,15,41,0
chr9:38138801-38139600,0,155,573,750,0
chr9:38141201-38142999,0,72,331,427,0
chr9:38144001-38144825,0,70,31,39,0
chr9:38145601-38146200,0,18,19,20,0
chr9:38186202-38187399,0,18,36,13,0
chr9:38200340-38201600,43,0,0,24,9
chr9:38625801-38626800,44,36,91,0,57
chr9:39673202-39676200,152,98,22,61,33
chr9:40115201-40116000,0,3,24,20,0
chr9:40374201-40376799,23,18,13,14,12
chr9:40396001-40396800,174,37,131,96,386
chr9:40577601-40577800,0,11,7,0,13
chr9:40578201-40579400,118,334,938,469,633
chr9:40637601-40640799,23,38,52,104,15
chr9:41768601-41775399,20,41,147,36,135
chr9:42571401-42572200,32,55,0,20,46
chr9:42589401-42590600,44,0,86,0,56
chr9:42594001-42594800,21,37,0,0,37
chr9:64430601-64430800,110,0,38,92,99
chr9:64468802-64469800,104,23,85,104,109
chr9:64603801-64605400,81,19,115,291,187
chr9:65772802-65774800,23,31,27,21,19
chr9:65911401-65912800,10,11,28,72,64
chr9:66276401-66279800,45,215,246,290,237
chr9:66300401-66300800,0,18,69,33,9
chr9:66314400-66314601,0,74,39,6,0
chr9:66369601-66370000,0,17,18,14,28
chr9:66700601-66703599,130,168,57,73,142
chr9:66970601-66972600,5,31,20,21,37
chr9:67397401-67399000,0,7,0,10,7
chr9:69017802-69022799,14,12,19,20,18
chr9:69026802-69033600,10,0,17,18,0
chr9:69405401-69405600,25,0,19,0,33
chr9:70356001-70356600,22,21,9,20,14
chr9:70356801-70357600,0,36,45,41,90
chr9:70374602-70375999,0,13,39,19,0
chr9:70418471-70421162,0,42,0,76,36
chr9:70434602-70440199,0,47,7,0,34
chr9:70462201-70462601,0,4,14,0,1
chr9:70465202-70473999,0,32,89,0,32
chr9:70524401-70527199,37,54,71,41,38
chr9:71660201-71660600,0,0,20,35,24
chr9:71661402-71664843,46,16,126,154,77
chr9:71669801-71670800,0,9,38,16,0
chr9:71671801-71672000,11,11,0,11,9
chr9:71677859-71678047,0,0,15,13,1
chr9:71678323-71678500,0,9,0,20,26
chr9:72006401-72007000,0,22,25,0,23
chr9:72041402-72043400,23,19,0,0,74
chr9:72476001-72480199,0,15,0,11,20
chr9:72856002-72859199,138,268,93,99,487
chr9:72859601-72859800,79,40,48,32,123
chr9:72863801-72864000,0,26,0,19,71
chr9:72864401-72864800,0,7,44,56,52
chr9:72894201-72895056,21,45,18,10,19
chr9:73087202-73087999,54,165,98,41,49
chr9:73213202-73216999,22,0,19,0,56
chr9:75151003-75151394,11,99,82,49,197
chr9:75154801-75157400,124,50,92,204,207
chr9:75160602-75162199,16,70,170,71,123
chr9:75167001-75168001,128,253,372,231,1001
chr9:75168602-75171199,66,56,234,88,194
chr9:75176201-75176800,30,18,63,39,67
chr9:75184401-75184600,55,125,134,132,238
chr9:75185601-75186200,392,782,418,446,1172
chr9:75186401-75187200,225,82,208,77,316
chr9:75226601-75227000,39,25,9,26,36
chr9:75228880-75230599,74,60,0,21,90
chr9:75232401-75232600,22,20,9,20,42
chr9:75241601-75243400,88,50,0,0,60
chr9:75358601-75360200,4,48,50,21,115
chr9:75454002-75456600,0,0,33,21,12
chr9:76371602-76376199,75,39,17,43,0
chr9:77690001-77690600,4,18,0,0,18
chr9:78117602-78122000,19,10,11,11,0
chr9:78281001-78282399,23,0,39,39,15
chr9:78288201-78290000,37,17,96,56,22
chr9:78290601-78290800,0,4,13,12,0
chr9:78291401-78292400,167,18,101,48,131
chr9:78293001-78294000,11,0,0,31,37
chr9:80378402-80379400,22,0,7,20,0
chr9:80409002-80412599,16,17,0,78,35
chr9:80648602-80649799,0,16,0,30,1
chr9:80679001-80679600,0,38,35,20,31
chr9:80690401-80691000,17,0,0,4,18
chr9:80796601-80799399,54,0,67,30,48
chr9:81014601-81015001,0,0,30,13,1
chr9:81562002-81563999,20,34,91,105,27
chr9:81564201-81565001,38,49,92,41,12
chr9:81565401-81567201,0,46,116,85,51
chr9:81573401-81574801,67,114,67,140,96
chr9:81575001-81577199,46,104,164,161,183
chr9:81578201-81580200,20,36,104,122,72
chr9:81581201-81582400,0,18,13,35,19
chr9:81818201-81821199,22,0,19,61,0
chr9:81822202-81830199,11,77,122,228,79
chr9:83597801-83599600,0,4,29,14,0
chr9:83649001-83649799,0,0,13,10,18
chr9:83655401-83655800,0,0,18,14,88
chr9:83958601-83959800,30,0,6,50,0
chr9:85522144-85522559,0,57,3,10,77
chr9:85525402-85529800,0,37,0,77,76
chr9:85531401-85539399,1268,1850,884,684,3226
chr9:85541801-85542400,59,121,108,172,161
chr9:85543001-85543600,847,745,696,1489,1751
chr9:85858001-85858200,68,65,83,49,48
chr9:85859401-85860400,44,54,260,118,111
chr9:85860601-85861400,119,31,77,63,75
chr9:85867862-85868235,13,30,10,43,19
chr9:85871001-85872001,176,123,225,227,108
chr9:85878801-85880200,41,37,65,34,15
chr9:85914001-85914800,22,24,57,0,0
chr9:87477601-87481000,15,0,8,13,12
chr9:88372201-88372800,12,0,9,20,38
chr9:88373002-88374000,22,35,0,10,18
chr9:88377802-88380799,0,18,19,20,18
chr9:88479401-88479600,56,96,69,82,38
chr9:88888801-88891800,0,54,19,20,0
chr9:88920201-88928800,0,167,514,350,53
chr9:89225509-89227599,0,56,10,0,33
chr9:89278601-89279756,45,0,19,20,36
chr9:89285601-89286000,56,4,51,20,27
chr9:89303802-89305399,0,19,6,2,37
chr9:89310204-89310397,358,682,395,421,366
chr9:90768401-90776000,0,18,19,20,0
chr9:90900801-90901000,12,19,16,56,23
chr9:90914784-90915518,4,38,20,71,0
chr9:90921079-90921476,11,0,14,116,18
chr9:90973418-90975799,60,37,69,181,148
chr9:90978801-90979800,0,9,0,10,56
chr9:90985067-90986131,30,124,192,532,215
chr9:90986801-90987000,0,6,81,46,8
chr9:90988201-90988400,0,12,11,97,3
chr9:91059402-91062799,162,66,479,655,377
chr9:91067401-91069200,107,8,153,288,83
chr9:91070001-91070200,0,0,9,9,8
chr9:91070801-91073599,20,37,252,250,87
chr9:91074001-91075000,0,26,34,124,0
chr9:91402801-91405599,0,51,113,30,97
chr9:91429025-91429419,0,0,12,13,27
chr9:91558401-91558800,16,9,14,16,28
chr9:91995201-91995600,22,27,38,0,4
chr9:92679201-92681001,21,144,38,19,76
chr9:92705801-92706000,18,47,0,14,14
chr9:92706202-92708599,222,283,167,110,281
chr9:92796201-92796600,13,12,0,0,47
chr9:93090201-93090600,11,10,2,5,0
chr9:93118273-93118639,2,35,117,24,41
chr9:93119813-93120364,11,113,125,0,68
chr9:93120404-93120661,80,22,27,18,26
chr9:93567323-93567450,73,128,29,48,23
chr9:93572920-93573235,46,29,106,91,72
chr9:94110401-94111201,0,0,58,20,53
chr9:94111601-94111800,26,0,22,13,0
chr9:94315801-94316800,0,18,36,0,18
chr9:94330001-94331199,34,58,45,0,8
chr9:95092066-95092797,0,18,69,12,19
chr9:96877322-96877581,14,56,0,0,34
chr9:96879402-96880399,155,386,95,310,356
chr9:96883201-96886000,1554,1639,1990,1239,2034
chr9:97105201-97105799,11,37,50,0,0
chr9:97109001-97109601,20,0,87,68,0
chr9:97133601-97134400,4,0,39,30,0
chr9:97145202-97146000,0,14,19,11,0
chr9:97148401-97148851,0,0,9,10,19
chr9:97857601-97858600,0,0,38,40,33
chr9:97863401-97863800,22,9,0,20,0
chr9:97873583-97874599,347,132,340,277,242
chr9:97888201-97888600,161,115,364,229,221
chr9:97889801-97891200,689,288,1100,903,538
chr9:97895801-97896400,235,10,251,344,162
chr9:97981118-97981429,48,17,44,69,33
chr9:98021401-98023199,26,37,107,80,0
chr9:98026159-98026376,11,9,19,10,23
chr9:99155601-99156000,0,9,29,9,9
chr9:99158402-99160399,203,250,312,331,276
chr9:99167202-99174999,0,0,19,42,19
chr9:99186402-99187999,0,9,18,99,0
chr9:99201801-99202000,0,4,23,0,18
chr9:99210601-99214717,24,105,68,190,0
chr9:99234802-99237399,46,98,320,102,207
chr9:99239201-99240200,155,205,113,119,267
chr9:99243201-99245600,0,70,170,101,86
chr9:99259478-99259857,41,0,19,17,0
chr9:99393201-99393600,0,36,0,20,9
chr9:99977601-99977800,115,125,126,92,100
chr9:100356601-100358000,0,8,0,41,38
chr9:100388802-100390600,18,124,29,75,94
chr9:100394201-100396200,11,92,17,73,52
chr9:101417801-101419049,136,0,430,67,37
chr9:104738601-104738800,38,75,2,0,0
chr9:104740201-104740400,0,9,0,11,18
chr9:104740600-104741600,35,8,38,16,0
chr9:104743331-104744071,36,32,29,41,0
chr9:104932201-104932400,18,0,0,14,5
chr9:104933602-104936200,23,37,0,49,0
chr9:104936602-104937200,0,36,9,70,0
chr9:104993131-104994123,0,0,18,20,14
chr9:105835401-105837199,51,52,38,14,49
chr9:105837401-105837600,0,2,29,7,0
chr9:105837801-105838200,74,14,0,20,29
chr9:106858401-106858600,0,16,9,10,5
chr9:107273402-107277599,0,20,21,0,57
chr9:107336001-107338799,20,405,313,133,227
chr9:107340601-107341800,220,321,169,53,158
chr9:107345002-107346800,0,94,16,70,58
chr9:107496601-107497600,0,28,19,20,57
chr9:107979201-107984199,22,0,0,40,12
chr9:107987402-107995400,47,0,20,0,49
chr9:107998601-107999800,0,18,22,19,28
chr9:108000544-108003200,198,0,155,57,331
chr9:108012201-108014799,3,0,89,0,97
chr9:108016601-108017000,52,9,35,29,86
chr9:108017601-108018200,39,18,77,19,184
chr9:108020201-108020400,90,11,52,3,78
chr9:108020602-108021800,0,27,112,0,16
chr9:108070001-108070800,21,8,0,41,0
chr9:110179202-110181599,0,26,0,55,53
chr9:110183156-110183799,20,18,0,0,36
chr9:110213202-110215396,0,18,19,68,0
chr9:110867401-110868000,120,139,79,100,185
chr9:110870201-110870600,0,35,109,56,32
chr9:111039017-111039692,0,28,4,0,15
chr9:111108401-111110400,68,19,20,0,84
chr9:111682801-111684399,21,81,67,19,125
chr9:111799801-111800400,52,229,86,50,657
chr9:111804001-111807603,145,188,123,88,458
chr9:111823069-111823400,188,259,72,41,389
chr9:111828201-111828600,98,2,0,0,18
chr9:111829801-111830400,22,18,13,0,28
chr9:111848402-111855999,113,268,183,72,550
chr9:111857600-111858400,113,9,58,0,72
chr9:111863401-111864200,0,4,10,20,125
chr9:111866801-111867800,41,82,0,35,447
chr9:111874602-111876799,36,18,19,0,46
chr9:111884201-111884400,0,1,0,7,13
chr9:111890202-111893600,20,215,17,124,93
chr9:111940800-111941001,0,19,17,0,19
chr9:111943601-111946400,67,593,0,0,83
chr9:111958003-111958545,1,9,0,0,18
chr9:112008402-112016000,22,9,38,0,0
chr9:112193401-112196000,19,101,36,21,123
chr9:112203201-112204590,1167,1891,491,581,1336
chr9:112213801-112214000,16,10,6,0,9
chr9:112337201-112338200,73,298,212,111,66
chr9:112338401-112339585,40,59,4,0,48
chr9:112354401-112354600,0,23,39,10,9
chr9:112355002-112356400,192,175,201,113,38
chr9:112360201-112361200,0,130,73,69,34
chr9:112361479-112362199,45,128,88,81,81
chr9:112373602-112374735,1356,2039,811,800,1028
chr9:112724802-112728400,16,0,9,39,58
chr9:112741601-112742599,0,18,57,75,49
chr9:112743402-112744199,0,5,29,0,119
chr9:112747031-112747460,22,30,0,0,9
chr9:112894826-112895217,0,12,38,37,1
chr9:112921488-112922000,0,18,0,34,31
chr9:113624601-113625800,0,49,9,0,17
chr9:113626801-113628400,0,46,0,13,119
chr9:114315077-114315454,0,22,9,10,9
chr9:114507601-114509000,46,8,0,20,19
chr9:114522401-114522800,96,166,0,91,16
chr9:114524201-114525000,68,52,37,31,0
chr9:114525402-114526145,22,47,0,8,0
chr9:114554602-114559000,6,85,0,23,0
chr9:114559801-114560600,61,32,0,60,0
chr9:114603402-114608599,567,360,284,113,279
chr9:114652202-114654200,1890,1246,739,562,851
chr9:114690201-114692400,9,0,53,0,19
chr9:114699401-114699600,52,18,92,61,8
chr9:114818001-114818600,22,2,38,0,38
chr9:114820001-114821800,10,37,0,0,15
chr9:116405001-116405400,0,27,9,0,9
chr9:116420896-116421544,0,0,13,29,18
chr9:118362141-118362800,0,14,9,16,56
chr9:120080401-120081600,34,0,28,8,0
chr9:120383602-120385114,81,333,111,57,273
chr9:120385802-120388199,0,154,91,110,224
chr9:120899517-120900450,545,606,545,407,503
chr9:120900502-120900529,17,16,16,10,23
chr9:120940002-120943199,47,0,0,43,7
chr9:121053201-121053801,12,42,0,34,63
chr9:121057601-121058200,0,0,43,20,32
chr9:121059001-121059400,0,9,33,0,18
chr9:121059801-121060600,0,0,19,20,6
chr9:121061801-121063399,90,116,93,82,51
chr9:121067201-121068200,86,70,50,61,17
chr9:121072197-121072513,19,10,18,11,0
chr9:121333866-121336400,45,138,280,347,246
chr9:121505802-121506599,136,131,134,72,128
chr9:121508202-121509399,279,246,144,226,80
chr9:121510601-121513599,0,40,19,20,44
chr9:121528802-121530399,0,19,16,39,0
chr9:121537001-121538637,0,73,37,40,63
chr9:123106967-123107076,32,18,17,0,8
chr9:123302001-123306599,6,0,35,6,17
chr9:123315601-123319999,0,37,16,0,27
chr9:123340048-123340457,0,7,34,10,0
chr9:123343002-123346799,22,0,38,20,0
chr9:124136402-124139999,21,0,0,19,58
chr9:124141002-124147599,88,16,16,0,65
chr9:124164783-124165254,0,18,15,20,0
chr9:124171401-124175800,19,224,0,83,186
chr9:124197120-124197751,19,18,9,0,43
chr9:124221149-124221406,0,14,10,16,3
chr9:124419202-124421399,213,781,478,319,370
chr9:124423801-124424000,19,45,37,45,0
chr9:124815941-124816271,22,47,19,59,24
chr9:125369401-125371400,0,34,33,43,37
chr9:126511001-126512200,0,18,9,0,35
chr9:126719554-126720033,23,0,40,0,7
chr9:126856001-126856599,0,18,0,20,18
chr9:127410201-127413600,340,1001,492,651,725
chr9:127414801-127415800,50,161,77,183,64
chr9:127417184-127417400,0,14,1,0,21
chr9:127779232-127779712,107,395,29,130,218
chr9:127783109-127783529,0,18,9,36,20
chr9:127792201-127792400,587,373,518,422,306
chr9:127865557-127865919,27,45,75,83,159
chr9:127906713-127907081,57,244,108,357,127
chr9:127919353-127919812,132,471,171,252,115
chr9:128136802-128138400,57,37,4,26,63
chr9:128408872-128409400,41,77,19,6,11
chr9:128697601-128698364,11,36,19,32,0
chr9:129383578-129383872,0,0,4,19,9
chr9:129460807-129461380,0,18,24,21,18
chr9:129541202-129546400,70,37,0,0,6
chr9:129756002-129759200,19,19,20,47,0
chr9:129885800-129886135,12,54,9,22,17
chr9:130048201-130048600,11,0,14,14,0
chr9:130707085-130708200,1511,1252,584,1086,681
chr9:130890600-130891000,0,10,19,5,33
chr9:131237709-131238249,73,80,19,79,11
chr9:131238660-131238951,65,104,49,50,59
chr9:131247401-131247800,86,158,21,38,154
chr9:131252621-131253049,34,0,0,2,7
chr9:131256380-131256774,29,0,6,34,16
chr9:131281168-131281384,121,141,92,39,18
chr9:131533602-131536999,152,57,263,152,50
chr9:131538202-131540800,38,69,92,21,55
chr9:131561802-131562600,34,61,0,67,0
chr9:131573601-131573800,36,31,66,13,16
chr9:132365201-132374999,117,119,112,66,48
chr9:133184201-133186600,14,64,6,19,65
chr9:133188151-133188689,0,11,19,10,18
chr9:133233402-133235199,121,319,249,136,92
chr9:133237469-133237792,0,10,33,10,0
chr9:133491002-133493399,21,0,67,81,23
chr9:133493802-133496399,0,0,155,314,194
chr9:133497202-133500200,0,36,64,73,37
chr9:134010002-134011599,0,7,36,30,25
chr9:134092402-134093296,0,44,19,20,0
chr9:134165373-134165681,25,18,0,53,15
chr9:134167401-134168200,19,84,81,103,171
chr9:134223001-134224000,22,36,100,122,194
chr9:134224202-134227200,0,36,118,73,127
chr9:134227601-134228400,21,9,52,58,28
chr9:134234401-134237000,0,15,0,60,19
chr9:134241802-134246199,46,16,111,531,285
chr9:134456096-134456695,0,18,0,35,5
chr9:134460222-134460471,11,9,18,27,20
chr9:134462601-134463400,20,0,56,47,29
chr9:134468601-134470200,21,19,28,104,15
chr9:134490802-134493199,46,37,0,42,17
chr9:134496451-134497373,22,18,0,55,0
chr9:134858001-134859800,0,17,0,41,13
chr9:134863941-134864800,172,306,426,557,473
chr9:134875201-134876400,0,18,51,84,0
chr9:134889601-134890000,97,147,162,214,183
chr9:134890801-134892599,21,164,132,222,184
chr9:134896186-134896434,20,2,11,44,38
chr9:134944002-134945400,37,18,23,20,0
chr9:135438401-135439599,8,18,24,0,19
chr9:135440283-135442600,0,121,17,22,66
chr9:135925401-135926200,229,627,173,55,207
chr9:135926401-135928599,388,942,226,298,318
chr9:136550466-136550649,64,87,33,17,80
chr9:136551442-136551635,16,44,25,15,77
chr9:136552246-136552385,6,46,31,82,14
chr9:136568074-136568199,11,12,3,5,19
chr9:136618584-136619042,17,135,97,34,75
chr9:136619156-136619452,0,235,0,44,35
chr9:136619726-136620110,21,222,17,35,58
chr9:136634601-136636200,153,35,67,104,179
chr9:136643565-136643701,0,14,5,0,5
chr9:136643868-136644158,34,24,6,46,12
chr9:136701385-136701619,30,14,14,0,18
chr9:136843321-136843497,22,20,18,18,8
chr9:136962699-136962946,8,13,0,6,0
chr9:137117802-137119799,0,70,68,81,14
chr9:137129417-137129993,629,654,258,214,171
chr9:137223136-137223909,95,230,72,127,251
chr9:137238142-137238262,14,0,6,11,0
chr9:137240245-137240521,83,56,43,23,18
chr9:137248618-137248839,0,7,3,1,0
chr9:137580155-137580800,0,65,28,41,37
chr8:211601-212600,402,614,836,619,1158
chr8:479200-480200,0,32,13,32,0
chr8:564001-566199,0,0,19,20,19
chr8:604050-604664,76,0,0,6,62
chr8:610001-610600,42,48,18,51,59
chr8:610801-611600,33,3,47,20,87
chr8:613601-614201,189,81,470,261,460
chr8:1739675-1739845,0,23,1,0,55
chr8:1740601-1740800,36,28,19,20,62
chr8:1745043-1745213,11,3,0,0,32
chr8:1745408-1745876,11,18,34,16,15
chr8:1965402-1968800,40,37,0,0,46
chr8:2180002-2184599,0,16,17,18,0
chr8:2193801-2196799,0,58,0,20,18
chr8:2202201-2204000,21,56,84,14,49
chr8:2882763-2882878,21,22,0,31,7
chr8:2915802-2919800,0,53,20,59,24
chr8:6767245-6769200,0,18,19,42,19
chr8:6952402-6958599,27,0,47,0,7
chr8:7223801-7225200,10,18,3,20,19
chr8:7248400-7249600,133,0,0,40,152
chr8:7590000-7590801,77,0,38,18,18
chr8:8263601-8264400,22,9,36,0,0
chr8:8388801-8391999,9,0,24,13,15
chr8:8516602-8521600,22,18,0,0,12
chr8:8529802-8531999,23,0,39,0,19
chr8:8720801-8722600,83,0,25,19,0
chr8:8903973-8904801,11,19,0,37,0
chr8:8926802-8927600,264,105,82,28,201
chr8:8928801-8931800,875,1194,400,313,483
chr8:8935425-8935737,19,43,0,22,23
chr8:8939802-8943200,167,74,69,221,84
chr8:8945401-8946400,76,14,49,32,9
chr8:8946801-8947400,17,8,61,28,0
chr8:8949602-8950599,107,68,163,127,71
chr8:8950801-8951599,65,97,212,150,71
chr8:8988001-8988200,105,61,27,55,61
chr8:8988601-8990000,29,6,0,9,20
chr8:8992002-8996399,276,240,22,89,109
chr8:9121601-9124999,20,95,90,69,144
chr8:9125401-9125800,22,0,19,35,15
chr8:9134129-9134533,43,140,61,46,328
chr8:9135264-9135590,16,46,9,42,241
chr8:10878801-10879800,22,36,10,14,37
chr8:11336601-11337218,5,17,1,26,9
chr8:11840401-11841800,328,392,380,232,120
chr8:11898432-11898652,18,0,5,10,25
chr8:11958266-11959600,0,0,10,10,16
chr8:12209001-12210600,23,19,22,0,37
chr8:12211202-12213599,129,192,106,159,146
chr8:12215401-12216401,20,18,54,20,36
chr8:12440001-12440800,0,0,19,5,37
chr8:12757512-12758241,87,56,52,10,39
chr8:13075601-13077801,36,45,11,53,90
chr8:13080201-13082199,41,36,55,0,12
chr8:15788801-15789401,3,0,0,13,38
chr8:17018802-17019200,0,18,9,0,57
chr8:18036258-18036649,1,18,43,51,126
chr8:18037001-18037200,25,16,64,0,17
chr8:18045601-18046600,179,51,261,108,486
chr8:19398802-19400399,2,23,20,71,75
chr8:19766602-19768799,0,37,16,20,0
chr8:19857801-19858438,22,0,19,20,0
chr8:20228601-20228800,105,62,180,129,150
chr8:21421001-21422399,184,231,1024,273,195
chr8:21626001-21629600,366,17,173,136,714
chr8:21635002-21638999,0,0,20,10,34
chr8:21666202-21668799,0,3,33,10,16
chr8:21670897-21677599,50,0,110,200,159
chr8:21678002-21685799,35,0,109,233,165
chr8:21686402-21688199,64,17,18,61,0
chr8:21854001-21854600,11,0,0,17,9
chr8:21855801-21866000,702,360,220,193,483
chr8:22038201-22038600,41,91,42,48,40
chr8:22040401-22040800,168,224,316,90,301
chr8:23118801-23122800,6908,17745,16450,20412,28439
chr8:23129001-23130599,0,19,16,93,13
chr8:23177120-23177439,11,57,6,0,0
chr8:23235801-23237399,23,0,61,91,0
chr8:23263601-23263800,948,318,324,165,508
chr8:23501402-23503600,23,0,22,20,85
chr8:23518896-23519262,18,54,0,0,9
chr8:23527765-23528157,45,145,49,27,146
chr8:23577602-23579800,88,299,587,746,1617
chr8:23605654-23606435,0,29,3,80,327
chr8:24244602-24245800,44,0,0,22,16
chr8:24263801-24264235,18,11,0,0,18
chr8:24268802-24273999,326,126,158,105,123
chr8:24276202-24278200,0,19,20,48,0
chr8:25508601-25510201,86,79,99,80,35
chr8:25515002-25516799,21,46,13,95,0
chr8:26373801-26374800,0,13,0,20,18
chr8:26670454-26671199,0,18,29,30,0
chr8:26734801-26735600,0,27,0,20,18
chr8:26737600-26738000,80,198,190,164,233
chr8:26743801-26744000,53,42,94,64,35
chr8:27280402-27282399,487,647,485,151,246
chr8:27593330-27593449,0,0,10,18,5
chr8:27594990-27595101,24,19,8,30,9
chr8:28244802-28245400,39,64,9,0,0
chr8:28759801-28761000,0,8,36,109,65
chr8:30019002-30021599,46,0,29,35,25
chr8:30056001-30061000,74,18,101,156,68
chr8:30088477-30088851,16,9,25,45,5
chr8:30214601-30217400,20,23,0,15,17
chr8:30363602-30365000,0,18,96,24,19
chr8:30380438-30380794,0,21,21,24,18
chr8:30575201-30576491,112,61,218,175,149
chr8:33352001-33354600,19,56,0,7,0
chr8:37412801-37413200,0,15,27,20,0
chr8:37583001-37585000,56,126,101,78,0
chr8:37590974-37591277,0,52,19,0,49
chr8:37856001-37857000,22,29,0,101,37
chr8:37912202-37914000,10,17,18,24,4
chr8:37924202-37926399,23,0,19,0,16
chr8:38219890-38220207,232,121,217,159,300
chr8:38891402-38892999,23,35,0,34,9
chr8:38899913-38900607,74,32,113,79,180
chr8:40523402-40525599,0,66,0,32,19
chr8:40953801-40955400,505,245,38,208,313
chr8:40983002-40985399,0,20,9,35,26
chr8:41076602-41080199,16,17,18,0,0
chr8:41925601-41926400,17,0,93,65,54
chr8:42172801-42174000,26,138,100,130,62
chr8:42409801-42410200,22,21,62,0,44
chr8:43134401-43134600,28,40,20,35,62
chr8:47743368-47744359,25,44,23,61,3
chr8:47764202-47766061,119,251,193,106,76
chr8:47766801-47767200,42,34,44,37,27
chr8:48073602-48076599,80,18,26,0,0
chr8:51953602-51955800,102,139,55,59,19
chr8:52616001-52617600,23,17,101,41,9
chr8:54030802-54033999,57,182,56,117,83
chr8:54038601-54038800,15,1,0,10,2
chr8:54156960-54157799,54,6,111,78,67
chr8:54159131-54159263,0,13,5,34,35
chr8:54159962-54160209,21,0,59,64,37
chr8:54208802-54214200,210,387,0,80,0
chr8:54219716-54220103,4,18,0,14,0
chr8:54397401-54397600,7,31,2,14,0
chr8:54400602-54401400,0,90,14,41,0
chr8:54412201-54414200,0,12,0,21,9
chr8:54414800-54415400,0,0,17,16,1
chr8:54442801-54444400,0,103,56,49,9
chr8:55835001-55836001,22,64,0,0,11
chr8:55849401-55850001,22,70,3,27,85
chr8:55851140-55852457,43,43,62,68,70
chr8:55852602-55854999,35,58,112,136,98
chr8:55855802-55857800,152,321,81,122,239
chr8:55865831-55866017,11,44,7,32,49
chr8:55868201-55868400,0,61,19,0,133
chr8:55871001-55872799,72,481,237,183,375
chr8:55878872-55879224,111,530,149,138,221
chr8:56018601-56020200,69,161,77,93,37
chr8:56220201-56221000,377,309,467,404,419
chr8:58217601-58218600,22,17,19,0,17
chr8:58220602-58221800,17,58,0,37,85
chr8:58309401-58311000,21,0,10,0,71
chr8:58320001-58322599,23,44,39,0,42
chr8:58453202-58453800,0,71,82,69,112
chr8:58545201-58547199,113,19,20,0,37
chr8:58663801-58664400,21,0,20,7,15
chr8:58788802-58792399,21,17,18,14,0
chr8:58798099-58798417,7,9,0,0,19
chr8:59970401-59973000,42,53,105,38,71
chr8:60871402-60874999,123,131,398,278,184
chr8:60875401-60876200,79,0,17,60,69
chr8:60973601-60977199,21,0,45,63,0
chr8:60978402-60985608,183,105,229,254,72
chr8:60992401-60993999,117,29,144,52,19
chr8:60996202-61000799,151,72,187,374,132
chr8:61009601-61010800,14,0,44,66,0
chr8:61011601-61015599,83,102,228,168,89
chr8:61028602-61030000,37,34,37,9,27
chr8:61032001-61038200,269,113,252,328,30
chr8:63224402-63227600,62,31,32,21,39
chr8:64585799-64586458,70,9,0,42,0
chr8:65595201-65597800,470,509,813,579,574
chr8:65877202-65880000,96,37,17,0,38
chr8:65944524-65944865,0,0,63,12,14
chr8:65948564-65948886,0,15,6,12,11
chr8:65950092-65950897,22,0,31,89,0
chr8:65978401-65985000,543,707,268,215,98
chr8:65997802-66003199,226,223,68,58,0
chr8:66007601-66011200,21,0,18,0,17
chr8:67349001-67353400,111,69,0,29,32
chr8:67414401-67417800,0,0,77,83,42
chr8:67418401-67420400,23,0,0,57,37
chr8:69978802-69980999,23,8,2,20,0
chr8:70540001-70542600,124,224,39,123,136
chr8:70546401-70546800,22,8,0,0,5
chr8:70556602-70559799,9,54,40,34,55
chr8:70564546-70565999,0,54,37,82,74
chr8:72144001-72144626,41,0,3,0,14
chr8:74032402-74034999,505,964,475,317,1067
chr8:74211001-74211400,11,37,16,30,10
chr8:77015001-77015600,0,46,19,61,18
chr8:78610601-78611268,45,14,41,47,0
chr8:78612601-78613400,93,32,41,40,17
chr8:78972600-78973201,20,9,9,0,0
chr8:80528201-80530000,0,32,208,56,51
chr8:80531601-80532000,0,30,39,73,37
chr8:80955602-80958821,9,35,0,0,80
chr8:81123001-81123400,19,0,16,20,0
chr8:81173601-81175200,23,27,48,60,277
chr8:81183401-81183800,8,34,0,14,191
chr8:81185002-81195199,0,37,12,41,280
chr8:81225601-81230799,93,88,119,233,1778
chr8:81249201-81251000,0,28,38,0,215
chr8:81337801-81342199,0,0,39,29,16
chr8:81345402-81355599,15,74,0,166,0
chr8:81597401-81599400,23,4,20,0,0
chr8:81641378-81641915,121,123,89,107,145
chr8:81760973-81761212,16,18,9,26,49
chr8:85491371-85492399,0,46,15,62,8
chr8:89545802-89547399,0,157,32,82,95
chr8:89796002-89797999,44,87,111,38,289
chr8:89855201-89857243,21,0,77,38,0
chr8:89857430-89859229,45,0,77,19,0
chr8:89861801-89862600,34,84,19,35,56
chr8:89876801-89877676,0,0,10,20,1
chr8:89887418-89887770,236,93,22,41,117
chr8:89889519-89889727,42,6,19,0,92
chr8:89892002-89892999,993,1015,540,448,1183
chr8:89894001-89894200,52,111,140,162,64
chr8:89895401-89896000,61,125,157,130,115
chr8:89896601-89897847,151,16,150,208,119
chr8:90987801-90988001,0,18,0,10,79
chr8:91099842-91100036,0,0,28,40,9
chr8:92105201-92106800,19,56,50,21,93
chr8:93132001-93133400,10,0,40,36,0
chr8:93190001-93192200,19,91,39,0,19
chr8:93821990-93823199,34,42,273,70,64
chr8:93824000-93824201,0,11,64,30,19
chr8:93931201-93938000,20,0,17,18,8
chr8:94058002-94061800,0,0,14,20,9
chr8:94065401-94066400,0,0,10,35,28
chr8:94574001-94575799,215,120,75,85,71
chr8:95159001-95159800,0,18,9,20,21
chr8:95162201-95171399,68,22,93,0,45
chr8:96337967-96338335,16,29,63,21,12
chr8:96353001-96353601,0,0,21,16,9
chr8:96354401-96354600,0,6,8,19,0
chr8:96355001-96355200,8,8,4,10,0
chr8:96364801-96366000,79,18,12,0,0
chr8:96612602-96615200,0,0,19,21,38
chr8:97155202-97156800,0,54,182,67,43
chr8:97170401-97171399,31,71,584,66,189
chr8:97173801-97174600,74,259,499,314,360
chr8:97179601-97182841,1658,1889,1867,1492,3828
chr8:97251401-97252000,0,2,0,9,33
chr8:97256201-97257200,68,74,53,20,0
chr8:97258802-97261799,22,0,19,40,44
chr8:97265200-97265800,0,0,19,20,16
chr8:97760001-97760801,22,19,38,20,0
chr8:97761201-97764800,59,83,18,19,31
chr8:97855201-97857200,17,0,58,0,42
chr8:98050000-98050200,6,25,23,39,2
chr8:98361602-98363199,0,37,20,26,0
chr8:98366554-98369000,3,29,0,39,18
chr8:100506838-100506957,8,14,19,18,6
chr8:100915503-100915824,70,79,52,62,82
chr8:101095001-101100200,31,25,79,42,38
chr8:101103201-101104600,46,233,217,228,52
chr8:101117202-101120200,157,518,293,289,93
chr8:101171002-101174399,1368,517,2890,1393,997
chr8:102127985-102129908,0,37,19,0,76
chr8:102415001-102417099,3,33,18,19,76
chr8:102435802-102437599,45,17,11,0,0
chr8:102517401-102518600,0,13,35,35,0
chr8:102647001-102647200,49,39,144,253,116
chr8:102647389-102648186,273,160,385,408,402
chr8:102712801-102713600,11,1,68,0,8
chr8:102729541-102730027,0,44,64,15,35
chr8:102742201-102743799,0,19,0,2,37
chr8:102767001-102772200,15,25,19,0,0
chr8:102773401-102777599,106,132,26,11,0
chr8:102822802-102824399,11,0,46,28,37
chr8:103393201-103395000,134,236,306,210,267
chr8:103396400-103397001,54,35,134,136,51
chr8:108193600-108195200,124,163,81,21,131
chr8:108551001-108551400,17,9,19,7,18
chr8:109082270-109083660,45,49,10,62,19
chr8:109138201-109139000,0,27,19,20,0
chr8:109140001-109141200,0,55,108,21,143
chr8:109146001-109147400,0,0,58,20,15
chr8:109179200-109179600,17,0,0,19,18
chr8:109181201-109182200,0,54,29,17,18
chr8:109190201-109190800,22,46,18,0,0
chr8:109228202-109230599,28,35,88,71,65
chr8:109346797-109347400,108,18,26,20,55
chr8:109570401-109572199,0,37,96,0,13
chr8:115058601-115058800,11,83,0,10,9
chr8:117602002-117603999,11,252,38,103,89
chr8:117608557-117611399,0,41,18,19,39
chr8:117618802-117621199,0,23,6,6,5
chr8:117668802-117673007,31,15,58,17,26
chr8:117678200-117678601,41,6,0,2,37
chr8:117706401-117707600,0,18,19,19,10
chr8:117715001-117715800,0,37,87,0,18
chr8:117718601-117719000,18,0,20,18,0
chr8:117729602-117732399,0,0,56,19,27
chr8:118912365-118914999,0,9,20,0,9
chr8:119677401-119678800,10,18,0,0,50
chr8:119681001-119681600,19,54,0,0,50
chr8:119729201-119730200,20,0,13,0,24
chr8:120058801-120059000,21,61,79,98,118
chr8:120378400-120379000,55,89,32,28,38
chr8:121127201-121131799,20,0,11,0,57
chr8:121238200-121239200,13,0,8,0,16
chr8:121338402-121340094,22,0,0,20,21
chr8:122988052-122989599,23,13,0,21,19
chr8:123485001-123485400,0,17,19,10,0
chr8:123486202-123488600,0,46,18,78,0
chr8:123817801-123819599,21,50,0,61,47
chr8:124251358-124258599,43,35,9,19,0
chr8:124280148-124281000,11,0,38,20,0
chr8:124292727-124292857,0,0,14,46,23
chr8:124298201-124298600,79,37,68,49,100
chr8:124299756-124300599,36,60,99,110,119
chr8:124767355-124768173,1,0,3,3,3
chr8:124801201-124810400,27,44,245,287,206
chr8:125370802-125372412,43,125,81,74,120
chr8:125373002-125374800,277,302,210,251,301
chr8:125378745-125380727,17,127,113,24,19
chr8:125618602-125625600,73,17,44,0,26
chr8:125630001-125631400,23,0,17,0,13
chr8:127642601-127644401,37,13,59,95,110
chr8:129745801-129746200,28,73,26,0,0
chr8:130036772-130038600,32,28,18,0,38
chr8:130042185-130042588,29,3,19,0,0
chr8:131896002-131897599,88,93,20,0,19
chr8:131899401-131900799,0,90,0,13,19
chr8:132014801-132017000,9,0,39,47,0
chr8:132496201-132497600,0,0,53,26,83
chr8:132861001-132862999,0,0,7,21,54
chr8:133144034-133144563,42,22,9,10,12
chr8:133145018-133145299,0,27,0,21,10
chr8:133154401-133155400,40,36,67,19,61
chr8:133156601-133159000,208,175,149,361,260
chr8:133159637-133163599,0,82,50,80,74
chr8:133164001-133164800,0,15,2,44,73
chr8:133165801-133166200,152,102,69,59,102
chr8:133591801-133592399,35,32,89,60,35
chr8:133605601-133606599,0,0,19,40,22
chr8:134472001-134472600,57,54,86,20,13
chr8:134751732-134751936,10,15,0,0,16
chr8:134814402-134816999,23,25,0,81,0
chr8:134821401-134822000,0,18,19,6,18
chr8:134827002-134827400,0,18,18,7,3
chr8:135452143-135453200,0,18,18,0,18
chr8:140479001-140480800,0,17,0,19,17
chr8:140491402-140493199,67,17,57,41,38
chr8:140644002-140647599,0,8,36,19,17
chr8:141093615-141093802,0,14,6,0,9
chr8:141203002-141204600,112,75,91,39,79
chr8:141205338-141206270,68,73,56,83,55
chr8:141338402-141339799,0,17,46,163,113
chr8:141379601-141381600,23,48,0,24,0
chr8:142618897-142619010,4,0,0,2,4
chr8:143025356-143025519,37,72,61,83,21
chr8:143031269-143031557,451,536,359,236,309
chr8:143032105-143033130,743,1004,970,235,502
chr8:143166601-143172200,0,13,0,15,48
chr8:143178602-143184999,19,54,16,34,31
chr8:143197001-143198200,262,18,115,81,173
chr8:143303001-143303200,4,10,13,12,6
chr8:143846601-143847200,103,46,79,10,42
chr8:143849802-143850599,514,279,315,250,408
chr8:143880961-143882200,22,46,18,28,10
chr8:143902297-143904799,393,387,286,234,240
chr8:143905801-143906752,0,23,58,20,17
chr8:143911801-143912400,11,0,38,20,18
chr8:143912601-143913000,22,0,51,0,18
chr8:144088401-144089000,22,18,0,13,0
chr8:144090601-144091000,0,18,74,26,0
chr8:144091200-144091601,0,3,9,2,0
chr8:144691001-144692800,16,133,18,17,29
chr8:144819601-144820400,11,44,48,10,42
chr8:144823801-144824000,27,0,29,25,15
chr8:144824401-144824801,0,0,15,25,2
chr8:144826355-144826920,24,124,43,42,71
chr8:144921001-144921600,0,0,25,18,4
chr8:145029202-145030999,21,21,18,41,0
